=== Build (9-node) ===
Log file: /home/lxl/k8s/lxl/20260416_181413_214/build.log
Image distribution mode: preload
Cluster nodes:
  seed-k3s-master -> 192.168.122.110
  seed-k3s-worker1 -> 192.168.122.111
  seed-k3s-worker2 -> 192.168.122.112
  seed-k3s-worker3 -> 192.168.122.113
  seed-k3s-worker4 -> 192.168.122.114
  seed-k3s-worker5 -> 192.168.122.115
  seed-k3s-worker6 -> 192.168.122.116
  seed-k3s-worker7 -> 192.168.122.117
  seed-k3s-worker8 -> 192.168.122.118
Checking registry availability on master...
Uploading to master...
[build_images] preparing base-image dummies
+ seedemu_build_and_push 192.168.122.110:5000/brdnode_1277_r2:latest ./brdnode_1277_r2
+ seedemu_build_and_push 192.168.122.110:5000/brdnode_1277_r3:latest ./brdnode_1277_r3
+ seedemu_build_and_push 192.168.122.110:5000/brdnode_1277_r4:latest ./brdnode_1277_r4
+ seedemu_build_and_push 192.168.122.110:5000/brdnode_1277_r5:latest ./brdnode_1277_r5
+ seedemu_build_and_push 192.168.122.110:5000/brdnode_1277_r7:latest ./brdnode_1277_r7
+ seedemu_build_and_push 192.168.122.110:5000/brdnode_1277_r6:latest ./brdnode_1277_r6
+ seedemu_build_and_push 192.168.122.110:5000/brdnode_1277_r8:latest ./brdnode_1277_r8
+ seedemu_build_and_push 192.168.122.110:5000/brdnode_1277_r9:latest ./brdnode_1277_r9
#0 building with "default" instance using docker driver

#1 [internal] load build definition from Dockerfile
#1 transferring dockerfile: 884B done
#1 DONE 0.0s

#2 [internal] load metadata for docker.io/library/39e016aa9e819f203ebc1809245a5818:latest
#0 building with "default" instance using docker driver

#1 [internal] load build definition from Dockerfile
#1 transferring dockerfile: 884B done
#1 DONE 0.0s

#2 [internal] load metadata for docker.io/library/39e016aa9e819f203ebc1809245a5818:latest
#0 building with "default" instance using docker driver

#1 [internal] load build definition from Dockerfile
#1 transferring dockerfile: 884B done
#1 DONE 0.0s

#2 [internal] load metadata for docker.io/library/39e016aa9e819f203ebc1809245a5818:latest
#0 building with "default" instance using docker driver

#1 [internal] load build definition from Dockerfile
#1 transferring dockerfile: 884B done
#1 DONE 0.0s

#2 [internal] load metadata for docker.io/library/39e016aa9e819f203ebc1809245a5818:latest
#0 building with "default" instance using docker driver

#1 [internal] load build definition from Dockerfile
#1 transferring dockerfile: 884B done
#1 DONE 0.0s

#2 [internal] load metadata for docker.io/library/39e016aa9e819f203ebc1809245a5818:latest
#0 building with "default" instance using docker driver

#1 [internal] load build definition from Dockerfile
#1 transferring dockerfile: 884B done
#1 DONE 0.0s

#2 [internal] load metadata for docker.io/library/39e016aa9e819f203ebc1809245a5818:latest
#0 building with "default" instance using docker driver

#1 [internal] load build definition from Dockerfile
#1 transferring dockerfile: 884B done
#1 DONE 0.0s

#2 [internal] load metadata for docker.io/library/39e016aa9e819f203ebc1809245a5818:latest
#0 building with "default" instance using docker driver

#1 [internal] load build definition from Dockerfile
#1 transferring dockerfile: 884B done
#1 DONE 0.0s

#2 [internal] load metadata for docker.io/library/39e016aa9e819f203ebc1809245a5818:latest
#2 DONE 2.0s
#2 DONE 2.0s
#2 DONE 2.0s
#2 DONE 2.0s
#2 DONE 2.0s
#2 DONE 2.0s
#2 DONE 2.0s
#2 DONE 2.0s

#3 [internal] load .dockerignore
#3 transferring context: 2B done
#3 DONE 0.0s

#4 [ 1/16] FROM docker.io/library/39e016aa9e819f203ebc1809245a5818:latest@sha256:43a6b8a656b4d087c7baad939091f8a4e19bfade899129aaa2d7fd409433266e
#4 resolve docker.io/library/39e016aa9e819f203ebc1809245a5818:latest@sha256:43a6b8a656b4d087c7baad939091f8a4e19bfade899129aaa2d7fd409433266e 0.0s done
#4 DONE 0.0s

#5 [internal] load build context
#5 transferring context: 6.74kB done
#5 DONE 0.0s

#3 [internal] load .dockerignore
#3 transferring context: 2B done
#3 DONE 0.0s

#4 [internal] load build context
#4 transferring context: 7.56kB done
#4 DONE 0.0s

#5 [ 1/16] FROM docker.io/library/39e016aa9e819f203ebc1809245a5818:latest@sha256:43a6b8a656b4d087c7baad939091f8a4e19bfade899129aaa2d7fd409433266e
#5 resolve docker.io/library/39e016aa9e819f203ebc1809245a5818:latest@sha256:43a6b8a656b4d087c7baad939091f8a4e19bfade899129aaa2d7fd409433266e 0.0s done
#5 DONE 0.0s

#3 [internal] load .dockerignore
#3 transferring context: 2B done
#3 DONE 0.0s

#4 [ 1/16] FROM docker.io/library/39e016aa9e819f203ebc1809245a5818:latest@sha256:43a6b8a656b4d087c7baad939091f8a4e19bfade899129aaa2d7fd409433266e
#4 resolve docker.io/library/39e016aa9e819f203ebc1809245a5818:latest@sha256:43a6b8a656b4d087c7baad939091f8a4e19bfade899129aaa2d7fd409433266e 0.0s done
#4 DONE 0.0s

#5 [internal] load build context
#5 transferring context: 7.56kB done
#5 DONE 0.0s

#3 [internal] load .dockerignore
#3 transferring context: 2B done
#3 DONE 0.0s

#4 [ 1/16] FROM docker.io/library/39e016aa9e819f203ebc1809245a5818:latest@sha256:43a6b8a656b4d087c7baad939091f8a4e19bfade899129aaa2d7fd409433266e
#4 resolve docker.io/library/39e016aa9e819f203ebc1809245a5818:latest@sha256:43a6b8a656b4d087c7baad939091f8a4e19bfade899129aaa2d7fd409433266e 0.0s done
#4 DONE 0.0s

#5 [internal] load build context
#5 transferring context: 28.79kB done
#5 DONE 0.0s

#3 [internal] load .dockerignore
#3 transferring context: 2B done
#3 DONE 0.0s

#4 [ 1/16] FROM docker.io/library/39e016aa9e819f203ebc1809245a5818:latest@sha256:43a6b8a656b4d087c7baad939091f8a4e19bfade899129aaa2d7fd409433266e
#4 resolve docker.io/library/39e016aa9e819f203ebc1809245a5818:latest@sha256:43a6b8a656b4d087c7baad939091f8a4e19bfade899129aaa2d7fd409433266e 0.0s done
#4 DONE 0.0s

#5 [internal] load build context
#5 transferring context: 7.56kB done
#5 DONE 0.0s

#3 [internal] load .dockerignore
#3 transferring context: 2B done
#3 DONE 0.0s

#4 [ 1/16] FROM docker.io/library/39e016aa9e819f203ebc1809245a5818:latest@sha256:43a6b8a656b4d087c7baad939091f8a4e19bfade899129aaa2d7fd409433266e
#4 resolve docker.io/library/39e016aa9e819f203ebc1809245a5818:latest@sha256:43a6b8a656b4d087c7baad939091f8a4e19bfade899129aaa2d7fd409433266e 0.0s done
#4 DONE 0.0s

#5 [internal] load build context
#5 transferring context: 6.74kB done
#5 DONE 0.0s

#3 [internal] load .dockerignore
#3 transferring context: 2B done
#3 DONE 0.0s

#4 [ 1/16] FROM docker.io/library/39e016aa9e819f203ebc1809245a5818:latest@sha256:43a6b8a656b4d087c7baad939091f8a4e19bfade899129aaa2d7fd409433266e
#4 resolve docker.io/library/39e016aa9e819f203ebc1809245a5818:latest@sha256:43a6b8a656b4d087c7baad939091f8a4e19bfade899129aaa2d7fd409433266e 0.0s done
#4 DONE 0.0s

#5 [internal] load build context
#5 transferring context: 6.74kB done
#5 DONE 0.0s

#3 [internal] load .dockerignore
#3 transferring context: 2B done
#3 DONE 0.0s

#4 [ 1/16] FROM docker.io/library/39e016aa9e819f203ebc1809245a5818:latest@sha256:43a6b8a656b4d087c7baad939091f8a4e19bfade899129aaa2d7fd409433266e
#4 resolve docker.io/library/39e016aa9e819f203ebc1809245a5818:latest@sha256:43a6b8a656b4d087c7baad939091f8a4e19bfade899129aaa2d7fd409433266e 0.0s done
#4 DONE 0.0s

#5 [internal] load build context
#5 transferring context: 6.74kB done
#5 DONE 0.0s

#6 [ 6/16] COPY 365d27384adc9719099d1f63f2d15824 /root/.zshrc.pre
#6 CACHED

#7 [ 2/16] RUN apt-get update && apt-get install -y --no-install-recommends netcat-openbsd
#7 CACHED

#8 [ 4/16] RUN touch /usr/share/doc/bird2/examples/bird.conf
#8 CACHED

#9 [ 9/16] COPY 17ac2d812a99a91e7f747e1defb72a29 /seedemu_worker
#9 CACHED

#10 [10/16] RUN chmod +x /start.sh
#10 CACHED

#11 [11/16] RUN chmod +x /seedemu_sniffer
#11 CACHED

#12 [ 3/16] RUN mkdir -p /usr/share/doc/bird2/examples/
#12 CACHED

#13 [ 7/16] COPY 082b96ec819c95ae773daebde675ef80 /start.sh
#13 CACHED

#14 [ 8/16] COPY d18858afc6bb66ec3a19d872077acfd2 /seedemu_sniffer
#14 CACHED

#15 [ 5/16] COPY 92872f20cfb75af4e3e1c588b00d6484 /replace_address.sh
#15 CACHED

#16 [12/16] RUN chmod +x /seedemu_worker


#6 [14/16] COPY e01e36443f9f72c6204189260d0bd276 /ifinfo.txt
#6 CACHED

#7 [ 2/16] RUN apt-get update && apt-get install -y --no-install-recommends netcat-openbsd
#7 CACHED

#8 [ 3/16] RUN mkdir -p /usr/share/doc/bird2/examples/
#6 [11/16] RUN chmod +x /seedemu_sniffer
#8 CACHED

#9 [ 5/16] COPY 92872f20cfb75af4e3e1c588b00d6484 /replace_address.sh
#6 CACHED
#9 CACHED

#10 [ 7/16] COPY 082b96ec819c95ae773daebde675ef80 /start.sh

#10 CACHED

#11 [ 6/16] COPY 365d27384adc9719099d1f63f2d15824 /root/.zshrc.pre
#7 [ 4/16] RUN touch /usr/share/doc/bird2/examples/bird.conf
#11 CACHED
#7 CACHED


#12 [ 4/16] RUN touch /usr/share/doc/bird2/examples/bird.conf
#12 CACHED
#8 [ 6/16] COPY 365d27384adc9719099d1f63f2d15824 /root/.zshrc.pre

#13 [ 8/16] COPY d18858afc6bb66ec3a19d872077acfd2 /seedemu_sniffer
#8 CACHED
#13 CACHED


#14 [ 9/16] COPY 17ac2d812a99a91e7f747e1defb72a29 /seedemu_worker
#14 CACHED
#9 [ 9/16] COPY 17ac2d812a99a91e7f747e1defb72a29 /seedemu_worker

#15 [13/16] COPY 2b0ae038330eccd43095538618caee7d /etc/bird/bird.conf
#9 CACHED
#15 CACHED


#16 [10/16] RUN chmod +x /start.sh
#16 CACHED

#10 [13/16] COPY 2b0ae038330eccd43095538618caee7d /etc/bird/bird.conf
#17 [11/16] RUN chmod +x /seedemu_sniffer
#17 CACHED
#10 CACHED

#18 [12/16] RUN chmod +x /seedemu_worker

#18 CACHED
#11 [10/16] RUN chmod +x /start.sh

#19 [15/16] COPY d3d51fdf7f4bad30dc5db560a01ce629 /interface_setup
#11 CACHED

#12 [12/16] RUN chmod +x /seedemu_worker
#12 CACHED

#13 [ 2/16] RUN apt-get update && apt-get install -y --no-install-recommends netcat-openbsd
#13 CACHED

#14 [ 3/16] RUN mkdir -p /usr/share/doc/bird2/examples/
#14 CACHED

#15 [ 8/16] COPY d18858afc6bb66ec3a19d872077acfd2 /seedemu_sniffer
#15 CACHED

#16 [14/16] COPY e01e36443f9f72c6204189260d0bd276 /ifinfo.txt
#16 CACHED

#17 [ 5/16] COPY 92872f20cfb75af4e3e1c588b00d6484 /replace_address.sh
#17 CACHED

#18 [ 7/16] COPY 082b96ec819c95ae773daebde675ef80 /start.sh
#18 CACHED

#19 [15/16] COPY d3d51fdf7f4bad30dc5db560a01ce629 /interface_setup
#16 CACHED

#17 [13/16] COPY 2b0ae038330eccd43095538618caee7d /etc/bird/bird.conf

#6 [ 2/16] RUN apt-get update && apt-get install -y --no-install-recommends netcat-openbsd
#6 CACHED

#7 [ 4/16] RUN touch /usr/share/doc/bird2/examples/bird.conf
#7 CACHED

#8 [11/16] RUN chmod +x /seedemu_sniffer
#8 CACHED

#9 [12/16] RUN chmod +x /seedemu_worker
#9 CACHED

#10 [ 6/16] COPY 365d27384adc9719099d1f63f2d15824 /root/.zshrc.pre
#10 CACHED

#11 [10/16] RUN chmod +x /start.sh
#11 CACHED

#12 [ 7/16] COPY 082b96ec819c95ae773daebde675ef80 /start.sh
#12 CACHED

#13 [ 9/16] COPY 17ac2d812a99a91e7f747e1defb72a29 /seedemu_worker
#13 CACHED

#14 [14/16] COPY e01e36443f9f72c6204189260d0bd276 /ifinfo.txt
#14 CACHED

#15 [ 3/16] RUN mkdir -p /usr/share/doc/bird2/examples/
#15 CACHED

#16 [ 5/16] COPY 92872f20cfb75af4e3e1c588b00d6484 /replace_address.sh
#16 CACHED

#17 [ 8/16] COPY d18858afc6bb66ec3a19d872077acfd2 /seedemu_sniffer
#17 CACHED

#18 [13/16] COPY 2b0ae038330eccd43095538618caee7d /etc/bird/bird.conf
#18 CACHED

#19 [15/16] COPY d3d51fdf7f4bad30dc5db560a01ce629 /interface_setup

#6 [13/16] COPY 2b0ae038330eccd43095538618caee7d /etc/bird/bird.conf
#6 CACHED

#7 [ 3/16] RUN mkdir -p /usr/share/doc/bird2/examples/
#7 CACHED

#8 [ 4/16] RUN touch /usr/share/doc/bird2/examples/bird.conf
#8 CACHED

#9 [ 9/16] COPY 17ac2d812a99a91e7f747e1defb72a29 /seedemu_worker
#9 CACHED

#10 [10/16] RUN chmod +x /start.sh
#10 CACHED

#11 [14/16] COPY e01e36443f9f72c6204189260d0bd276 /ifinfo.txt
#11 CACHED

#12 [ 2/16] RUN apt-get update && apt-get install -y --no-install-recommends netcat-openbsd
#12 CACHED

#13 [ 5/16] COPY 92872f20cfb75af4e3e1c588b00d6484 /replace_address.sh
#13 CACHED

#14 [ 6/16] COPY 365d27384adc9719099d1f63f2d15824 /root/.zshrc.pre
#14 CACHED

#15 [11/16] RUN chmod +x /seedemu_sniffer
#15 CACHED

#16 [12/16] RUN chmod +x /seedemu_worker
#16 CACHED

#17 [ 7/16] COPY 082b96ec819c95ae773daebde675ef80 /start.sh
#17 CACHED

#18 [ 8/16] COPY d18858afc6bb66ec3a19d872077acfd2 /seedemu_sniffer
#18 CACHED

#19 [15/16] COPY d3d51fdf7f4bad30dc5db560a01ce629 /interface_setup

#6 [ 8/16] COPY d18858afc6bb66ec3a19d872077acfd2 /seedemu_sniffer
#6 CACHED

#7 [ 9/16] COPY 17ac2d812a99a91e7f747e1defb72a29 /seedemu_worker
#7 CACHED

#8 [14/16] COPY e01e36443f9f72c6204189260d0bd276 /ifinfo.txt
#8 CACHED

#9 [ 3/16] RUN mkdir -p /usr/share/doc/bird2/examples/
#9 CACHED

#10 [ 4/16] RUN touch /usr/share/doc/bird2/examples/bird.conf
#10 CACHED

#11 [ 6/16] COPY 365d27384adc9719099d1f63f2d15824 /root/.zshrc.pre
#11 CACHED

#12 [ 7/16] COPY 082b96ec819c95ae773daebde675ef80 /start.sh
#12 CACHED


#13 [11/16] RUN chmod +x /seedemu_sniffer
#13 CACHED

#14 [ 5/16] COPY 92872f20cfb75af4e3e1c588b00d6484 /replace_address.sh
#14 CACHED

#6 [ 7/16] COPY 082b96ec819c95ae773daebde675ef80 /start.sh
#15 [13/16] COPY 2b0ae038330eccd43095538618caee7d /etc/bird/bird.conf
#6 CACHED
#15 CACHED


#16 [ 2/16] RUN apt-get update && apt-get install -y --no-install-recommends netcat-openbsd
#7 [ 8/16] COPY d18858afc6bb66ec3a19d872077acfd2 /seedemu_sniffer
#16 CACHED
#7 CACHED


#17 [10/16] RUN chmod +x /start.sh
#17 CACHED
#8 [ 9/16] COPY 17ac2d812a99a91e7f747e1defb72a29 /seedemu_worker

#8 CACHED
#18 [12/16] RUN chmod +x /seedemu_worker

#18 CACHED
#9 [ 6/16] COPY 365d27384adc9719099d1f63f2d15824 /root/.zshrc.pre
#9 CACHED


#10 [11/16] RUN chmod +x /seedemu_sniffer
#19 [15/16] COPY d3d51fdf7f4bad30dc5db560a01ce629 /interface_setup
#10 CACHED

#11 [12/16] RUN chmod +x /seedemu_worker
#11 CACHED

#12 [14/16] COPY e01e36443f9f72c6204189260d0bd276 /ifinfo.txt
#12 CACHED

#13 [10/16] RUN chmod +x /start.sh
#13 CACHED

#14 [13/16] COPY 2b0ae038330eccd43095538618caee7d /etc/bird/bird.conf
#14 CACHED

#15 [ 2/16] RUN apt-get update && apt-get install -y --no-install-recommends netcat-openbsd
#15 CACHED

#16 [ 3/16] RUN mkdir -p /usr/share/doc/bird2/examples/
#16 CACHED

#17 [ 4/16] RUN touch /usr/share/doc/bird2/examples/bird.conf
#17 CACHED

#18 [ 5/16] COPY 92872f20cfb75af4e3e1c588b00d6484 /replace_address.sh
#18 CACHED

#19 [15/16] COPY d3d51fdf7f4bad30dc5db560a01ce629 /interface_setup

#6 [ 9/16] COPY 17ac2d812a99a91e7f747e1defb72a29 /seedemu_worker
#6 CACHED

#7 [10/16] RUN chmod +x /start.sh
#7 CACHED

#8 [14/16] COPY e01e36443f9f72c6204189260d0bd276 /ifinfo.txt
#8 CACHED

#9 [ 4/16] RUN touch /usr/share/doc/bird2/examples/bird.conf
#9 CACHED

#10 [ 6/16] COPY 365d27384adc9719099d1f63f2d15824 /root/.zshrc.pre
#10 CACHED

#11 [11/16] RUN chmod +x /seedemu_sniffer
#11 CACHED

#12 [ 8/16] COPY d18858afc6bb66ec3a19d872077acfd2 /seedemu_sniffer
#12 CACHED

#13 [13/16] COPY 2b0ae038330eccd43095538618caee7d /etc/bird/bird.conf
#13 CACHED

#14 [ 2/16] RUN apt-get update && apt-get install -y --no-install-recommends netcat-openbsd
#14 CACHED

#15 [ 3/16] RUN mkdir -p /usr/share/doc/bird2/examples/
#15 CACHED

#16 [ 5/16] COPY 92872f20cfb75af4e3e1c588b00d6484 /replace_address.sh
#16 CACHED

#17 [ 7/16] COPY 082b96ec819c95ae773daebde675ef80 /start.sh
#17 CACHED

#18 [12/16] RUN chmod +x /seedemu_worker
#18 CACHED

#19 [15/16] COPY d3d51fdf7f4bad30dc5db560a01ce629 /interface_setup
#19 CACHED

#20 [16/16] COPY 8e9a384ab59c7626a3ffab63886cc30f /etc/bird/conf/kernel.conf
#19 CACHED

#20 [16/16] COPY 8e9a384ab59c7626a3ffab63886cc30f /etc/bird/conf/kernel.conf
#19 CACHED

#20 [16/16] COPY 8e9a384ab59c7626a3ffab63886cc30f /etc/bird/conf/kernel.conf
#19 CACHED

#20 [16/16] COPY 8e9a384ab59c7626a3ffab63886cc30f /etc/bird/conf/kernel.conf
#19 CACHED

#20 [16/16] COPY 8e9a384ab59c7626a3ffab63886cc30f /etc/bird/conf/kernel.conf
#19 CACHED

#20 [16/16] COPY 8e9a384ab59c7626a3ffab63886cc30f /etc/bird/conf/kernel.conf
#19 CACHED

#20 [16/16] COPY 8e9a384ab59c7626a3ffab63886cc30f /etc/bird/conf/kernel.conf
#20 DONE 1.0s
#20 DONE 1.0s
#17 DONE 1.0s
#20 DONE 1.0s
#20 DONE 1.0s
#20 DONE 1.0s
#20 DONE 1.0s
#20 DONE 1.0s

#21 exporting to image
#21 exporting layers

#21 exporting to image
#21 exporting layers

#18 [14/16] COPY e01e36443f9f72c6204189260d0bd276 /ifinfo.txt

#21 exporting to image
#21 exporting layers

#21 exporting to image
#21 exporting layers

#21 exporting to image
#21 exporting layers

#21 exporting to image
#21 exporting layers

#21 exporting to image
#21 exporting layers
#21 exporting layers 0.3s done
#21 exporting layers 0.3s done
#21 exporting layers 0.3s done
#21 exporting layers 0.3s done
#21 exporting layers 0.3s done
#21 exporting layers 0.3s done
#21 exporting layers 0.3s done
#18 DONE 0.4s
#21 exporting manifest sha256:37fe036b4b714726f41e581348e73331e5b13d7f587d18ac6ca20c1cfca7c561 0.0s done
#21 exporting config sha256:936b95ea77515c1efd457af45f40d8d2df6dd6bed52d517f8a2b1455548fb5be 0.1s done
#21 exporting manifest sha256:88b76779b7251ea1761b1080a961943e0817de9026e75baab0f94aae3c90da40 0.1s done
#21 exporting config sha256:459768db87066b2b4cc568fda3a6ddb22a9f1f5feb21e3cbe75dc6520277413c 0.1s done
#21 exporting manifest sha256:78c61da7b5ef02d1b464d483c9def0de0f9b19ad98fbcd47f0978a34db00a473 0.1s done
#21 exporting config sha256:280d7f338b7ccd29689e7284f30f6df70799ff101f03e91b3aa0bf2bb45ca9c8 0.1s done
#21 exporting manifest sha256:ccf7a800d00479d9eb98f08f71520a5e4c3763a9021187dbec5e608120fa305f 0.1s done
#21 exporting config sha256:18ce92de48855f926a7f76a4a73a57e6248c24a40352a61a61afd58c86819505 0.1s done
#21 exporting manifest sha256:764468d530128cdbc2c6fb8855746a2acea591a9d0c66cb0833032eaae0cc1de 0.1s done
#21 exporting config sha256:855a29f4302d33c93e38496c4a560229563b29c7773400f9436b8723a4749446 0.1s done
#21 exporting manifest sha256:d19e97f3921ef89110f53531b38f8bd1e4f5dcd76c4f9402d80419115a9cd89f 0.1s done
#21 exporting config sha256:cf6fa9e87e246d89343325e67b7325082c2cd208516e750ea7fa068a477f5a2a 0.1s done
#21 exporting manifest sha256:f6ff39dee1ef42a8158757f339f76b26f2dcf38acfaaf52aaf77b82c1beefdae 0.1s done
#21 exporting config sha256:0535548b3af1e3a90f3ce371c2e34c9fa90bf20e09e0da6bd00698fea0d3eee0 0.1s done

#19 [15/16] COPY d3d51fdf7f4bad30dc5db560a01ce629 /interface_setup
#19 DONE 0.2s
#21 exporting attestation manifest sha256:9ba19752bd1ee5b3073f53fe5101bdd4cb6476fe42f7336fa36c639cd6f8a8e4 0.1s done
#21 exporting manifest list sha256:e8686d2c5194264c0a7356b0cfa1e3c3e09e85e99349deaf5069ffa5ad9ba351
#21 exporting attestation manifest sha256:863c315dd660780f19e38050db0e2a75364a680836a979b3123fad00edb07368 0.1s done
#21 exporting manifest list sha256:64a5222b00042a6773f33b0c465c01db271ac7629b92b43d0920aadf393c84ad
#21 exporting attestation manifest sha256:577131bb5b1387907964529d706312404743c5e1d91482d05dfc7cd9a802d10f 0.1s done
#21 exporting manifest list sha256:b08cb443de4a7d8f20e3510aa0c9325291e4b3f8ed7539a1d2c275e0c7e4b496
#21 exporting attestation manifest sha256:00ff6a26eeeaa8eaabd8f8cf1dfaa188eaf99593c3f629d2232a7c4b33b64c4d 0.1s done
#21 exporting manifest list sha256:db221b6cc228f6009c28115e8b1697c9c3cbe9046aad0392711f70c6594a51e8
#21 exporting attestation manifest sha256:c9db9567153465416b48d8b60a4d84417ea3bde9106764da3113b810a94a5324 0.1s done
#21 exporting manifest list sha256:a1e7d924269ab5cfca06ce9408c3f4a4862019e6048c98a746fd8f3de931f181
#21 exporting attestation manifest sha256:11dac5ea25d60a14ea32bffe088a88c185f83d40d7a8e3a053a9e9ffb2885c61 0.1s done
#21 exporting manifest list sha256:5855be72e17f7538e63cb5991ea0e9bec25674eb784c0bfb86c89e1168e00d85
#21 exporting attestation manifest sha256:8522fe4bb06f9e487a0bdeddcf3db05af7432f8c3263ac212e709b00407cde59 0.1s done
#21 exporting manifest list sha256:89c8863dfdb573d1bf61d7d9636205ce86bdf051e64280d704ea71674bedbc31

#20 [16/16] COPY 8e9a384ab59c7626a3ffab63886cc30f /etc/bird/conf/kernel.conf
#20 DONE 0.2s
#21 exporting manifest list sha256:e8686d2c5194264c0a7356b0cfa1e3c3e09e85e99349deaf5069ffa5ad9ba351 0.1s done
#21 naming to 192.168.122.110:5000/brdnode_1277_r5:latest 0.0s done
#21 unpacking to 192.168.122.110:5000/brdnode_1277_r5:latest 0.1s done
#21 exporting manifest list sha256:64a5222b00042a6773f33b0c465c01db271ac7629b92b43d0920aadf393c84ad 0.1s done
#21 naming to 192.168.122.110:5000/brdnode_1277_r6:latest 0.0s done
#21 unpacking to 192.168.122.110:5000/brdnode_1277_r6:latest 0.1s done
#21 exporting manifest list sha256:b08cb443de4a7d8f20e3510aa0c9325291e4b3f8ed7539a1d2c275e0c7e4b496 0.1s done
#21 naming to 192.168.122.110:5000/brdnode_1277_r9:latest 0.0s done
#21 unpacking to 192.168.122.110:5000/brdnode_1277_r9:latest 0.1s done
#21 exporting manifest list sha256:db221b6cc228f6009c28115e8b1697c9c3cbe9046aad0392711f70c6594a51e8 0.1s done
#21 naming to 192.168.122.110:5000/brdnode_1277_r4:latest 0.0s done
#21 unpacking to 192.168.122.110:5000/brdnode_1277_r4:latest 0.1s done
#21 exporting manifest list sha256:a1e7d924269ab5cfca06ce9408c3f4a4862019e6048c98a746fd8f3de931f181 0.1s done
#21 naming to 192.168.122.110:5000/brdnode_1277_r3:latest 0.0s done
#21 unpacking to 192.168.122.110:5000/brdnode_1277_r3:latest 0.1s done
#21 exporting manifest list sha256:89c8863dfdb573d1bf61d7d9636205ce86bdf051e64280d704ea71674bedbc31 0.1s done
#21 naming to 192.168.122.110:5000/brdnode_1277_r7:latest done
#21 unpacking to 192.168.122.110:5000/brdnode_1277_r7:latest 0.1s done
#21 exporting manifest list sha256:5855be72e17f7538e63cb5991ea0e9bec25674eb784c0bfb86c89e1168e00d85 0.1s done
#21 naming to 192.168.122.110:5000/brdnode_1277_r8:latest 0.0s done
#21 unpacking to 192.168.122.110:5000/brdnode_1277_r8:latest 0.1s done

#21 exporting to image
#21 exporting layers
#21 DONE 1.1s
#21 DONE 1.1s
#21 exporting layers 0.3s done
#21 DONE 1.1s
#21 DONE 1.1s
#21 DONE 1.1s
#21 DONE 1.1s
#21 DONE 1.1s
#21 exporting manifest sha256:ccf08148db8516e2c6fc5680c923c54c78082021a263b0db18293b330191d9fb 0.0s done
#21 exporting config sha256:7c934575e1342fa42eb118c6217b59cba092f7c2c828c146a93e918250d747c8 0.1s done
#21 exporting attestation manifest sha256:89c6eac74e3995b8af1e866bde48d52d8bfb61ff31a28fa860e5820f8d6a5cc0
#21 exporting attestation manifest sha256:89c6eac74e3995b8af1e866bde48d52d8bfb61ff31a28fa860e5820f8d6a5cc0 0.0s done
#21 exporting manifest list sha256:88d02ba0019daaf546a058bd31df081cec2cfa048741aabba2c9b409a77e20f1 0.0s done
#21 naming to 192.168.122.110:5000/brdnode_1277_r2:latest done
#21 unpacking to 192.168.122.110:5000/brdnode_1277_r2:latest 0.1s done
#21 DONE 0.7s
+ seedemu_build_and_push 192.168.122.110:5000/brdnode_1277_r10:latest ./brdnode_1277_r10
+ seedemu_build_and_push 192.168.122.110:5000/brdnode_1277_r12:latest ./brdnode_1277_r12
+ seedemu_build_and_push 192.168.122.110:5000/brdnode_1277_r13:latest ./brdnode_1277_r13
+ seedemu_build_and_push 192.168.122.110:5000/brdnode_1277_r14:latest ./brdnode_1277_r14
+ seedemu_build_and_push 192.168.122.110:5000/brdnode_1277_r16:latest ./brdnode_1277_r16
+ seedemu_build_and_push 192.168.122.110:5000/brdnode_1277_r18:latest ./brdnode_1277_r18
+ seedemu_build_and_push 192.168.122.110:5000/brdnode_1277_r17:latest ./brdnode_1277_r17
+ seedemu_build_and_push 192.168.122.110:5000/brdnode_1277_r19:latest ./brdnode_1277_r19
#0 building with "default" instance using docker driver

#1 [internal] load build definition from Dockerfile
#1 transferring dockerfile: 884B done
#1 DONE 0.0s

#2 [internal] load metadata for docker.io/library/39e016aa9e819f203ebc1809245a5818:latest
#2 DONE 0.0s

#3 [internal] load .dockerignore
#3 transferring context: 2B done
#3 DONE 0.0s

#4 [internal] load build context
#4 transferring context: 7.57kB done
#4 DONE 0.0s

#5 [ 1/16] FROM docker.io/library/39e016aa9e819f203ebc1809245a5818:latest@sha256:43a6b8a656b4d087c7baad939091f8a4e19bfade899129aaa2d7fd409433266e
#5 resolve docker.io/library/39e016aa9e819f203ebc1809245a5818:latest@sha256:43a6b8a656b4d087c7baad939091f8a4e19bfade899129aaa2d7fd409433266e 0.0s done
#5 DONE 0.0s
#0 building with "default" instance using docker driver

#0 building with "default" instance using docker driver

#1 [internal] load build definition from Dockerfile
#1 [internal] load build definition from Dockerfile
#1 DONE 0.0s
#1 DONE 0.0s
#0 building with "default" instance using docker driver

#1 [internal] load build definition from Dockerfile
#1 DONE 0.0s

#6 [ 2/16] RUN apt-get update && apt-get install -y --no-install-recommends netcat-openbsd
#6 CACHED

#7 [ 4/16] RUN touch /usr/share/doc/bird2/examples/bird.conf
#7 CACHED

#8 [10/16] RUN chmod +x /start.sh
#8 CACHED

#9 [12/16] RUN chmod +x /seedemu_worker
#9 CACHED

#10 [13/16] COPY 2b0ae038330eccd43095538618caee7d /etc/bird/bird.conf
#10 CACHED

#11 [ 6/16] COPY 365d27384adc9719099d1f63f2d15824 /root/.zshrc.pre
#11 CACHED

#12 [14/16] COPY e01e36443f9f72c6204189260d0bd276 /ifinfo.txt
#12 CACHED

#13 [ 3/16] RUN mkdir -p /usr/share/doc/bird2/examples/
#13 CACHED

#14 [ 5/16] COPY 92872f20cfb75af4e3e1c588b00d6484 /replace_address.sh
#14 CACHED

#15 [ 9/16] COPY 17ac2d812a99a91e7f747e1defb72a29 /seedemu_worker
#15 CACHED

#16 [ 7/16] COPY 082b96ec819c95ae773daebde675ef80 /start.sh
#16 CACHED

#17 [ 8/16] COPY d18858afc6bb66ec3a19d872077acfd2 /seedemu_sniffer
#17 CACHED

#18 [11/16] RUN chmod +x /seedemu_sniffer
#18 CACHED

#19 [15/16] COPY d3d51fdf7f4bad30dc5db560a01ce629 /interface_setup
#0 building with "default" instance using docker driver

#1 [internal] load build definition from Dockerfile
#1 DONE 0.0s
#0 building with "default" instance using docker driver

#1 [internal] load build definition from Dockerfile
#1 DONE 0.0s
#0 building with "default" instance using docker driver

#1 [internal] load build definition from Dockerfile
#1 DONE 0.0s
#0 building with "default" instance using docker driver

#1 [internal] load build definition from Dockerfile
#1 DONE 0.0s

#1 [internal] load build definition from Dockerfile
#1 transferring dockerfile: 884B done

#1 DONE 0.0s

#1 [internal] load build definition from Dockerfile
#2 [internal] load metadata for docker.io/library/39e016aa9e819f203ebc1809245a5818:latest
#2 DONE 0.0s

#3 [internal] load .dockerignore
#1 transferring dockerfile: 884B done
#1 DONE 0.0s

#2 [internal] load metadata for docker.io/library/39e016aa9e819f203ebc1809245a5818:latest
#2 DONE 0.0s

#3 [internal] load .dockerignore

#1 [internal] load build definition from Dockerfile
#1 transferring dockerfile: 884B done
#1 DONE 0.0s

#2 [internal] load metadata for docker.io/library/39e016aa9e819f203ebc1809245a5818:latest
#2 DONE 0.0s

#3 [internal] load .dockerignore

#1 [internal] load build definition from Dockerfile
#1 transferring dockerfile: 884B done
#1 DONE 0.1s

#2 [internal] load metadata for docker.io/library/39e016aa9e819f203ebc1809245a5818:latest

#1 [internal] load build definition from Dockerfile
#1 transferring dockerfile: 884B done
#1 DONE 0.0s

#2 [internal] load metadata for docker.io/library/39e016aa9e819f203ebc1809245a5818:latest
#2 DONE 0.0s

#3 [internal] load .dockerignore
#3 transferring context:

#1 [internal] load build definition from Dockerfile
#1 transferring dockerfile: 884B done
#1 DONE 0.1s

#2 [internal] load metadata for docker.io/library/39e016aa9e819f203ebc1809245a5818:latest
#2 DONE 0.1s

#1 [internal] load build definition from Dockerfile
#1 transferring dockerfile: 884B done
#1 DONE 0.1s

#2 [internal] load metadata for docker.io/library/39e016aa9e819f203ebc1809245a5818:latest
#2 DONE 0.0s
#19 CACHED

#20 [16/16] COPY 8e9a384ab59c7626a3ffab63886cc30f /etc/bird/conf/kernel.conf
#3 transferring context: 2B done
#3 DONE 0.1s

#4 [ 1/16] FROM docker.io/library/39e016aa9e819f203ebc1809245a5818:latest@sha256:43a6b8a656b4d087c7baad939091f8a4e19bfade899129aaa2d7fd409433266e
#4 resolve docker.io/library/39e016aa9e819f203ebc1809245a5818:latest@sha256:43a6b8a656b4d087c7baad939091f8a4e19bfade899129aaa2d7fd409433266e 0.0s done
#4 DONE 0.0s

#5 [internal] load build context
#3 transferring context: 2B done
#3 DONE 0.1s

#4 [ 1/16] FROM docker.io/library/39e016aa9e819f203ebc1809245a5818:latest@sha256:43a6b8a656b4d087c7baad939091f8a4e19bfade899129aaa2d7fd409433266e
#4 resolve docker.io/library/39e016aa9e819f203ebc1809245a5818:latest@sha256:43a6b8a656b4d087c7baad939091f8a4e19bfade899129aaa2d7fd409433266e 0.0s done
#4 DONE 0.0s
#3 transferring context: 2B done
#3 DONE 0.1s

#4 [ 1/16] FROM docker.io/library/39e016aa9e819f203ebc1809245a5818:latest@sha256:43a6b8a656b4d087c7baad939091f8a4e19bfade899129aaa2d7fd409433266e
#4 resolve docker.io/library/39e016aa9e819f203ebc1809245a5818:latest@sha256:43a6b8a656b4d087c7baad939091f8a4e19bfade899129aaa2d7fd409433266e 0.0s done
#4 DONE 0.0s

#5 [internal] load build context
#5 DONE 0.0s
#2 DONE 0.0s

#3 [internal] load .dockerignore
#3 transferring context: 2B done
#3 DONE 0.1s
#3 transferring context: 2B done
#3 DONE 0.0s

#4 [ 1/16] FROM docker.io/library/39e016aa9e819f203ebc1809245a5818:latest@sha256:43a6b8a656b4d087c7baad939091f8a4e19bfade899129aaa2d7fd409433266e
#4 resolve docker.io/library/39e016aa9e819f203ebc1809245a5818:latest@sha256:43a6b8a656b4d087c7baad939091f8a4e19bfade899129aaa2d7fd409433266e 0.0s done
#4 DONE 0.0s

#5 [internal] load build context

#3 [internal] load .dockerignore
#3 transferring context: 2B done
#3 DONE 0.1s

#3 [internal] load .dockerignore
#3 transferring context: 2B done
#3 DONE 0.1s
#5 transferring context: 7.58kB done
#5 DONE 0.1s

#5 [internal] load build context

#5 [internal] load build context

#4 [ 1/16] FROM docker.io/library/39e016aa9e819f203ebc1809245a5818:latest@sha256:43a6b8a656b4d087c7baad939091f8a4e19bfade899129aaa2d7fd409433266e
#4 resolve docker.io/library/39e016aa9e819f203ebc1809245a5818:latest@sha256:43a6b8a656b4d087c7baad939091f8a4e19bfade899129aaa2d7fd409433266e 0.0s done
#4 DONE 0.0s

#5 [internal] load build context

#4 [ 1/16] FROM docker.io/library/39e016aa9e819f203ebc1809245a5818:latest@sha256:43a6b8a656b4d087c7baad939091f8a4e19bfade899129aaa2d7fd409433266e
#4 resolve docker.io/library/39e016aa9e819f203ebc1809245a5818:latest@sha256:43a6b8a656b4d087c7baad939091f8a4e19bfade899129aaa2d7fd409433266e 0.0s done
#4 DONE 0.0s

#5 [internal] load build context
#5 transferring context: 6.76kB done
#5 DONE 0.1s
#20 DONE 0.5s

#4 [ 1/16] FROM docker.io/library/39e016aa9e819f203ebc1809245a5818:latest@sha256:43a6b8a656b4d087c7baad939091f8a4e19bfade899129aaa2d7fd409433266e
#4 resolve docker.io/library/39e016aa9e819f203ebc1809245a5818:latest@sha256:43a6b8a656b4d087c7baad939091f8a4e19bfade899129aaa2d7fd409433266e 0.0s done
#4 DONE 0.0s
#5 transferring context: 7.58kB done
#5 DONE 0.2s
#5 transferring context: 7.58kB done
#5 DONE 0.2s
#5 transferring context: 7.58kB done
#5 DONE 0.2s
#5 transferring context: 7.58kB done
#5 DONE 0.1s

#21 exporting to image
#21 exporting layers 0.1s done
#21 exporting manifest sha256:d69ef80bcb73998c0f5107eefaaa96822135281416dca0fe5c0afef920a1c996 0.0s done
#21 exporting config sha256:f0d0694f9dc2359df51509ae96cb55d6f44eb209540ec75f4a31ab89bac4df32
#21 exporting config sha256:f0d0694f9dc2359df51509ae96cb55d6f44eb209540ec75f4a31ab89bac4df32 0.0s done
#21 exporting attestation manifest sha256:e5ac8ce05c9250c1e1da68be136788a334d784102296a7894c60d3eb398a3af3 0.0s done
#21 exporting manifest list sha256:0f96a6d4273dfca66aef21c08fe9c7d9caf23588f6f24049155af1e7a98d7678 0.0s done
#21 naming to 192.168.122.110:5000/brdnode_1277_r10:latest done
#21 unpacking to 192.168.122.110:5000/brdnode_1277_r10:latest 0.1s done
#21 DONE 0.3s
+ seedemu_build_and_push 192.168.122.110:5000/brdnode_1277_r20:latest ./brdnode_1277_r20

#6 [11/16] RUN chmod +x /seedemu_sniffer
#6 CACHED

#7 [14/16] COPY e01e36443f9f72c6204189260d0bd276 /ifinfo.txt
#7 CACHED

#8 [ 4/16] RUN touch /usr/share/doc/bird2/examples/bird.conf
#8 CACHED

#9 [10/16] RUN chmod +x /start.sh
#9 CACHED

#10 [ 6/16] COPY 365d27384adc9719099d1f63f2d15824 /root/.zshrc.pre
#10 CACHED

#11 [ 7/16] COPY 082b96ec819c95ae773daebde675ef80 /start.sh
#11 CACHED

#12 [12/16] RUN chmod +x /seedemu_worker
#12 CACHED

#13 [13/16] COPY 2b0ae038330eccd43095538618caee7d /etc/bird/bird.conf
#13 CACHED

#14 [ 2/16] RUN apt-get update && apt-get install -y --no-install-recommends netcat-openbsd
#14 CACHED

#15 [ 3/16] RUN mkdir -p /usr/share/doc/bird2/examples/
#15 CACHED

#16 [ 8/16] COPY d18858afc6bb66ec3a19d872077acfd2 /seedemu_sniffer
#16 CACHED

#17 [ 9/16] COPY 17ac2d812a99a91e7f747e1defb72a29 /seedemu_worker
#17 CACHED

#18 [ 5/16] COPY 92872f20cfb75af4e3e1c588b00d6484 /replace_address.sh
#18 CACHED

#19 [15/16] COPY d3d51fdf7f4bad30dc5db560a01ce629 /interface_setup

#6 [12/16] RUN chmod +x /seedemu_worker
#6 CACHED

#7 [ 2/16] RUN apt-get update && apt-get install -y --no-install-recommends netcat-openbsd
#7 CACHED

#8 [ 5/16] COPY 92872f20cfb75af4e3e1c588b00d6484 /replace_address.sh
#8 CACHED

#9 [ 8/16] COPY d18858afc6bb66ec3a19d872077acfd2 /seedemu_sniffer
#9 CACHED

#10 [14/16] COPY e01e36443f9f72c6204189260d0bd276 /ifinfo.txt
#10 CACHED

#11 [ 6/16] COPY 365d27384adc9719099d1f63f2d15824 /root/.zshrc.pre
#11 CACHED

#12 [ 7/16] COPY 082b96ec819c95ae773daebde675ef80 /start.sh
#12 CACHED

#13 [ 9/16] COPY 17ac2d812a99a91e7f747e1defb72a29 /seedemu_worker
#13 CACHED

#14 [10/16] RUN chmod +x /start.sh
#14 CACHED

#15 [13/16] COPY 2b0ae038330eccd43095538618caee7d /etc/bird/bird.conf
#15 CACHED

#16 [11/16] RUN chmod +x /seedemu_sniffer
#16 CACHED

#17 [ 3/16] RUN mkdir -p /usr/share/doc/bird2/examples/
#17 CACHED

#18 [ 4/16] RUN touch /usr/share/doc/bird2/examples/bird.conf
#18 CACHED

#19 [15/16] COPY d3d51fdf7f4bad30dc5db560a01ce629 /interface_setup

#6 [ 4/16] RUN touch /usr/share/doc/bird2/examples/bird.conf
#6 CACHED

#7 [10/16] RUN chmod +x /start.sh
#7 CACHED

#8 [ 5/16] COPY 92872f20cfb75af4e3e1c588b00d6484 /replace_address.sh

#8 CACHED


#9 [ 3/16] RUN mkdir -p /usr/share/doc/bird2/examples/
#6 [ 3/16] RUN mkdir -p /usr/share/doc/bird2/examples/
#6 [14/16] COPY e01e36443f9f72c6204189260d0bd276 /ifinfo.txt
#9 CACHED
#6 CACHED
#6 CACHED



#7 [ 4/16] RUN touch /usr/share/doc/bird2/examples/bird.conf
#10 [ 6/16] COPY 365d27384adc9719099d1f63f2d15824 /root/.zshrc.pre
#7 CACHED
#7 [ 4/16] RUN touch /usr/share/doc/bird2/examples/bird.conf

#10 CACHED
#8 [10/16] RUN chmod +x /start.sh
#8 CACHED
#7 CACHED



#9 [ 5/16] COPY 92872f20cfb75af4e3e1c588b00d6484 /replace_address.sh
#11 [ 7/16] COPY 082b96ec819c95ae773daebde675ef80 /start.sh
#9 CACHED
#8 [ 7/16] COPY 082b96ec819c95ae773daebde675ef80 /start.sh

#11 CACHED
#10 [ 7/16] COPY 082b96ec819c95ae773daebde675ef80 /start.sh
#8 CACHED
#10 CACHED



#12 [ 9/16] COPY 17ac2d812a99a91e7f747e1defb72a29 /seedemu_worker
#11 [ 9/16] COPY 17ac2d812a99a91e7f747e1defb72a29 /seedemu_worker
#9 [11/16] RUN chmod +x /seedemu_sniffer
#11 CACHED
#12 CACHED

#9 CACHED
#12 [ 3/16] RUN mkdir -p /usr/share/doc/bird2/examples/


#12 CACHED
#13 [11/16] RUN chmod +x /seedemu_sniffer

#10 [14/16] COPY e01e36443f9f72c6204189260d0bd276 /ifinfo.txt
#13 [ 6/16] COPY 365d27384adc9719099d1f63f2d15824 /root/.zshrc.pre
#13 CACHED
#13 CACHED
#10 CACHED



#14 [12/16] RUN chmod +x /seedemu_worker
#14 [13/16] COPY 2b0ae038330eccd43095538618caee7d /etc/bird/bird.conf
#14 CACHED
#11 [10/16] RUN chmod +x /start.sh
#14 CACHED

#11 CACHED
#15 [13/16] COPY 2b0ae038330eccd43095538618caee7d /etc/bird/bird.conf

#15 CACHED


#15 [ 2/16] RUN apt-get update && apt-get install -y --no-install-recommends netcat-openbsd
#16 [ 2/16] RUN apt-get update && apt-get install -y --no-install-recommends netcat-openbsd
#12 [13/16] COPY 2b0ae038330eccd43095538618caee7d /etc/bird/bird.conf
#16 CACHED
#15 CACHED

#12 CACHED
#17 [ 8/16] COPY d18858afc6bb66ec3a19d872077acfd2 /seedemu_sniffer

#17 CACHED


#13 [ 2/16] RUN apt-get update && apt-get install -y --no-install-recommends netcat-openbsd
#16 [ 8/16] COPY d18858afc6bb66ec3a19d872077acfd2 /seedemu_sniffer
#18 [11/16] RUN chmod +x /seedemu_sniffer
#13 CACHED
#18 CACHED
#16 CACHED



#19 [15/16] COPY d3d51fdf7f4bad30dc5db560a01ce629 /interface_setup
#14 [ 5/16] COPY 92872f20cfb75af4e3e1c588b00d6484 /replace_address.sh
#17 [12/16] RUN chmod +x /seedemu_worker
#14 CACHED
#17 CACHED


#15 [12/16] RUN chmod +x /seedemu_worker
#18 [14/16] COPY e01e36443f9f72c6204189260d0bd276 /ifinfo.txt
#15 CACHED
#18 CACHED


#16 [ 6/16] COPY 365d27384adc9719099d1f63f2d15824 /root/.zshrc.pre
#19 [15/16] COPY d3d51fdf7f4bad30dc5db560a01ce629 /interface_setup
#16 CACHED

#17 [ 8/16] COPY d18858afc6bb66ec3a19d872077acfd2 /seedemu_sniffer
#17 CACHED

#18 [ 9/16] COPY 17ac2d812a99a91e7f747e1defb72a29 /seedemu_worker
#18 CACHED

#19 [15/16] COPY d3d51fdf7f4bad30dc5db560a01ce629 /interface_setup

#5 [internal] load build context
#5 DONE 0.0s

#6 [ 8/16] COPY d18858afc6bb66ec3a19d872077acfd2 /seedemu_sniffer
#6 CACHED

#7 [ 9/16] COPY 17ac2d812a99a91e7f747e1defb72a29 /seedemu_worker
#7 CACHED

#8 [13/16] COPY 2b0ae038330eccd43095538618caee7d /etc/bird/bird.conf
#8 CACHED

#9 [ 6/16] COPY 365d27384adc9719099d1f63f2d15824 /root/.zshrc.pre
#9 CACHED

#10 [12/16] RUN chmod +x /seedemu_worker
#10 CACHED

#11 [14/16] COPY e01e36443f9f72c6204189260d0bd276 /ifinfo.txt
#11 CACHED

#12 [ 3/16] RUN mkdir -p /usr/share/doc/bird2/examples/
#12 CACHED

#13 [10/16] RUN chmod +x /start.sh
#13 CACHED

#14 [ 2/16] RUN apt-get update && apt-get install -y --no-install-recommends netcat-openbsd
#14 CACHED

#15 [ 4/16] RUN touch /usr/share/doc/bird2/examples/bird.conf
#15 CACHED

#16 [11/16] RUN chmod +x /seedemu_sniffer
#16 CACHED

#17 [ 5/16] COPY 92872f20cfb75af4e3e1c588b00d6484 /replace_address.sh
#17 CACHED

#18 [ 7/16] COPY 082b96ec819c95ae773daebde675ef80 /start.sh
#18 CACHED

#19 [15/16] COPY d3d51fdf7f4bad30dc5db560a01ce629 /interface_setup
#0 building with "default" instance using docker driver

#1 [internal] load build definition from Dockerfile
#1 DONE 0.0s
#19 CACHED

#20 [16/16] COPY 8e9a384ab59c7626a3ffab63886cc30f /etc/bird/conf/kernel.conf
#19 CACHED

#20 [16/16] COPY 8e9a384ab59c7626a3ffab63886cc30f /etc/bird/conf/kernel.conf
#19 CACHED

#20 [16/16] COPY 8e9a384ab59c7626a3ffab63886cc30f /etc/bird/conf/kernel.conf
#19 CACHED

#20 [16/16] COPY 8e9a384ab59c7626a3ffab63886cc30f /etc/bird/conf/kernel.conf
#19 CACHED

#20 [16/16] COPY 8e9a384ab59c7626a3ffab63886cc30f /etc/bird/conf/kernel.conf
#19 CACHED

#20 [16/16] COPY 8e9a384ab59c7626a3ffab63886cc30f /etc/bird/conf/kernel.conf

#5 [internal] load build context
#5 transferring context: 6.76kB done
#5 DONE 0.0s

#1 [internal] load build definition from Dockerfile
#1 transferring dockerfile: 884B done
#1 DONE 0.0s

#2 [internal] load metadata for docker.io/library/39e016aa9e819f203ebc1809245a5818:latest
#2 DONE 0.9s


#3 [internal] load .dockerignore
#6 [ 8/16] COPY d18858afc6bb66ec3a19d872077acfd2 /seedemu_sniffer
#3 DONE 0.0s
#6 CACHED

#7 [ 9/16] COPY 17ac2d812a99a91e7f747e1defb72a29 /seedemu_worker
#7 CACHED

#8 [10/16] RUN chmod +x /start.sh
#8 CACHED

#9 [13/16] COPY 2b0ae038330eccd43095538618caee7d /etc/bird/bird.conf
#9 CACHED

#10 [ 4/16] RUN touch /usr/share/doc/bird2/examples/bird.conf
#10 CACHED

#11 [ 5/16] COPY 92872f20cfb75af4e3e1c588b00d6484 /replace_address.sh
#11 CACHED

#12 [ 7/16] COPY 082b96ec819c95ae773daebde675ef80 /start.sh
#12 CACHED

#13 [11/16] RUN chmod +x /seedemu_sniffer
#13 CACHED

#14 [14/16] COPY e01e36443f9f72c6204189260d0bd276 /ifinfo.txt
#14 CACHED

#15 [ 2/16] RUN apt-get update && apt-get install -y --no-install-recommends netcat-openbsd
#15 CACHED

#16 [ 6/16] COPY 365d27384adc9719099d1f63f2d15824 /root/.zshrc.pre
#16 CACHED

#17 [12/16] RUN chmod +x /seedemu_worker
#17 CACHED

#18 [ 3/16] RUN mkdir -p /usr/share/doc/bird2/examples/
#18 CACHED

#19 [15/16] COPY d3d51fdf7f4bad30dc5db560a01ce629 /interface_setup
#19 CACHED

#20 [16/16] COPY 8e9a384ab59c7626a3ffab63886cc30f /etc/bird/conf/kernel.conf

#4 [ 1/16] FROM docker.io/library/39e016aa9e819f203ebc1809245a5818:latest@sha256:43a6b8a656b4d087c7baad939091f8a4e19bfade899129aaa2d7fd409433266e
#4 resolve docker.io/library/39e016aa9e819f203ebc1809245a5818:latest@sha256:43a6b8a656b4d087c7baad939091f8a4e19bfade899129aaa2d7fd409433266e 0.0s done
#4 DONE 0.0s

#3 [internal] load .dockerignore
#3 transferring context: 2B done
#3 DONE 0.0s

#5 [internal] load build context
#5 transferring context: 6.76kB done
#5 DONE 0.2s

#6 [12/16] RUN chmod +x /seedemu_worker
#6 CACHED

#7 [ 5/16] COPY 92872f20cfb75af4e3e1c588b00d6484 /replace_address.sh
#7 CACHED

#8 [ 2/16] RUN apt-get update && apt-get install -y --no-install-recommends netcat-openbsd
#8 CACHED

#9 [ 6/16] COPY 365d27384adc9719099d1f63f2d15824 /root/.zshrc.pre
#9 CACHED

#10 [ 8/16] COPY d18858afc6bb66ec3a19d872077acfd2 /seedemu_sniffer
#10 CACHED

#11 [13/16] COPY 2b0ae038330eccd43095538618caee7d /etc/bird/bird.conf
#11 CACHED

#12 [14/16] COPY e01e36443f9f72c6204189260d0bd276 /ifinfo.txt
#12 CACHED

#13 [ 3/16] RUN mkdir -p /usr/share/doc/bird2/examples/
#13 CACHED

#14 [ 4/16] RUN touch /usr/share/doc/bird2/examples/bird.conf
#14 CACHED

#15 [ 7/16] COPY 082b96ec819c95ae773daebde675ef80 /start.sh
#15 CACHED

#16 [ 9/16] COPY 17ac2d812a99a91e7f747e1defb72a29 /seedemu_worker
#16 CACHED

#17 [10/16] RUN chmod +x /start.sh
#17 CACHED

#18 [11/16] RUN chmod +x /seedemu_sniffer
#18 CACHED

#19 [15/16] COPY d3d51fdf7f4bad30dc5db560a01ce629 /interface_setup
#19 CACHED

#20 [16/16] COPY 8e9a384ab59c7626a3ffab63886cc30f /etc/bird/conf/kernel.conf
#20 DONE 0.3s
#20 DONE 1.8s
#20 DONE 3.1s
#20 DONE 3.1s
#20 DONE 3.1s
#20 DONE 3.1s
#20 DONE 3.1s
#20 DONE 3.1s

#21 exporting to image
#21 exporting layers

#21 exporting to image
#21 exporting layers

#21 exporting to image
#21 exporting layers

#21 exporting to image
#21 exporting layers

#21 exporting to image
#21 exporting layers

#21 exporting to image
#21 exporting layers

#21 exporting to image
#21 exporting layers

#21 exporting to image
#21 exporting layers
#21 exporting layers 0.4s done
#21 exporting layers 0.4s done
#21 exporting layers 0.4s done
#21 exporting layers 0.4s done
#21 exporting layers 0.4s done
#21 exporting layers 0.3s done
#21 exporting layers 0.4s done
#21 exporting layers 0.4s done
#21 exporting manifest sha256:3f2a51a80d69a2256e6d30d8374108eb545f5966e40c54bb467c010df6de5e93 0.0s done
#21 exporting config sha256:060f709a59b4be37eb04af861dcc79db1e31f5b506747905070218030b784a50 0.1s done
#21 exporting manifest sha256:bcbdc815f0e4d96599d1945f71d6ca1285d99d85e594cdcf8fa34976323df46a 0.1s done
#21 exporting config sha256:1f9f47424d5003716c31b0d95d7c71aaae49b5033ec2a5b449c0e3ffb2152213 0.1s done
#21 exporting manifest sha256:992babe794b38bc2cfb616ceed24589a12e3ea0ba50d4dce7b29c572f762a223 0.1s done
#21 exporting config sha256:503af9c8c84f5821e9c60839e03abe71d3ca76abfaeea1f718ad55e1bf8faa5a 0.1s done
#21 exporting manifest sha256:0f5c36ab3c5468b6a2db39088d05039103fd4fff8e2e52b4f8cfb084e82d21c9 0.1s done
#21 exporting config sha256:17d31c3e527ba7a52bb8644ae5efe4e7bf06643acd54664fba5404d0b11561e2 0.1s done
#21 exporting manifest sha256:9f106f25d6c7e3fd4ed3b25f29173df2e73eedceb1bb77d2fab70a031233383b 0.1s done
#21 exporting config sha256:483eb57904df61c0a29e6c212678e95b655d6a1d7a0a62afaab203ede025011e 0.1s done
#21 exporting manifest sha256:fcf02761409d1664ddd6fb3d7fdb86541bca4adf42197d9f6046cec70130c771 0.1s done
#21 exporting config sha256:942861d5dff3ff84f10abde30da8e411bd14db07bf2796f87d0c92d8cd66fcd7 0.1s done
#21 exporting manifest sha256:a1f5b35eca988414b520077d2d1744f87f6fd85585849f97601ed02f76849c06 0.1s done
#21 exporting config sha256:672dba7d54e1779bf7a3149272836b5fb8bd6a77c48fc11136c779f89cd7e17d 0.1s done
#21 exporting manifest sha256:7c3fe23a278184e7b4d8964e3b44a8d617c225a57249602f601294b746f19804 0.1s done
#21 exporting config sha256:fb8bdac415e7fd086767e19a3582c45ed96d23fbd3635d462a6eee0622b3ece4 0.1s done
#21 exporting attestation manifest sha256:70c9c4313aa400f578b52c8f3cdb3501ca14c9793cce546e48d90c2dded6ecc9
#21 exporting attestation manifest sha256:70c9c4313aa400f578b52c8f3cdb3501ca14c9793cce546e48d90c2dded6ecc9 0.2s done
#21 exporting manifest list sha256:5e9c56997a9db00db98c256dbb9cde8eda0422d6d622187cad4aa71c8ac2d5c1
#21 exporting attestation manifest sha256:215ac75ea17d501b9ab241449b5d2a86a3eff79459362c38cdf3031b05e4ed4a
#21 exporting attestation manifest sha256:215ac75ea17d501b9ab241449b5d2a86a3eff79459362c38cdf3031b05e4ed4a 0.2s done
#21 exporting manifest list sha256:f8dcf2348b791e4d6b601bdad27d6ba49925b9ffdf8ab9b77c296c22dd74e6cb
#21 exporting attestation manifest sha256:bdf0aee3795b20c23f911713587968a4d7e0cc1ed561c58256a6b63a3fa1ff57 0.2s done
#21 exporting manifest list sha256:42c5895c27dc3662b77db693cb0a0fc08c616fd488b22c907739b2f69113ba76
#21 exporting attestation manifest sha256:a113d63ffcee15864b92e15e0a8485c9ade68ccaa9265fe2fd95dae92afc94fe 0.2s done
#21 exporting manifest list sha256:77fe087976b65aecd05643f6a1b80bc4bbe203c5404e674d0f8d4827af54a2fc
#21 exporting attestation manifest sha256:b4b36266bf8f8e7e1ca6c09ecd87fabeeadb7b37400f7d86726134a48b5814ee 0.2s done
#21 exporting manifest list sha256:094e9db2e8629e51508214616928e72799b2df436313a9a38dba7d1d1f90f626
#21 exporting attestation manifest sha256:c4b1721620438fcfc1ec4c70e76fe40ccd8179a4a77c1b3634d0f524dc5cfc2e
#21 exporting attestation manifest sha256:c4b1721620438fcfc1ec4c70e76fe40ccd8179a4a77c1b3634d0f524dc5cfc2e 0.2s done
#21 exporting manifest list sha256:2b7e392cdac6dbda5988316a241d9bdfaabdc4f6dca5bd4515d85f277656bc61
#21 exporting attestation manifest sha256:c3ed9429328e63c89a71af12cc3ce98f06d9faf3aaeb924005dc9f581e574514 0.1s done
#21 exporting manifest list sha256:2f561edb4b2a19eb5f82bc3bf4262c1b2e1ae2ab1adccded656d2c97ce641277
#21 exporting attestation manifest sha256:570dfdda120276b647fc0dd6de142e7ee74da709bcf6188fca3ff862709a3c98
#21 exporting attestation manifest sha256:570dfdda120276b647fc0dd6de142e7ee74da709bcf6188fca3ff862709a3c98 0.2s done
#21 exporting manifest list sha256:7fc87780bd5a79bd4011a34772d2e3775cde9b66923c16373084cd1082d25a27
#21 exporting manifest list sha256:5e9c56997a9db00db98c256dbb9cde8eda0422d6d622187cad4aa71c8ac2d5c1 0.1s done
#21 naming to 192.168.122.110:5000/brdnode_1277_r20:latest 0.0s done
#21 unpacking to 192.168.122.110:5000/brdnode_1277_r20:latest
#21 exporting manifest list sha256:f8dcf2348b791e4d6b601bdad27d6ba49925b9ffdf8ab9b77c296c22dd74e6cb 0.1s done
#21 naming to 192.168.122.110:5000/brdnode_1277_r14:latest 0.0s done
#21 unpacking to 192.168.122.110:5000/brdnode_1277_r14:latest
#21 unpacking to 192.168.122.110:5000/brdnode_1277_r14:latest 0.1s done
#21 exporting manifest list sha256:42c5895c27dc3662b77db693cb0a0fc08c616fd488b22c907739b2f69113ba76 0.1s done
#21 naming to 192.168.122.110:5000/brdnode_1277_r12:latest 0.0s done
#21 unpacking to 192.168.122.110:5000/brdnode_1277_r12:latest 0.1s done
#21 exporting manifest list sha256:77fe087976b65aecd05643f6a1b80bc4bbe203c5404e674d0f8d4827af54a2fc 0.1s done
#21 naming to 192.168.122.110:5000/brdnode_1277_r13:latest 0.0s done
#21 unpacking to 192.168.122.110:5000/brdnode_1277_r13:latest 0.1s done
#21 exporting manifest list sha256:2b7e392cdac6dbda5988316a241d9bdfaabdc4f6dca5bd4515d85f277656bc61 0.1s done
#21 naming to 192.168.122.110:5000/brdnode_1277_r19:latest 0.0s done
#21 unpacking to 192.168.122.110:5000/brdnode_1277_r19:latest 0.1s done
#21 exporting manifest list sha256:094e9db2e8629e51508214616928e72799b2df436313a9a38dba7d1d1f90f626 0.1s done
#21 naming to 192.168.122.110:5000/brdnode_1277_r17:latest 0.0s done
#21 unpacking to 192.168.122.110:5000/brdnode_1277_r17:latest 0.1s done
#21 exporting manifest list sha256:2f561edb4b2a19eb5f82bc3bf4262c1b2e1ae2ab1adccded656d2c97ce641277 0.1s done
#21 naming to 192.168.122.110:5000/brdnode_1277_r18:latest 0.0s done
#21 unpacking to 192.168.122.110:5000/brdnode_1277_r18:latest 0.1s done
#21 exporting manifest list sha256:7fc87780bd5a79bd4011a34772d2e3775cde9b66923c16373084cd1082d25a27 0.1s done
#21 naming to 192.168.122.110:5000/brdnode_1277_r16:latest done
#21 unpacking to 192.168.122.110:5000/brdnode_1277_r16:latest 0.1s done
#21 unpacking to 192.168.122.110:5000/brdnode_1277_r20:latest 0.1s done
#21 DONE 1.1s
#21 DONE 1.1s
#21 DONE 1.1s
#21 DONE 1.1s
#21 DONE 1.1s
#21 DONE 1.1s
#21 DONE 1.1s
#21 DONE 1.1s
+ seedemu_build_and_push 192.168.122.110:5000/brdnode_1277_r21:latest ./brdnode_1277_r21
+ seedemu_build_and_push 192.168.122.110:5000/brdnode_1277_r22:latest ./brdnode_1277_r22
#0 building with "default" instance using docker driver

#1 [internal] load build definition from Dockerfile
#1 transferring dockerfile: 884B done
#1 DONE 0.0s

#2 [internal] load metadata for docker.io/library/39e016aa9e819f203ebc1809245a5818:latest
#2 DONE 0.0s

#3 [internal] load .dockerignore
#3 transferring context: 2B done
#3 DONE 0.0s

#4 [ 1/16] FROM docker.io/library/39e016aa9e819f203ebc1809245a5818:latest@sha256:43a6b8a656b4d087c7baad939091f8a4e19bfade899129aaa2d7fd409433266e
#4 resolve docker.io/library/39e016aa9e819f203ebc1809245a5818:latest@sha256:43a6b8a656b4d087c7baad939091f8a4e19bfade899129aaa2d7fd409433266e 0.0s done
#4 DONE 0.0s
+ seedemu_build_and_push 192.168.122.110:5000/brdnode_1277_r23:latest ./brdnode_1277_r23
+ seedemu_build_and_push 192.168.122.110:5000/brdnode_1277_r24:latest ./brdnode_1277_r24
+ seedemu_build_and_push 192.168.122.110:5000/brdnode_1277_r25:latest ./brdnode_1277_r25
+ seedemu_build_and_push 192.168.122.110:5000/brdnode_1277_r26:latest ./brdnode_1277_r26
+ seedemu_build_and_push 192.168.122.110:5000/brdnode_1277_r28:latest ./brdnode_1277_r28
+ seedemu_build_and_push 192.168.122.110:5000/brdnode_1277_r29:latest ./brdnode_1277_r29

#5 [internal] load build context
#5 transferring context: 7.58kB done
#5 DONE 0.0s
#0 building with "default" instance using docker driver

#1 [ 1/16] FROM docker.io/library/39e016aa9e819f203ebc1809245a5818:latest@sha256:43a6b8a656b4d087c7baad939091f8a4e19bfade899129aaa2d7fd409433266e
#1 resolve docker.io/library/39e016aa9e819f203ebc1809245a5818:latest@sha256:43a6b8a656b4d087c7baad939091f8a4e19bfade899129aaa2d7fd409433266e 0.0s done
#1 DONE 0.0s

#2 [internal] load build definition from Dockerfile
#2 transferring dockerfile: 884B done
#2 DONE 0.0s

#3 [internal] load metadata for docker.io/library/39e016aa9e819f203ebc1809245a5818:latest
#3 DONE 0.0s

#4 [internal] load .dockerignore
#4 transferring context: 2B done
#4 DONE 0.0s

#5 [internal] load build context
#5 transferring context: 7.58kB done
#5 DONE 0.0s

#6 [12/16] RUN chmod +x /seedemu_worker
#6 CACHED

#7 [13/16] COPY 2b0ae038330eccd43095538618caee7d /etc/bird/bird.conf
#7 CACHED

#8 [ 2/16] RUN apt-get update && apt-get install -y --no-install-recommends netcat-openbsd
#8 CACHED

#9 [ 3/16] RUN mkdir -p /usr/share/doc/bird2/examples/
#9 CACHED

#10 [ 4/16] RUN touch /usr/share/doc/bird2/examples/bird.conf
#10 CACHED

#11 [14/16] COPY e01e36443f9f72c6204189260d0bd276 /ifinfo.txt
#11 CACHED

#12 [ 6/16] COPY 365d27384adc9719099d1f63f2d15824 /root/.zshrc.pre
#12 CACHED

#13 [ 7/16] COPY 082b96ec819c95ae773daebde675ef80 /start.sh
#13 CACHED

#14 [10/16] RUN chmod +x /start.sh
#14 CACHED

#15 [ 5/16] COPY 92872f20cfb75af4e3e1c588b00d6484 /replace_address.sh
#15 CACHED

#16 [ 8/16] COPY d18858afc6bb66ec3a19d872077acfd2 /seedemu_sniffer
#16 CACHED

#17 [ 9/16] COPY 17ac2d812a99a91e7f747e1defb72a29 /seedemu_worker
#17 CACHED

#18 [11/16] RUN chmod +x /seedemu_sniffer
#18 CACHED

#19 [15/16] COPY d3d51fdf7f4bad30dc5db560a01ce629 /interface_setup
#0 building with "default" instance using docker driver

#1 [internal] load build definition from Dockerfile

#6 [ 5/16] COPY 92872f20cfb75af4e3e1c588b00d6484 /replace_address.sh
#6 CACHED

#7 [11/16] RUN chmod +x /seedemu_sniffer
#7 CACHED

#8 [12/16] RUN chmod +x /seedemu_worker
#8 CACHED

#9 [ 2/16] RUN apt-get update && apt-get install -y --no-install-recommends netcat-openbsd
#9 CACHED

#10 [ 3/16] RUN mkdir -p /usr/share/doc/bird2/examples/
#10 CACHED

#11 [ 4/16] RUN touch /usr/share/doc/bird2/examples/bird.conf
#11 CACHED

#12 [ 6/16] COPY 365d27384adc9719099d1f63f2d15824 /root/.zshrc.pre
#12 CACHED

#13 [ 7/16] COPY 082b96ec819c95ae773daebde675ef80 /start.sh
#13 CACHED

#14 [ 9/16] COPY 17ac2d812a99a91e7f747e1defb72a29 /seedemu_worker
#14 CACHED

#0 building with "default" instance using docker driver

#15 [10/16] RUN chmod +x /start.sh
#15 CACHED

#16 [ 8/16] COPY d18858afc6bb66ec3a19d872077acfd2 /seedemu_sniffer
#16 CACHED

#17 [13/16] COPY 2b0ae038330eccd43095538618caee7d /etc/bird/bird.conf
#17 CACHED
#1 [internal] load build definition from Dockerfile

#18 [14/16] COPY e01e36443f9f72c6204189260d0bd276 /ifinfo.txt
#18 CACHED

#19 [15/16] COPY d3d51fdf7f4bad30dc5db560a01ce629 /interface_setup
#0 building with "default" instance using docker driver

#1 [internal] load build definition from Dockerfile
#1 DONE 0.0s
#0 building with "default" instance using docker driver

#1 [internal] load build definition from Dockerfile
#1 DONE 0.0s
#0 building with "default" instance using docker driver

#1 [internal] load build definition from Dockerfile
#1 DONE 0.0s
#0 building with "default" instance using docker driver

#1 [internal] load build definition from Dockerfile

#1 [internal] load build definition from Dockerfile
#1 transferring dockerfile: 884B done
#1 DONE 0.1s

#2 [internal] load metadata for docker.io/library/39e016aa9e819f203ebc1809245a5818:latest
#1 transferring dockerfile: 884B done
#1 DONE 0.1s

#1 [internal] load build definition from Dockerfile
#1 transferring dockerfile: 884B done
#1 DONE 0.1s

#2 [internal] load metadata for docker.io/library/39e016aa9e819f203ebc1809245a5818:latest
#1 transferring dockerfile: 884B done
#1 DONE 0.1s

#1 [internal] load build definition from Dockerfile
#1 transferring dockerfile: 884B done
#1 DONE 0.1s
#19 CACHED

#20 [16/16] COPY 8e9a384ab59c7626a3ffab63886cc30f /etc/bird/conf/kernel.conf
#1 transferring dockerfile: 884B done
#1 DONE 0.1s

#2 [internal] load metadata for docker.io/library/39e016aa9e819f203ebc1809245a5818:latest
#2 DONE 0.1s
#19 CACHED

#20 [16/16] COPY 8e9a384ab59c7626a3ffab63886cc30f /etc/bird/conf/kernel.conf
#2 DONE 0.1s

#3 [internal] load .dockerignore
#3 transferring context: 2B done

#2 [internal] load metadata for docker.io/library/39e016aa9e819f203ebc1809245a5818:latest
#2 DONE 0.0s

#3 [internal] load .dockerignore
#3 transferring context: 2B done
#3 DONE 0.1s
#2 DONE 0.0s

#3 [internal] load .dockerignore
#3 transferring context: 2B done
#3 DONE 0.1s

#3 [internal] load .dockerignore
#3 transferring context: 2B done
#3 DONE 0.1s

#2 [internal] load metadata for docker.io/library/39e016aa9e819f203ebc1809245a5818:latest
#2 DONE 0.0s

#3 [internal] load .dockerignore
#3 transferring context: 2B done
#3 DONE 0.2s
#3 DONE 0.2s

#2 [internal] load metadata for docker.io/library/39e016aa9e819f203ebc1809245a5818:latest
#2 DONE 0.0s

#3 [internal] load .dockerignore
#3 transferring context: 2B done

#4 [ 1/16] FROM docker.io/library/39e016aa9e819f203ebc1809245a5818:latest@sha256:43a6b8a656b4d087c7baad939091f8a4e19bfade899129aaa2d7fd409433266e
#4 resolve docker.io/library/39e016aa9e819f203ebc1809245a5818:latest@sha256:43a6b8a656b4d087c7baad939091f8a4e19bfade899129aaa2d7fd409433266e 0.0s done
#4 DONE 0.0s

#5 [internal] load build context
#3 DONE 0.3s

#4 [ 1/16] FROM docker.io/library/39e016aa9e819f203ebc1809245a5818:latest@sha256:43a6b8a656b4d087c7baad939091f8a4e19bfade899129aaa2d7fd409433266e
#4 resolve docker.io/library/39e016aa9e819f203ebc1809245a5818:latest@sha256:43a6b8a656b4d087c7baad939091f8a4e19bfade899129aaa2d7fd409433266e 0.0s done
#4 DONE 0.0s

#5 [internal] load build context
#5 DONE 0.0s

#4 [ 1/16] FROM docker.io/library/39e016aa9e819f203ebc1809245a5818:latest@sha256:43a6b8a656b4d087c7baad939091f8a4e19bfade899129aaa2d7fd409433266e
#4 resolve docker.io/library/39e016aa9e819f203ebc1809245a5818:latest@sha256:43a6b8a656b4d087c7baad939091f8a4e19bfade899129aaa2d7fd409433266e 0.0s done
#4 DONE 0.0s

#5 [internal] load build context

#4 [ 1/16] FROM docker.io/library/39e016aa9e819f203ebc1809245a5818:latest@sha256:43a6b8a656b4d087c7baad939091f8a4e19bfade899129aaa2d7fd409433266e
#4 resolve docker.io/library/39e016aa9e819f203ebc1809245a5818:latest@sha256:43a6b8a656b4d087c7baad939091f8a4e19bfade899129aaa2d7fd409433266e 0.0s done
#4 DONE 0.0s

#5 [internal] load build context
#5 DONE 0.0s

#4 [ 1/16] FROM docker.io/library/39e016aa9e819f203ebc1809245a5818:latest@sha256:43a6b8a656b4d087c7baad939091f8a4e19bfade899129aaa2d7fd409433266e
#4 resolve docker.io/library/39e016aa9e819f203ebc1809245a5818:latest@sha256:43a6b8a656b4d087c7baad939091f8a4e19bfade899129aaa2d7fd409433266e 0.0s done
#4 DONE 0.0s

#5 [internal] load build context
#5 DONE 0.0s
#5 transferring context: 7.58kB done
#5 DONE 0.1s

#4 [ 1/16] FROM docker.io/library/39e016aa9e819f203ebc1809245a5818:latest@sha256:43a6b8a656b4d087c7baad939091f8a4e19bfade899129aaa2d7fd409433266e
#4 resolve docker.io/library/39e016aa9e819f203ebc1809245a5818:latest@sha256:43a6b8a656b4d087c7baad939091f8a4e19bfade899129aaa2d7fd409433266e 0.0s done
#4 DONE 0.0s
#5 transferring context: 6.76kB done
#5 DONE 0.1s

#5 [internal] load build context
#5 transferring context: 6.76kB done
#5 DONE 0.1s

#5 [internal] load build context
#5 transferring context: 7.91kB done
#5 DONE 0.1s

#5 [internal] load build context
#5 transferring context: 6.76kB done
#5 DONE 0.1s
#20 DONE 1.5s
#20 DONE 1.5s

#21 exporting to image

#21 exporting to image
#21 exporting layers 0.1s done
#21 exporting layers 0.1s done
#21 exporting manifest sha256:792d5978c86e68efc671a0fa558ed1b26c2144195a9950934b04c53db14a5299 0.0s done
#21 exporting config sha256:e052315a2a246f22af4683bb1619477712476ca59afd63cab4db4d67de141524 0.0s done
#21 exporting attestation manifest sha256:6226dd631e00ee4bdfeef414745021b350cd9f0a69ca2b720c1310fcd08c4570 0.0s done
#21 exporting manifest list sha256:8c3a5c94a69d1a3f01cb5bf5d26a252418d51c0642aa9be8f22e7ff17a01e96f 0.0s done
#21 naming to 192.168.122.110:5000/brdnode_1277_r21:latest
#21 exporting manifest sha256:74315a34f7c1c314041d4e5e238620e2aec5a746e336ad987860fd5783d7edf8 0.0s done
#21 exporting config sha256:42adc1c79d6d1cc1a3634ba2a82d9513265f614cb59e336cd67e37bfa51ce7a9 0.0s done
#21 exporting attestation manifest sha256:7a5360e07d835d47a6ffb91c39d50b0a5b435444ab465acd9bdd526497596df6 0.0s done
#21 exporting manifest list sha256:81ec0e51c6594e2695d2b76cc4c4fac8652fd68fde749c1125c7d88fb89fc779 0.0s done
#21 naming to 192.168.122.110:5000/brdnode_1277_r22:latest
#21 naming to 192.168.122.110:5000/brdnode_1277_r21:latest done
#21 unpacking to 192.168.122.110:5000/brdnode_1277_r21:latest 0.1s done
#21 DONE 0.4s
#21 naming to 192.168.122.110:5000/brdnode_1277_r22:latest done
#21 unpacking to 192.168.122.110:5000/brdnode_1277_r22:latest 0.1s done
#21 DONE 0.4s
+ seedemu_build_and_push 192.168.122.110:5000/brdnode_1277_r30:latest ./brdnode_1277_r30
+ seedemu_build_and_push 192.168.122.110:5000/brdnode_1277_r31:latest ./brdnode_1277_r31

#6 [10/16] RUN chmod +x /start.sh
#6 CACHED

#7 [12/16] RUN chmod +x /seedemu_worker
#7 CACHED

#8 [ 4/16] RUN touch /usr/share/doc/bird2/examples/bird.conf
#8 CACHED

#9 [14/16] COPY e01e36443f9f72c6204189260d0bd276 /ifinfo.txt
#9 CACHED

#10 [ 5/16] COPY 92872f20cfb75af4e3e1c588b00d6484 /replace_address.sh
#10 CACHED

#11 [ 8/16] COPY d18858afc6bb66ec3a19d872077acfd2 /seedemu_sniffer
#11 CACHED

#12 [ 9/16] COPY 17ac2d812a99a91e7f747e1defb72a29 /seedemu_worker
#12 CACHED

#13 [13/16] COPY 2b0ae038330eccd43095538618caee7d /etc/bird/bird.conf
#13 CACHED

#14 [ 6/16] COPY 365d27384adc9719099d1f63f2d15824 /root/.zshrc.pre
#14 CACHED

#15 [ 7/16] COPY 082b96ec819c95ae773daebde675ef80 /start.sh
#15 CACHED

#16 [11/16] RUN chmod +x /seedemu_sniffer
#16 CACHED

#17 [ 2/16] RUN apt-get update && apt-get install -y --no-install-recommends netcat-openbsd
#17 CACHED

#18 [ 3/16] RUN mkdir -p /usr/share/doc/bird2/examples/
#18 CACHED

#19 [15/16] COPY d3d51fdf7f4bad30dc5db560a01ce629 /interface_setup

#6 [ 6/16] COPY 365d27384adc9719099d1f63f2d15824 /root/.zshrc.pre
#6 CACHED

#7 [ 9/16] COPY 17ac2d812a99a91e7f747e1defb72a29 /seedemu_worker
#7 CACHED

#8 [11/16] RUN chmod +x /seedemu_sniffer
#8 CACHED

#9 [ 3/16] RUN mkdir -p /usr/share/doc/bird2/examples/
#9 CACHED

#10 [ 4/16] RUN touch /usr/share/doc/bird2/examples/bird.conf
#10 CACHED

#11 [ 7/16] COPY 082b96ec819c95ae773daebde675ef80 /start.sh
#11 CACHED

#12 [ 8/16] COPY d18858afc6bb66ec3a19d872077acfd2 /seedemu_sniffer
#12 CACHED

#13 [10/16] RUN chmod +x /start.sh
#13 CACHED

#14 [13/16] COPY 2b0ae038330eccd43095538618caee7d /etc/bird/bird.conf
#14 CACHED

#15 [12/16] RUN chmod +x /seedemu_worker
#15 CACHED

#16 [14/16] COPY e01e36443f9f72c6204189260d0bd276 /ifinfo.txt
#16 CACHED

#17 [ 2/16] RUN apt-get update && apt-get install -y --no-install-recommends netcat-openbsd
#17 CACHED

#18 [ 5/16] COPY 92872f20cfb75af4e3e1c588b00d6484 /replace_address.sh
#18 CACHED

#19 [15/16] COPY d3d51fdf7f4bad30dc5db560a01ce629 /interface_setup

#6 [10/16] RUN chmod +x /start.sh
#6 CACHED

#7 [ 2/16] RUN apt-get update && apt-get install -y --no-install-recommends netcat-openbsd
#7 CACHED

#8 [11/16] RUN chmod +x /seedemu_sniffer
#8 CACHED

#9 [13/16] COPY 2b0ae038330eccd43095538618caee7d /etc/bird/bird.conf
#9 CACHED

#10 [ 4/16] RUN touch /usr/share/doc/bird2/examples/bird.conf

#10 CACHED

#11 [ 8/16] COPY d18858afc6bb66ec3a19d872077acfd2 /seedemu_sniffer
#11 CACHED
#6 [ 6/16] COPY 365d27384adc9719099d1f63f2d15824 /root/.zshrc.pre

#6 CACHED
#12 [12/16] RUN chmod +x /seedemu_worker
#12 CACHED


#7 [ 8/16] COPY d18858afc6bb66ec3a19d872077acfd2 /seedemu_sniffer
#13 [ 3/16] RUN mkdir -p /usr/share/doc/bird2/examples/
#7 CACHED
#13 CACHED


#8 [ 9/16] COPY 17ac2d812a99a91e7f747e1defb72a29 /seedemu_worker
#14 [14/16] COPY e01e36443f9f72c6204189260d0bd276 /ifinfo.txt
#8 CACHED
#14 CACHED


#9 [ 3/16] RUN mkdir -p /usr/share/doc/bird2/examples/
#15 [ 5/16] COPY 92872f20cfb75af4e3e1c588b00d6484 /replace_address.sh
#9 CACHED
#15 CACHED


#10 [ 5/16] COPY 92872f20cfb75af4e3e1c588b00d6484 /replace_address.sh
#16 [ 6/16] COPY 365d27384adc9719099d1f63f2d15824 /root/.zshrc.pre
#10 CACHED
#16 CACHED


#11 [ 7/16] COPY 082b96ec819c95ae773daebde675ef80 /start.sh
#17 [ 7/16] COPY 082b96ec819c95ae773daebde675ef80 /start.sh
#11 CACHED
#17 CACHED


#12 [ 4/16] RUN touch /usr/share/doc/bird2/examples/bird.conf
#18 [ 9/16] COPY 17ac2d812a99a91e7f747e1defb72a29 /seedemu_worker
#12 CACHED
#18 CACHED

#13 [12/16] RUN chmod +x /seedemu_worker

#13 CACHED
#19 [15/16] COPY d3d51fdf7f4bad30dc5db560a01ce629 /interface_setup

#14 [13/16] COPY 2b0ae038330eccd43095538618caee7d /etc/bird/bird.conf
#14 CACHED

#15 [14/16] COPY e01e36443f9f72c6204189260d0bd276 /ifinfo.txt
#15 CACHED

#16 [ 2/16] RUN apt-get update && apt-get install -y --no-install-recommends netcat-openbsd
#16 CACHED

#17 [10/16] RUN chmod +x /start.sh
#17 CACHED

#18 [11/16] RUN chmod +x /seedemu_sniffer
#18 CACHED


#19 [15/16] COPY d3d51fdf7f4bad30dc5db560a01ce629 /interface_setup
#6 [ 3/16] RUN mkdir -p /usr/share/doc/bird2/examples/
#6 CACHED

#7 [ 5/16] COPY 92872f20cfb75af4e3e1c588b00d6484 /replace_address.sh
#7 CACHED

#8 [ 8/16] COPY d18858afc6bb66ec3a19d872077acfd2 /seedemu_sniffer
#8 CACHED

#9 [ 9/16] COPY 17ac2d812a99a91e7f747e1defb72a29 /seedemu_worker
#9 CACHED

#10 [13/16] COPY 2b0ae038330eccd43095538618caee7d /etc/bird/bird.conf
#10 CACHED

#11 [ 2/16] RUN apt-get update && apt-get install -y --no-install-recommends netcat-openbsd
#11 CACHED

#12 [12/16] RUN chmod +x /seedemu_worker
#12 CACHED

#13 [14/16] COPY e01e36443f9f72c6204189260d0bd276 /ifinfo.txt
#13 CACHED

#14 [ 7/16] COPY 082b96ec819c95ae773daebde675ef80 /start.sh
#14 CACHED

#15 [10/16] RUN chmod +x /start.sh
#15 CACHED

#16 [11/16] RUN chmod +x /seedemu_sniffer
#16 CACHED

#17 [ 4/16] RUN touch /usr/share/doc/bird2/examples/bird.conf
#17 CACHED

#18 [ 6/16] COPY 365d27384adc9719099d1f63f2d15824 /root/.zshrc.pre
#18 CACHED

#19 [15/16] COPY d3d51fdf7f4bad30dc5db560a01ce629 /interface_setup

#5 [internal] load build context
#5 DONE 0.0s
#0 building with "default" instance using docker driver

#1 [internal] load build definition from Dockerfile
#1 DONE 0.0s
#0 building with "default" instance using docker driver

#1 [internal] load build definition from Dockerfile
#1 DONE 0.0s

#1 [internal] load build definition from Dockerfile
#1 transferring dockerfile: 884B done
#1 DONE 0.1s

#1 [internal] load build definition from Dockerfile
#1 transferring dockerfile: 884B done
#1 DONE 0.1s
#19 CACHED

#20 [16/16] COPY 8e9a384ab59c7626a3ffab63886cc30f /etc/bird/conf/kernel.conf
#19 CACHED

#20 [16/16] COPY 8e9a384ab59c7626a3ffab63886cc30f /etc/bird/conf/kernel.conf
#19 CACHED

#20 [16/16] COPY 8e9a384ab59c7626a3ffab63886cc30f /etc/bird/conf/kernel.conf
#19 CACHED

#20 [16/16] COPY 8e9a384ab59c7626a3ffab63886cc30f /etc/bird/conf/kernel.conf
#19 CACHED

#20 [16/16] COPY 8e9a384ab59c7626a3ffab63886cc30f /etc/bird/conf/kernel.conf

#5 [internal] load build context
#5 transferring context: 7.58kB done
#5 DONE 0.1s
#20 DONE 1.6s
#20 DONE 1.7s
#20 DONE 1.7s
#20 DONE 1.7s
#20 DONE 1.7s

#21 exporting to image


#2 [internal] load metadata for docker.io/library/39e016aa9e819f203ebc1809245a5818:latest

#21 exporting to image
#2 [internal] load metadata for docker.io/library/39e016aa9e819f203ebc1809245a5818:latest

#21 exporting to image
#21 exporting layers

#21 exporting to image

#21 exporting to image
#2 DONE 0.1s
#2 DONE 0.1s
#21 exporting layers
#21 exporting layers
#21 exporting layers
#21 exporting layers

#3 [internal] load .dockerignore
#3 DONE 0.0s

#6 [12/16] RUN chmod +x /seedemu_worker
#6 CACHED


#7 [13/16] COPY 2b0ae038330eccd43095538618caee7d /etc/bird/bird.conf
#7 CACHED

#3 [internal] load .dockerignore
#8 [ 3/16] RUN mkdir -p /usr/share/doc/bird2/examples/
#8 CACHED
#3 DONE 0.0s

#9 [ 4/16] RUN touch /usr/share/doc/bird2/examples/bird.conf
#9 CACHED

#10 [ 9/16] COPY 17ac2d812a99a91e7f747e1defb72a29 /seedemu_worker
#10 CACHED

#11 [10/16] RUN chmod +x /start.sh
#11 CACHED

#12 [11/16] RUN chmod +x /seedemu_sniffer
#12 CACHED

#13 [ 2/16] RUN apt-get update && apt-get install -y --no-install-recommends netcat-openbsd
#13 CACHED

#14 [ 5/16] COPY 92872f20cfb75af4e3e1c588b00d6484 /replace_address.sh
#14 CACHED

#15 [ 8/16] COPY d18858afc6bb66ec3a19d872077acfd2 /seedemu_sniffer
#15 CACHED

#16 [14/16] COPY e01e36443f9f72c6204189260d0bd276 /ifinfo.txt
#16 CACHED

#17 [ 6/16] COPY 365d27384adc9719099d1f63f2d15824 /root/.zshrc.pre
#17 CACHED

#18 [ 7/16] COPY 082b96ec819c95ae773daebde675ef80 /start.sh
#18 CACHED

#19 [15/16] COPY d3d51fdf7f4bad30dc5db560a01ce629 /interface_setup
#21 exporting layers 0.2s done
#21 exporting layers 0.2s done
#21 exporting layers 0.3s done
#21 exporting layers 0.3s done
#21 exporting layers 0.3s done
#19 CACHED

#20 [16/16] COPY 8e9a384ab59c7626a3ffab63886cc30f /etc/bird/conf/kernel.conf
#21 exporting manifest sha256:3dc8737b4047c4c30ac35df3b28090262582e2c88ffd67dc4002806a0969cb04

#4 [ 1/16] FROM docker.io/library/39e016aa9e819f203ebc1809245a5818:latest@sha256:43a6b8a656b4d087c7baad939091f8a4e19bfade899129aaa2d7fd409433266e
#4 resolve docker.io/library/39e016aa9e819f203ebc1809245a5818:latest@sha256:43a6b8a656b4d087c7baad939091f8a4e19bfade899129aaa2d7fd409433266e 0.0s done
#4 DONE 0.0s

#3 [internal] load .dockerignore
#3 transferring context: 2B done
#3 DONE 0.0s

#5 [internal] load build context
#5 transferring context: 6.76kB 0.0s done
#5 DONE 0.0s
#21 exporting manifest sha256:3dc8737b4047c4c30ac35df3b28090262582e2c88ffd67dc4002806a0969cb04 0.2s done
#21 exporting config sha256:b895d6aefcb1d15c53b4f78bb9950a02c3521ed5a7e480a0f9efaff5b2f173b2

#4 [ 1/16] FROM docker.io/library/39e016aa9e819f203ebc1809245a5818:latest@sha256:43a6b8a656b4d087c7baad939091f8a4e19bfade899129aaa2d7fd409433266e
#4 resolve docker.io/library/39e016aa9e819f203ebc1809245a5818:latest@sha256:43a6b8a656b4d087c7baad939091f8a4e19bfade899129aaa2d7fd409433266e 0.0s done
#4 DONE 0.0s

#3 [internal] load .dockerignore
#3 transferring context: 2B done
#3 DONE 0.0s
#21 exporting manifest sha256:6e121deff4ea5fdd4591798e1ae4b27783e173790d125cea280ae6fbe7eb89f6 0.0s done
#21 exporting config sha256:6d1a204c18ef04f7422b0b47a53ffb6a4638219f23068849afb4d80fc4240037
#21 exporting manifest sha256:e971f4ebdc604d77ca790ca1318bd0cd09e518bc3a8f840cf5b318296c30ca08
#21 exporting manifest sha256:75924a0fe5ecd554e790ca0fff522b70beae8c3922397e246824e8f560f731e3
#21 exporting manifest sha256:0bad0a6a3c320d5106d7f5f605574827f3a705d2429c5c70d60a276b2fbc4bf2 0.1s done
#21 exporting config sha256:5ed7eedffd4ee9d6d19f00f53cebd9ff3b4afe3d3bc4d0aebe3fba1f016f39ea
#21 exporting config sha256:6d1a204c18ef04f7422b0b47a53ffb6a4638219f23068849afb4d80fc4240037 0.2s done
#21 exporting manifest sha256:e971f4ebdc604d77ca790ca1318bd0cd09e518bc3a8f840cf5b318296c30ca08 0.2s done
#21 exporting config sha256:6fc3c67e38e468cfb5b2904af1f9255e53271ff1e3f25d482643cca255194ce9
#21 exporting manifest sha256:75924a0fe5ecd554e790ca0fff522b70beae8c3922397e246824e8f560f731e3 0.3s done
#21 exporting config sha256:2f4fa93d0380ca747cb0567b3d419ed8dda4db6bc86594231aac87c19021a08f
#20 DONE 0.4s
#21 exporting config sha256:5ed7eedffd4ee9d6d19f00f53cebd9ff3b4afe3d3bc4d0aebe3fba1f016f39ea 0.3s done
#21 exporting config sha256:b895d6aefcb1d15c53b4f78bb9950a02c3521ed5a7e480a0f9efaff5b2f173b2 0.2s done
#21 exporting attestation manifest sha256:bc66f4c317d4299f41026981692be470a02f92e441b683d0a3f07192d3724a16
#21 exporting config sha256:6fc3c67e38e468cfb5b2904af1f9255e53271ff1e3f25d482643cca255194ce9 0.1s done
#21 exporting attestation manifest sha256:0e7cc74476c876dbe8f982956955001143e2b56a5b90a997a7417e483ca3c109
#21 exporting config sha256:2f4fa93d0380ca747cb0567b3d419ed8dda4db6bc86594231aac87c19021a08f 0.1s done
#21 exporting attestation manifest sha256:ce385d59968e83d0872b5328298984825d65ac2c982e1a56b6f8d20b059fb448
#21 exporting attestation manifest sha256:bc66f4c317d4299f41026981692be470a02f92e441b683d0a3f07192d3724a16 0.1s done
#21 exporting manifest list sha256:bbd02957b1c70c9bc2e16a6239a928b2d8fbd19095efa7f29a1b524e4ae06cc2
#21 exporting attestation manifest sha256:02850393ae74b56d045c15f9a865e8c37b0e65d11a452703853b35cfa077394f 0.1s done
#21 exporting manifest list sha256:a795e35a1459102e6dc3413f7402e74c76b396db55416feaa54929b4d26ab88e
#21 exporting attestation manifest sha256:274776c485581987f2ee3cef91a783d004d690f04646d665e29ff955ea6d9c5a 0.1s done
#21 exporting manifest list sha256:f72ff9e8a61d6bac57cf0372339c59a87ab92c922f25b615483dfa8c6fee3195
#21 exporting attestation manifest sha256:0e7cc74476c876dbe8f982956955001143e2b56a5b90a997a7417e483ca3c109 0.1s done
#21 exporting attestation manifest sha256:ce385d59968e83d0872b5328298984825d65ac2c982e1a56b6f8d20b059fb448 0.1s done
#21 exporting manifest list sha256:11c0422f589bf85b8cddaf5ade86a66c4ada621fe0e377850c17a473042f3de5
#21 exporting manifest list sha256:bbd02957b1c70c9bc2e16a6239a928b2d8fbd19095efa7f29a1b524e4ae06cc2 0.1s done
#21 naming to 192.168.122.110:5000/brdnode_1277_r26:latest 0.0s done
#21 unpacking to 192.168.122.110:5000/brdnode_1277_r26:latest 0.1s done
#21 exporting manifest list sha256:a795e35a1459102e6dc3413f7402e74c76b396db55416feaa54929b4d26ab88e 0.0s done
#21 naming to 192.168.122.110:5000/brdnode_1277_r29:latest 0.0s done
#21 unpacking to 192.168.122.110:5000/brdnode_1277_r29:latest 0.1s done
#21 exporting manifest list sha256:f72ff9e8a61d6bac57cf0372339c59a87ab92c922f25b615483dfa8c6fee3195 0.0s done
#21 naming to 192.168.122.110:5000/brdnode_1277_r28:latest done
#21 unpacking to 192.168.122.110:5000/brdnode_1277_r28:latest 0.1s done
#21 exporting manifest list sha256:11c0422f589bf85b8cddaf5ade86a66c4ada621fe0e377850c17a473042f3de5 0.0s done
#21 naming to 192.168.122.110:5000/brdnode_1277_r23:latest done
#21 unpacking to 192.168.122.110:5000/brdnode_1277_r23:latest 0.1s done
#21 exporting manifest list sha256:3a2a9d5cff62e7bbe03d650224d553fc2568920b47443b4b23764233396a83b4 0.0s done
#21 naming to 192.168.122.110:5000/brdnode_1277_r24:latest done
#21 unpacking to 192.168.122.110:5000/brdnode_1277_r24:latest 0.1s done
#21 DONE 1.0s
#21 DONE 1.1s
#21 DONE 1.1s
#21 DONE 1.1s
#21 DONE 1.1s

#21 exporting to image

#6 [ 8/16] COPY d18858afc6bb66ec3a19d872077acfd2 /seedemu_sniffer
#6 CACHED

#7 [10/16] RUN chmod +x /start.sh
#7 CACHED


#8 [ 4/16] RUN touch /usr/share/doc/bird2/examples/bird.conf
#8 CACHED

#5 [internal] load build context
#9 [ 5/16] COPY 92872f20cfb75af4e3e1c588b00d6484 /replace_address.sh
#9 CACHED

#10 [12/16] RUN chmod +x /seedemu_worker
#10 CACHED

#5 DONE 0.0s
#11 [13/16] COPY 2b0ae038330eccd43095538618caee7d /etc/bird/bird.conf
#11 CACHED

#12 [ 2/16] RUN apt-get update && apt-get install -y --no-install-recommends netcat-openbsd
#12 CACHED

#13 [ 6/16] COPY 365d27384adc9719099d1f63f2d15824 /root/.zshrc.pre
#13 CACHED

#14 [ 7/16] COPY 082b96ec819c95ae773daebde675ef80 /start.sh
#14 CACHED

#15 [ 9/16] COPY 17ac2d812a99a91e7f747e1defb72a29 /seedemu_worker
#15 CACHED

#16 [14/16] COPY e01e36443f9f72c6204189260d0bd276 /ifinfo.txt
#16 CACHED

#17 [11/16] RUN chmod +x /seedemu_sniffer
#17 CACHED

#18 [ 3/16] RUN mkdir -p /usr/share/doc/bird2/examples/
#18 CACHED

#19 [15/16] COPY d3d51fdf7f4bad30dc5db560a01ce629 /interface_setup
#21 exporting layers 0.1s done
#19 CACHED

#20 [16/16] COPY 8e9a384ab59c7626a3ffab63886cc30f /etc/bird/conf/kernel.conf

#5 [internal] load build context
#5 transferring context: 6.76kB done
#5 DONE 0.0s
#21 exporting manifest sha256:4836a355ba83b609c6ae28bdb0f4d0884cc3d26259b6fe8070198a7b60eac2e5 0.1s done
#21 exporting config sha256:a895a32dfee3fe7716a0930971343675833ddb69e9fdb6c9fdcfc863ba93a63d 0.1s done
#21 exporting attestation manifest sha256:f2b1342b2ba6a45629fc4f347911393f44bae28a02cdd563f0bfaf3137c7a409
#21 exporting attestation manifest sha256:f2b1342b2ba6a45629fc4f347911393f44bae28a02cdd563f0bfaf3137c7a409 0.2s done
#21 exporting manifest list sha256:86566c93c3c1f5b18f42568eb02efcc8994efda5c4db9eadac44a9907ef4e332
+ seedemu_build_and_push 192.168.122.110:5000/brdnode_1277_r32:latest ./brdnode_1277_r32
#21 exporting manifest list sha256:86566c93c3c1f5b18f42568eb02efcc8994efda5c4db9eadac44a9907ef4e332 0.1s done
#21 naming to 192.168.122.110:5000/brdnode_1277_r25:latest 0.0s done
#21 unpacking to 192.168.122.110:5000/brdnode_1277_r25:latest
#21 unpacking to 192.168.122.110:5000/brdnode_1277_r25:latest 0.2s done
#21 DONE 1.0s
#20 DONE 1.0s
+ seedemu_build_and_push 192.168.122.110:5000/brdnode_1277_r33:latest ./brdnode_1277_r33
+ seedemu_build_and_push 192.168.122.110:5000/brdnode_1277_r34:latest ./brdnode_1277_r34
+ seedemu_build_and_push 192.168.122.110:5000/brdnode_1277_r35:latest ./brdnode_1277_r35
+ seedemu_build_and_push 192.168.122.110:5000/brdnode_1277_r36:latest ./brdnode_1277_r36
+ seedemu_build_and_push 192.168.122.110:5000/brdnode_1277_r37:latest ./brdnode_1277_r37

#21 exporting to image

#6 [11/16] RUN chmod +x /seedemu_sniffer
#6 CACHED

#7 [ 3/16] RUN mkdir -p /usr/share/doc/bird2/examples/
#7 CACHED

#8 [ 6/16] COPY 365d27384adc9719099d1f63f2d15824 /root/.zshrc.pre
#8 CACHED

#9 [10/16] RUN chmod +x /start.sh
#9 CACHED

#10 [ 2/16] RUN apt-get update && apt-get install -y --no-install-recommends netcat-openbsd
#10 CACHED

#11 [ 9/16] COPY 17ac2d812a99a91e7f747e1defb72a29 /seedemu_worker
#11 CACHED

#12 [14/16] COPY e01e36443f9f72c6204189260d0bd276 /ifinfo.txt
#12 CACHED

#13 [ 4/16] RUN touch /usr/share/doc/bird2/examples/bird.conf
#13 CACHED

#14 [ 5/16] COPY 92872f20cfb75af4e3e1c588b00d6484 /replace_address.sh
#14 CACHED

#15 [ 8/16] COPY d18858afc6bb66ec3a19d872077acfd2 /seedemu_sniffer
#15 CACHED

#16 [12/16] RUN chmod +x /seedemu_worker
#16 CACHED

#17 [13/16] COPY 2b0ae038330eccd43095538618caee7d /etc/bird/bird.conf
#17 CACHED

#18 [ 7/16] COPY 082b96ec819c95ae773daebde675ef80 /start.sh
#18 CACHED

#19 [15/16] COPY d3d51fdf7f4bad30dc5db560a01ce629 /interface_setup
#0 building with "default" instance using docker driver

#1 [internal] load build definition from Dockerfile
#1 DONE 0.0s
#21 exporting layers 0.1s done
#21 exporting manifest sha256:1f7eed0b4f53a5f0d795cace2f06361b9209a8d988001f4614f5c8f429fc2776
#0 building with "default" instance using docker driver

#1 [internal] load build definition from Dockerfile
#1 transferring dockerfile: 884B done
#1 DONE 0.1s
#0 building with "default" instance using docker driver

#1 [internal] load build definition from Dockerfile
#1 transferring dockerfile: 884B done
#1 DONE 0.1s
#0 building with "default" instance using docker driver

#1 [internal] load build definition from Dockerfile
#1 transferring dockerfile: 884B done
#1 DONE 0.1s
#21 exporting manifest sha256:1f7eed0b4f53a5f0d795cace2f06361b9209a8d988001f4614f5c8f429fc2776 0.0s done
#21 exporting config sha256:ff694237d2d078ee111163817995870cd27b8fc2eaba61fabae77af86ae3a504 0.1s done
#19 CACHED

#20 [16/16] COPY 8e9a384ab59c7626a3ffab63886cc30f /etc/bird/conf/kernel.conf
#0 building with "default" instance using docker driver

#1 [internal] load build definition from Dockerfile
#1 transferring dockerfile: 884B done
#1 DONE 0.0s

#2 [internal] load metadata for docker.io/library/39e016aa9e819f203ebc1809245a5818:latest
#2 DONE 0.1s

#1 [internal] load build definition from Dockerfile
#1 transferring dockerfile: 884B done
#1 DONE 0.0s

#2 [internal] load metadata for docker.io/library/39e016aa9e819f203ebc1809245a5818:latest
#2 DONE 0.1s

#2 [internal] load metadata for docker.io/library/39e016aa9e819f203ebc1809245a5818:latest
#2 DONE 0.1s

#2 [internal] load metadata for docker.io/library/39e016aa9e819f203ebc1809245a5818:latest
#2 DONE 0.1s

#2 [internal] load metadata for docker.io/library/39e016aa9e819f203ebc1809245a5818:latest
#2 DONE 0.1s

#3 [internal] load .dockerignore
#3 transferring context: 2B done
#3 DONE 0.1s

#3 [internal] load .dockerignore
#3 transferring context: 2B done
#3 DONE 0.2s

#3 [internal] load .dockerignore
#3 transferring context: 2B done
#21 exporting attestation manifest sha256:5cc7d670c91d29186d0d20e04fd827efda35ebde026d84b5fba6953ce780b36e

#3 [internal] load .dockerignore
#3 transferring context: 2B done
#21 exporting attestation manifest sha256:5cc7d670c91d29186d0d20e04fd827efda35ebde026d84b5fba6953ce780b36e 0.2s done
#21 exporting manifest list sha256:a5bcf9ec8d32639769854ac8111035786f931ecfa3b2de2afebe05c4d72dae58

#3 DONE 0.2s
#3 [internal] load .dockerignore
#3 transferring context: 2B done
#3 DONE 0.2s
#3 DONE 0.2s
#0 building with "default" instance using docker driver

#1 [internal] load build definition from Dockerfile
#1 transferring dockerfile: 884B done
#1 DONE 0.2s

#4 [ 1/16] FROM docker.io/library/39e016aa9e819f203ebc1809245a5818:latest@sha256:43a6b8a656b4d087c7baad939091f8a4e19bfade899129aaa2d7fd409433266e
#4 resolve docker.io/library/39e016aa9e819f203ebc1809245a5818:latest@sha256:43a6b8a656b4d087c7baad939091f8a4e19bfade899129aaa2d7fd409433266e 0.0s done
#4 DONE 0.0s

#5 [internal] load build context
#20 DONE 0.4s

#21 exporting to image
#21 exporting layers 0.1s done
#5 transferring context: 6.76kB done
#5 DONE 0.1s

#4 [ 1/16] FROM docker.io/library/39e016aa9e819f203ebc1809245a5818:latest@sha256:43a6b8a656b4d087c7baad939091f8a4e19bfade899129aaa2d7fd409433266e
#4 resolve docker.io/library/39e016aa9e819f203ebc1809245a5818:latest@sha256:43a6b8a656b4d087c7baad939091f8a4e19bfade899129aaa2d7fd409433266e 0.0s done
#4 DONE 0.0s

#4 [ 1/16] FROM docker.io/library/39e016aa9e819f203ebc1809245a5818:latest@sha256:43a6b8a656b4d087c7baad939091f8a4e19bfade899129aaa2d7fd409433266e
#4 resolve docker.io/library/39e016aa9e819f203ebc1809245a5818:latest@sha256:43a6b8a656b4d087c7baad939091f8a4e19bfade899129aaa2d7fd409433266e 0.0s done
#4 DONE 0.0s

#5 [internal] load build context
#5 transferring context: 6.76kB done
#5 DONE 0.0s

#4 [ 1/16] FROM docker.io/library/39e016aa9e819f203ebc1809245a5818:latest@sha256:43a6b8a656b4d087c7baad939091f8a4e19bfade899129aaa2d7fd409433266e
#4 resolve docker.io/library/39e016aa9e819f203ebc1809245a5818:latest@sha256:43a6b8a656b4d087c7baad939091f8a4e19bfade899129aaa2d7fd409433266e 0.0s done
#4 DONE 0.0s

#5 [internal] load build context
#5 transferring context: 6.76kB done
#5 DONE 0.0s

#4 [ 1/16] FROM docker.io/library/39e016aa9e819f203ebc1809245a5818:latest@sha256:43a6b8a656b4d087c7baad939091f8a4e19bfade899129aaa2d7fd409433266e
#4 resolve docker.io/library/39e016aa9e819f203ebc1809245a5818:latest@sha256:43a6b8a656b4d087c7baad939091f8a4e19bfade899129aaa2d7fd409433266e 0.0s done
#4 DONE 0.0s

#5 [internal] load build context
#5 transferring context: 6.76kB done
#5 DONE 0.0s
#21 exporting manifest list sha256:a5bcf9ec8d32639769854ac8111035786f931ecfa3b2de2afebe05c4d72dae58 0.0s done
#21 naming to 192.168.122.110:5000/brdnode_1277_r30:latest done
#21 unpacking to 192.168.122.110:5000/brdnode_1277_r30:latest 0.1s done
#21 DONE 0.7s

#2 [internal] load metadata for docker.io/library/39e016aa9e819f203ebc1809245a5818:latest
#2 DONE 0.0s
#21 exporting manifest sha256:0bc9fdc952150b5609e6b132be1c78e6aeb4f0bed9a82c37b95ecbe6dac59a84 0.0s done
#21 exporting config sha256:228fa42277abf117333ea545c493d4758cbc621ac2b8649db91dd4ff176dbeda 0.0s done
#21 exporting attestation manifest sha256:480a8db5cf3ac72e8b5c5b6f96febf29737de85fb9f846d99cd49c897b48d7ea 0.0s done
#21 exporting manifest list sha256:c3f63ca5c0c050daec53a94b60080bf402a398d2b0d6e3a3c996aea1b916ac24 0.0s done
#21 naming to 192.168.122.110:5000/brdnode_1277_r31:latest done
#21 unpacking to 192.168.122.110:5000/brdnode_1277_r31:latest 0.1s done
#21 DONE 0.4s
+ seedemu_build_and_push 192.168.122.110:5000/brdnode_1277_r38:latest ./brdnode_1277_r38
+ seedemu_build_and_push 192.168.122.110:5000/brdnode_1277_r39:latest ./brdnode_1277_r39

#6 [11/16] RUN chmod +x /seedemu_sniffer
#6 CACHED

#7 [ 7/16] COPY 082b96ec819c95ae773daebde675ef80 /start.sh
#7 CACHED

#8 [ 8/16] COPY d18858afc6bb66ec3a19d872077acfd2 /seedemu_sniffer
#8 CACHED

#9 [ 6/16] COPY 365d27384adc9719099d1f63f2d15824 /root/.zshrc.pre
#9 CACHED

#10 [10/16] RUN chmod +x /start.sh
#10 CACHED

#11 [12/16] RUN chmod +x /seedemu_worker
#11 CACHED

#12 [ 2/16] RUN apt-get update && apt-get install -y --no-install-recommends netcat-openbsd
#12 CACHED

#13 [ 4/16] RUN touch /usr/share/doc/bird2/examples/bird.conf
#13 CACHED

#14 [ 5/16] COPY 92872f20cfb75af4e3e1c588b00d6484 /replace_address.sh
#14 CACHED

#15 [13/16] COPY 2b0ae038330eccd43095538618caee7d /etc/bird/bird.conf
#15 CACHED

#16 [14/16] COPY e01e36443f9f72c6204189260d0bd276 /ifinfo.txt
#16 CACHED

#17 [ 3/16] RUN mkdir -p /usr/share/doc/bird2/examples/
#17 CACHED

#18 [ 9/16] COPY 17ac2d812a99a91e7f747e1defb72a29 /seedemu_worker
#18 CACHED

#19 [15/16] COPY d3d51fdf7f4bad30dc5db560a01ce629 /interface_setup
#19 CACHED

#6 [14/16] COPY e01e36443f9f72c6204189260d0bd276 /ifinfo.txt
#6 CACHED

#7 [ 3/16] RUN mkdir -p /usr/share/doc/bird2/examples/
#7 CACHED

#8 [ 5/16] COPY 92872f20cfb75af4e3e1c588b00d6484 /replace_address.sh
#8 CACHED

#9 [ 8/16] COPY d18858afc6bb66ec3a19d872077acfd2 /seedemu_sniffer
#9 CACHED

#10 [ 9/16] COPY 17ac2d812a99a91e7f747e1defb72a29 /seedemu_worker
#10 CACHED

#11 [11/16] RUN chmod +x /seedemu_sniffer
#11 CACHED

#12 [ 2/16] RUN apt-get update && apt-get install -y --no-install-recommends netcat-openbsd
#12 CACHED

#13 [ 6/16] COPY 365d27384adc9719099d1f63f2d15824 /root/.zshrc.pre
#13 CACHED

#14 [ 4/16] RUN touch /usr/share/doc/bird2/examples/bird.conf

#14 CACHED

#15 [10/16] RUN chmod +x /start.sh
#15 CACHED

#6 [11/16] RUN chmod +x /seedemu_sniffer
#16 [ 7/16] COPY 082b96ec819c95ae773daebde675ef80 /start.sh
#6 CACHED
#16 CACHED


#17 [12/16] RUN chmod +x /seedemu_worker
#7 [12/16] RUN chmod +x /seedemu_worker
#17 CACHED

#7 CACHED
#18 [13/16] COPY 2b0ae038330eccd43095538618caee7d /etc/bird/bird.conf

#18 CACHED
#8 [13/16] COPY 2b0ae038330eccd43095538618caee7d /etc/bird/bird.conf
#8 CACHED


#19 [15/16] COPY d3d51fdf7f4bad30dc5db560a01ce629 /interface_setup
#9 [14/16] COPY e01e36443f9f72c6204189260d0bd276 /ifinfo.txt
#9 CACHED

#10 [ 2/16] RUN apt-get update && apt-get install -y --no-install-recommends netcat-openbsd
#10 CACHED

#11 [ 5/16] COPY 92872f20cfb75af4e3e1c588b00d6484 /replace_address.sh
#11 CACHED

#12 [ 9/16] COPY 17ac2d812a99a91e7f747e1defb72a29 /seedemu_worker
#12 CACHED

#13 [ 3/16] RUN mkdir -p /usr/share/doc/bird2/examples/
#13 CACHED

#14 [ 6/16] COPY 365d27384adc9719099d1f63f2d15824 /root/.zshrc.pre
#14 CACHED

#15 [ 8/16] COPY d18858afc6bb66ec3a19d872077acfd2 /seedemu_sniffer
#15 CACHED

#16 [ 4/16] RUN touch /usr/share/doc/bird2/examples/bird.conf
#16 CACHED

#17 [ 7/16] COPY 082b96ec819c95ae773daebde675ef80 /start.sh
#17 CACHED

#18 [10/16] RUN chmod +x /start.sh
#18 CACHED

#19 [15/16] COPY d3d51fdf7f4bad30dc5db560a01ce629 /interface_setup

#20 [16/16] COPY 8e9a384ab59c7626a3ffab63886cc30f /etc/bird/conf/kernel.conf
#19 CACHED
#19 CACHED
#20 DONE 0.2s

#21 exporting to image

#20 [16/16] COPY 8e9a384ab59c7626a3ffab63886cc30f /etc/bird/conf/kernel.conf

#20 [16/16] COPY 8e9a384ab59c7626a3ffab63886cc30f /etc/bird/conf/kernel.conf

#5 [internal] load build context
#5 DONE 0.0s

#6 [ 2/16] RUN apt-get update && apt-get install -y --no-install-recommends netcat-openbsd
#6 CACHED

#7 [ 6/16] COPY 365d27384adc9719099d1f63f2d15824 /root/.zshrc.pre
#7 CACHED

#8 [ 9/16] COPY 17ac2d812a99a91e7f747e1defb72a29 /seedemu_worker
#8 CACHED

#9 [10/16] RUN chmod +x /start.sh
#9 CACHED

#10 [ 5/16] COPY 92872f20cfb75af4e3e1c588b00d6484 /replace_address.sh
#10 CACHED

#11 [ 8/16] COPY d18858afc6bb66ec3a19d872077acfd2 /seedemu_sniffer
#11 CACHED

#12 [ 3/16] RUN mkdir -p /usr/share/doc/bird2/examples/
#12 CACHED

#13 [ 4/16] RUN touch /usr/share/doc/bird2/examples/bird.conf
#13 CACHED

#14 [ 7/16] COPY 082b96ec819c95ae773daebde675ef80 /start.sh
#14 CACHED

#15 [14/16] COPY e01e36443f9f72c6204189260d0bd276 /ifinfo.txt
#15 CACHED

#16 [11/16] RUN chmod +x /seedemu_sniffer
#16 CACHED

#17 [12/16] RUN chmod +x /seedemu_worker
#17 CACHED

#18 [13/16] COPY 2b0ae038330eccd43095538618caee7d /etc/bird/bird.conf
#18 CACHED

#19 [15/16] COPY d3d51fdf7f4bad30dc5db560a01ce629 /interface_setup
#0 building with "default" instance using docker driver

#1 [internal] load build definition from Dockerfile
#1 DONE 0.0s

#3 [internal] load .dockerignore
#0 building with "default" instance using docker driver

#1 [internal] load build definition from Dockerfile
#3 DONE 0.0s
#1 DONE 0.0s
#21 exporting layers

#5 [internal] load build context
#5 transferring context: 6.76kB done
#5 DONE 0.1s

#1 [internal] load build definition from Dockerfile
#1 transferring dockerfile: 884B done
#1 DONE 0.1s
#19 CACHED

#20 [16/16] COPY 8e9a384ab59c7626a3ffab63886cc30f /etc/bird/conf/kernel.conf
#21 exporting layers 0.3s done

#3 [internal] load .dockerignore
#3 transferring context: 2B done
#3 DONE 0.2s

#1 [internal] load build definition from Dockerfile
#1 transferring dockerfile: 884B done
#1 DONE 0.2s
#21 exporting manifest sha256:2fb986b99ac51b59db913d7cb88bb7f7f81b19f1b716806dc8c81e28b359b52d 0.1s done
#21 exporting config sha256:06671894c582e8b2dbeac4ece26d263e16756bb7a7dca1b9ce07415a8ee79da1
#21 exporting config sha256:06671894c582e8b2dbeac4ece26d263e16756bb7a7dca1b9ce07415a8ee79da1 0.1s done
#21 exporting attestation manifest sha256:632002f6ff3025af52282cfe39f09eb106eebc8e8cfb910a22c3d21967fc55b9
#21 exporting attestation manifest sha256:632002f6ff3025af52282cfe39f09eb106eebc8e8cfb910a22c3d21967fc55b9 0.2s done
#21 exporting manifest list sha256:76e680126dbe3b0262531763f6f163dde045033f3db207d06de4aaed1b56dcd5
#21 exporting manifest list sha256:76e680126dbe3b0262531763f6f163dde045033f3db207d06de4aaed1b56dcd5 0.1s done
#21 naming to 192.168.122.110:5000/brdnode_1277_r34:latest 0.0s done
#21 unpacking to 192.168.122.110:5000/brdnode_1277_r34:latest
#21 unpacking to 192.168.122.110:5000/brdnode_1277_r34:latest 0.2s done
#21 DONE 1.0s
#20 DONE 1.2s
#20 DONE 1.4s
#20 DONE 1.3s

#21 exporting to image

#2 [internal] load metadata for docker.io/library/39e016aa9e819f203ebc1809245a5818:latest

#2 [internal] load metadata for docker.io/library/39e016aa9e819f203ebc1809245a5818:latest

#4 [ 1/16] FROM docker.io/library/39e016aa9e819f203ebc1809245a5818:latest@sha256:43a6b8a656b4d087c7baad939091f8a4e19bfade899129aaa2d7fd409433266e
#4 resolve docker.io/library/39e016aa9e819f203ebc1809245a5818:latest@sha256:43a6b8a656b4d087c7baad939091f8a4e19bfade899129aaa2d7fd409433266e 0.0s done
#4 DONE 0.0s

#21 exporting to image
+ seedemu_build_and_push 192.168.122.110:5000/brdnode_1277_r40:latest ./brdnode_1277_r40

#21 exporting to image

#2 DONE 0.1s
#6 [13/16] COPY 2b0ae038330eccd43095538618caee7d /etc/bird/bird.conf

#6 CACHED
#3 [internal] load .dockerignore

#7 [ 2/16] RUN apt-get update && apt-get install -y --no-install-recommends netcat-openbsd
#3 DONE 0.0s
#7 CACHED

#8 [ 8/16] COPY d18858afc6bb66ec3a19d872077acfd2 /seedemu_sniffer
#8 CACHED

#9 [ 4/16] RUN touch /usr/share/doc/bird2/examples/bird.conf
#9 CACHED


#10 [ 7/16] COPY 082b96ec819c95ae773daebde675ef80 /start.sh
#10 CACHED

#2 DONE 0.1s
#11 [ 9/16] COPY 17ac2d812a99a91e7f747e1defb72a29 /seedemu_worker
#5 [internal] load build context
#11 CACHED


#12 [ 3/16] RUN mkdir -p /usr/share/doc/bird2/examples/
#12 CACHED

#3 [internal] load .dockerignore
#13 [10/16] RUN chmod +x /start.sh
#13 CACHED
#3 DONE 0.0s

#14 [14/16] COPY e01e36443f9f72c6204189260d0bd276 /ifinfo.txt
#14 CACHED

#15 [ 5/16] COPY 92872f20cfb75af4e3e1c588b00d6484 /replace_address.sh
#15 CACHED

#16 [ 6/16] COPY 365d27384adc9719099d1f63f2d15824 /root/.zshrc.pre
#16 CACHED

#17 [11/16] RUN chmod +x /seedemu_sniffer
#17 CACHED

#18 [12/16] RUN chmod +x /seedemu_worker
#18 CACHED

#19 [15/16] COPY d3d51fdf7f4bad30dc5db560a01ce629 /interface_setup
#21 exporting layers
#21 exporting layers
#21 exporting layers
#21 exporting layers 0.2s done
#21 exporting layers 0.2s done
#21 exporting layers 0.2s done
#21 exporting manifest sha256:13aa21abb45f203939ef8f19fb1335a78904a2379579726099d89c5cb73b6576 0.1s done
#21 exporting config sha256:c2a617b8abfc013690ff2db347183e4bbcfde2eb511985219cf2af7966894966
#19 CACHED

#20 [16/16] COPY 8e9a384ab59c7626a3ffab63886cc30f /etc/bird/conf/kernel.conf
#21 exporting manifest sha256:24c9920225dfde1f3cac73c1d3b90890c2fa7ddb9934ea441d3a030fe4747d1e 0.0s done
#21 exporting config sha256:8a906bd1ce8bd37e6eeb57d15edb69f6bf7c307cca811844b3de556c34f95066 0.1s done
#5 transferring context: 6.76kB done
#5 DONE 0.0s

#4 [ 1/16] FROM docker.io/library/39e016aa9e819f203ebc1809245a5818:latest@sha256:43a6b8a656b4d087c7baad939091f8a4e19bfade899129aaa2d7fd409433266e
#4 resolve docker.io/library/39e016aa9e819f203ebc1809245a5818:latest@sha256:43a6b8a656b4d087c7baad939091f8a4e19bfade899129aaa2d7fd409433266e 0.0s done
#4 DONE 0.0s

#3 [internal] load .dockerignore
#3 transferring context: 2B done
#3 DONE 0.0s

#4 [ 1/16] FROM docker.io/library/39e016aa9e819f203ebc1809245a5818:latest@sha256:43a6b8a656b4d087c7baad939091f8a4e19bfade899129aaa2d7fd409433266e
#4 resolve docker.io/library/39e016aa9e819f203ebc1809245a5818:latest@sha256:43a6b8a656b4d087c7baad939091f8a4e19bfade899129aaa2d7fd409433266e 0.0s done
#4 DONE 0.0s

#3 [internal] load .dockerignore
#3 transferring context: 2B done
#3 DONE 0.0s

#5 [internal] load build context
#5 transferring context: 6.76kB done
#5 DONE 0.0s
#21 exporting manifest sha256:427390ab8a13d7eeef60a1a1a7fc996e04f6cf5ea47e5e74fdd0cfbc4e6891ed 0.1s done
#21 exporting config sha256:a3f2b993bd2448e123ad9bbf4255b7afac315b2a8f8ca377f6e858527879bd84
#20 DONE 0.3s
#21 exporting config sha256:a3f2b993bd2448e123ad9bbf4255b7afac315b2a8f8ca377f6e858527879bd84 0.2s done
#21 exporting config sha256:c2a617b8abfc013690ff2db347183e4bbcfde2eb511985219cf2af7966894966 0.2s done
#21 exporting attestation manifest sha256:b67ec8bc785b22ba681e3f6e8433f14625550cdeeedbb7b285acf6fe08a8a40d
#21 exporting attestation manifest sha256:b67ec8bc785b22ba681e3f6e8433f14625550cdeeedbb7b285acf6fe08a8a40d 0.1s done
#21 exporting manifest list sha256:35bee49bd7c005a8d467d81fc1096beb21f519f2d6a836bb256ac761f6dcfb5a 0.0s done
#21 naming to 192.168.122.110:5000/brdnode_1277_r33:latest 0.0s done
#21 unpacking to 192.168.122.110:5000/brdnode_1277_r33:latest
#21 exporting attestation manifest sha256:9865575bf8ee3dd88d1021d3716b8c7859b9c1b570319582bd1c1df76a1cf3c6 0.1s done
#21 exporting manifest list sha256:7ff63ac240609250d28f21373daf64f6c0622ce9bb1347c3b62ce14c52c0c5d3 0.0s done
#21 naming to 192.168.122.110:5000/brdnode_1277_r36:latest
#21 exporting attestation manifest sha256:fd238cb47f4d252f7ee0f1d33c474c5fef51dfd9635827ca3f52d72d4d40c862 0.1s done
#21 exporting manifest list sha256:19e3cf9f84b3a6eaa53e18ea69ed66e0ce7a2311380c91efa95914e0ddc55f10 0.0s done
#21 naming to 192.168.122.110:5000/brdnode_1277_r32:latest
#21 unpacking to 192.168.122.110:5000/brdnode_1277_r33:latest 0.1s done
#21 DONE 0.8s
#21 naming to 192.168.122.110:5000/brdnode_1277_r36:latest done
#21 unpacking to 192.168.122.110:5000/brdnode_1277_r36:latest 0.1s done
#21 DONE 0.8s
#21 naming to 192.168.122.110:5000/brdnode_1277_r32:latest done
#21 unpacking to 192.168.122.110:5000/brdnode_1277_r32:latest 0.1s done
#21 DONE 0.8s
+ seedemu_build_and_push 192.168.122.110:5000/brdnode_1277_r41:latest ./brdnode_1277_r41
+ seedemu_build_and_push 192.168.122.110:5000/brdnode_1277_r42:latest ./brdnode_1277_r42
+ seedemu_build_and_push 192.168.122.110:5000/brdnode_1277_r43:latest ./brdnode_1277_r43

#21 exporting to image
#21 exporting layers 0.1s done
#21 exporting manifest sha256:425f7b9b3fa722d5250951b12dc8ccfe9642e7bbbab00db014b8ebd7654876e1 0.0s done
#21 exporting config sha256:3b20293798e7979dd610d2f70098306894816b65b6640ecdf82c499dc9a2c4db
#21 exporting config sha256:3b20293798e7979dd610d2f70098306894816b65b6640ecdf82c499dc9a2c4db 0.0s done
#21 exporting attestation manifest sha256:b1547e4127bcb48787314bcdd8e716e265a09329ec6b7a64eaf254e7ab8a7447 0.0s done
#21 exporting manifest list sha256:7cbeedfd1c67d143c9add231a5e9717f14831a8487ca5bd0abc20134be141add 0.0s done
#21 naming to 192.168.122.110:5000/brdnode_1277_r35:latest done
#21 unpacking to 192.168.122.110:5000/brdnode_1277_r35:latest 0.0s done
#21 DONE 0.3s

#6 [13/16] COPY 2b0ae038330eccd43095538618caee7d /etc/bird/bird.conf
#6 CACHED

#7 [14/16] COPY e01e36443f9f72c6204189260d0bd276 /ifinfo.txt
#7 CACHED

#8 [ 2/16] RUN apt-get update && apt-get install -y --no-install-recommends netcat-openbsd
#8 CACHED

#9 [ 3/16] RUN mkdir -p /usr/share/doc/bird2/examples/
#9 CACHED

#10 [ 5/16] COPY 92872f20cfb75af4e3e1c588b00d6484 /replace_address.sh
#10 CACHED

#11 [12/16] RUN chmod +x /seedemu_worker
#11 CACHED

#12 [ 4/16] RUN touch /usr/share/doc/bird2/examples/bird.conf
#12 CACHED

#13 [ 6/16] COPY 365d27384adc9719099d1f63f2d15824 /root/.zshrc.pre
#13 CACHED

#14 [ 9/16] COPY 17ac2d812a99a91e7f747e1defb72a29 /seedemu_worker
#14 CACHED

#15 [ 7/16] COPY 082b96ec819c95ae773daebde675ef80 /start.sh
#15 CACHED

#16 [ 8/16] COPY d18858afc6bb66ec3a19d872077acfd2 /seedemu_sniffer
#16 CACHED

#17 [10/16] RUN chmod +x /start.sh
#17 CACHED

#18 [11/16] RUN chmod +x /seedemu_sniffer
#18 CACHED

#19 [15/16] COPY d3d51fdf7f4bad30dc5db560a01ce629 /interface_setup
#19 CACHED
+ seedemu_build_and_push 192.168.122.110:5000/brdnode_1277_r44:latest ./brdnode_1277_r44

#20 [16/16] COPY 8e9a384ab59c7626a3ffab63886cc30f /etc/bird/conf/kernel.conf


#6 [ 2/16] RUN apt-get update && apt-get install -y --no-install-recommends netcat-openbsd
#5 [internal] load build context
#6 CACHED

#5 DONE 0.0s
#7 [ 4/16] RUN touch /usr/share/doc/bird2/examples/bird.conf
#7 CACHED

#8 [ 6/16] COPY 365d27384adc9719099d1f63f2d15824 /root/.zshrc.pre
#8 CACHED

#9 [ 8/16] COPY d18858afc6bb66ec3a19d872077acfd2 /seedemu_sniffer
#9 CACHED

#10 [10/16] RUN chmod +x /start.sh
#10 CACHED

#11 [ 3/16] RUN mkdir -p /usr/share/doc/bird2/examples/
#11 CACHED

#12 [ 5/16] COPY 92872f20cfb75af4e3e1c588b00d6484 /replace_address.sh
#12 CACHED

#13 [ 9/16] COPY 17ac2d812a99a91e7f747e1defb72a29 /seedemu_worker
#13 CACHED

#14 [11/16] RUN chmod +x /seedemu_sniffer
#14 CACHED

#15 [ 7/16] COPY 082b96ec819c95ae773daebde675ef80 /start.sh
#15 CACHED

#16 [12/16] RUN chmod +x /seedemu_worker
#16 CACHED

#17 [13/16] COPY 2b0ae038330eccd43095538618caee7d /etc/bird/bird.conf
#17 CACHED

#18 [14/16] COPY e01e36443f9f72c6204189260d0bd276 /ifinfo.txt
#18 CACHED

#19 [15/16] COPY d3d51fdf7f4bad30dc5db560a01ce629 /interface_setup
#0 building with "default" instance using docker driver

#1 [internal] load build definition from Dockerfile
#1 DONE 0.0s
#0 building with "default" instance using docker driver

#1 [internal] load build definition from Dockerfile
#1 DONE 0.0s
#0 building with "default" instance using docker driver

#0 building with "default" instance using docker driver

#1 [internal] load build definition from Dockerfile
#1 [internal] load build definition from Dockerfile
#0 building with "default" instance using docker driver

#1 DONE 0.0s
#1 DONE 0.0s
#1 [internal] load build definition from Dockerfile
#1 DONE 0.0s

#1 [internal] load build definition from Dockerfile
#1 transferring dockerfile:

#1 [internal] load build definition from Dockerfile
#1 transferring dockerfile: 884B done
#1 DONE 0.1s
#19 CACHED

#20 [16/16] COPY 8e9a384ab59c7626a3ffab63886cc30f /etc/bird/conf/kernel.conf

#5 [internal] load build context
#5 transferring context: 6.76kB done
#5 DONE 0.2s

#1 [internal] load build definition from Dockerfile
#1 transferring dockerfile: 884B done
#1 DONE 0.2s

#1 [internal] load build definition from Dockerfile
#1 transferring dockerfile: 884B done
#1 DONE 0.2s

#1 [internal] load build definition from Dockerfile
#1 transferring dockerfile: 884B done
#1 DONE 0.2s

#2 [internal] load metadata for docker.io/library/39e016aa9e819f203ebc1809245a5818:latest
#2 DONE 0.1s
#1 transferring dockerfile: 884B done
#1 DONE 0.3s
#20 DONE 1.4s
#20 DONE 1.4s

#21 exporting to image

#2 [internal] load metadata for docker.io/library/39e016aa9e819f203ebc1809245a5818:latest

#2 [internal] load metadata for docker.io/library/39e016aa9e819f203ebc1809245a5818:latest

#2 [internal] load metadata for docker.io/library/39e016aa9e819f203ebc1809245a5818:latest

#2 [internal] load metadata for docker.io/library/39e016aa9e819f203ebc1809245a5818:latest

#21 exporting to image

#3 [internal] load .dockerignore
#3 DONE 0.0s

#6 [14/16] COPY e01e36443f9f72c6204189260d0bd276 /ifinfo.txt
#6 CACHED

#7 [10/16] RUN chmod +x /start.sh
#7 CACHED

#8 [11/16] RUN chmod +x /seedemu_sniffer
#8 CACHED

#9 [12/16] RUN chmod +x /seedemu_worker
#9 CACHED

#10 [ 3/16] RUN mkdir -p /usr/share/doc/bird2/examples/
#10 CACHED

#11 [ 6/16] COPY 365d27384adc9719099d1f63f2d15824 /root/.zshrc.pre
#11 CACHED

#12 [13/16] COPY 2b0ae038330eccd43095538618caee7d /etc/bird/bird.conf
#12 CACHED

#13 [ 2/16] RUN apt-get update && apt-get install -y --no-install-recommends netcat-openbsd
#13 CACHED

#14 [ 5/16] COPY 92872f20cfb75af4e3e1c588b00d6484 /replace_address.sh
#14 CACHED

#15 [ 7/16] COPY 082b96ec819c95ae773daebde675ef80 /start.sh
#15 CACHED

#16 [ 8/16] COPY d18858afc6bb66ec3a19d872077acfd2 /seedemu_sniffer
#16 CACHED

#17 [ 9/16] COPY 17ac2d812a99a91e7f747e1defb72a29 /seedemu_worker
#17 CACHED

#18 [ 4/16] RUN touch /usr/share/doc/bird2/examples/bird.conf
#18 CACHED

#19 [15/16] COPY d3d51fdf7f4bad30dc5db560a01ce629 /interface_setup
#2 DONE 0.1s

#3 [internal] load .dockerignore
#3 transferring context:
#2 DONE 0.1s

#3 [internal] load .dockerignore
#3 transferring context:
#2 DONE 0.1s

#3 [internal] load .dockerignore
#3 transferring context:
#2 DONE 0.1s

#3 [internal] load .dockerignore
#3 transferring context:
#21 exporting layers 0.1s done
#21 exporting layers 0.1s done
#3 transferring context: 2B done
#3 DONE 0.0s

#4 [ 1/16] FROM docker.io/library/39e016aa9e819f203ebc1809245a5818:latest@sha256:43a6b8a656b4d087c7baad939091f8a4e19bfade899129aaa2d7fd409433266e
#4 resolve docker.io/library/39e016aa9e819f203ebc1809245a5818:latest@sha256:43a6b8a656b4d087c7baad939091f8a4e19bfade899129aaa2d7fd409433266e 0.0s done
#4 DONE 0.0s

#5 [internal] load build context
#5 transferring context: 7.58kB 0.0s done
#5 DONE 0.1s
#3 transferring context: 2B done
#3 DONE 0.0s

#4 [ 1/16] FROM docker.io/library/39e016aa9e819f203ebc1809245a5818:latest@sha256:43a6b8a656b4d087c7baad939091f8a4e19bfade899129aaa2d7fd409433266e
#4 resolve docker.io/library/39e016aa9e819f203ebc1809245a5818:latest@sha256:43a6b8a656b4d087c7baad939091f8a4e19bfade899129aaa2d7fd409433266e 0.0s done
#4 DONE 0.0s

#5 [internal] load build context
#5 transferring context: 6.76kB done
#5 DONE 0.1s
#3 transferring context: 2B done
#3 DONE 0.1s

#4 [ 1/16] FROM docker.io/library/39e016aa9e819f203ebc1809245a5818:latest@sha256:43a6b8a656b4d087c7baad939091f8a4e19bfade899129aaa2d7fd409433266e
#4 resolve docker.io/library/39e016aa9e819f203ebc1809245a5818:latest@sha256:43a6b8a656b4d087c7baad939091f8a4e19bfade899129aaa2d7fd409433266e 0.0s done
#4 DONE 0.0s

#5 [internal] load build context
#5 transferring context: 6.76kB done
#5 DONE 0.1s
#19 CACHED

#20 [16/16] COPY 8e9a384ab59c7626a3ffab63886cc30f /etc/bird/conf/kernel.conf
#21 exporting manifest sha256:2f84fd025f7ed2cc049b2c0df97737db17c64065381870203ccd48a4bb8efff8 0.1s done
#21 exporting config sha256:8f638e349871e0afb94688d2b69d6b23dea121d5771a70808785e527ce71aaf4 0.1s done

#4 [ 1/16] FROM docker.io/library/39e016aa9e819f203ebc1809245a5818:latest@sha256:43a6b8a656b4d087c7baad939091f8a4e19bfade899129aaa2d7fd409433266e
#4 resolve docker.io/library/39e016aa9e819f203ebc1809245a5818:latest@sha256:43a6b8a656b4d087c7baad939091f8a4e19bfade899129aaa2d7fd409433266e 0.0s done
#4 DONE 0.0s

#3 [internal] load .dockerignore
#3 transferring context: 2B done
#3 DONE 0.0s

#5 [internal] load build context
#5 transferring context: 6.75kB done
#5 DONE 0.1s
#21 exporting manifest sha256:2e06fea8eba1e095448750ce5e281d0c8176bc26a8e41fdbb52a36e389778012 0.1s done
#21 exporting config sha256:0dfdd0da0423da096fef7c14d6d86d813a598a03ea16f9c9083b0c98e92d059b 0.1s done
#3 transferring context: 2B done
#3 DONE 0.1s

#4 [ 1/16] FROM docker.io/library/39e016aa9e819f203ebc1809245a5818:latest@sha256:43a6b8a656b4d087c7baad939091f8a4e19bfade899129aaa2d7fd409433266e
#4 resolve docker.io/library/39e016aa9e819f203ebc1809245a5818:latest@sha256:43a6b8a656b4d087c7baad939091f8a4e19bfade899129aaa2d7fd409433266e 0.0s done
#4 DONE 0.0s

#5 [internal] load build context
#5 transferring context: 6.76kB done
#5 DONE 0.1s
#21 exporting attestation manifest sha256:89a0651ed6f7efe686b8201ab67f4e6f09aaea55a7f94edc32f5a94eec8efe42
#20 DONE 0.4s
#21 exporting attestation manifest sha256:98ee63c7e324cb52d610c55cd96f5258394f7a71ba35893756b6de1c40f59d40
#21 exporting attestation manifest sha256:98ee63c7e324cb52d610c55cd96f5258394f7a71ba35893756b6de1c40f59d40 0.2s done
#21 exporting manifest list sha256:b1ff55255268f3843dd0781e2486d12077d5c59b2b4694d6b125d6502a487df2
#21 exporting attestation manifest sha256:89a0651ed6f7efe686b8201ab67f4e6f09aaea55a7f94edc32f5a94eec8efe42 0.1s done
#21 exporting manifest list sha256:d71c0c76b43d0d74f6ce5eb9b1e0a7dd61309437830c3bc3dae70b5d48b64d60
#21 exporting manifest list sha256:b1ff55255268f3843dd0781e2486d12077d5c59b2b4694d6b125d6502a487df2 0.0s done
#21 naming to 192.168.122.110:5000/brdnode_1277_r37:latest done
#21 unpacking to 192.168.122.110:5000/brdnode_1277_r37:latest 0.1s done
#21 DONE 0.7s
#21 exporting manifest list sha256:d71c0c76b43d0d74f6ce5eb9b1e0a7dd61309437830c3bc3dae70b5d48b64d60 0.0s done
#21 naming to 192.168.122.110:5000/brdnode_1277_r39:latest 0.0s done
#21 unpacking to 192.168.122.110:5000/brdnode_1277_r39:latest 0.1s done
#21 DONE 0.7s
+ seedemu_build_and_push 192.168.122.110:5000/brdnode_1277_r45:latest ./brdnode_1277_r45
+ seedemu_build_and_push 192.168.122.110:5000/brdnode_1277_r50:latest ./brdnode_1277_r50

#21 exporting to image
#21 exporting layers 0.1s done
#21 exporting manifest sha256:e40f4327f904ece2cd26bc517c453c3d0fca1f8cc792186a65e889fedf427770 0.0s done
#21 exporting config sha256:d2a59cb5ad2ffdbce4c0969a081603fe2e3bb15ca0588182436a45038a08ddfb
#21 exporting config sha256:d2a59cb5ad2ffdbce4c0969a081603fe2e3bb15ca0588182436a45038a08ddfb 0.0s done
#21 exporting attestation manifest sha256:2af720e9a0f454ccafa7cd189287318301c863a42f5df62bfbc982e36809784c 0.0s done
#21 exporting manifest list sha256:efbbba79792b44ac4704ab88ef4a395d497b84211b16cab4745ef1ecea67956e 0.0s done
#21 naming to 192.168.122.110:5000/brdnode_1277_r38:latest done
#21 unpacking to 192.168.122.110:5000/brdnode_1277_r38:latest 0.1s done
#21 DONE 0.4s
+ seedemu_build_and_push 192.168.122.110:5000/brdnode_1277_r51:latest ./brdnode_1277_r51

#6 [10/16] RUN chmod +x /start.sh
#6 CACHED

#7 [ 5/16] COPY 92872f20cfb75af4e3e1c588b00d6484 /replace_address.sh
#7 CACHED

#8 [11/16] RUN chmod +x /seedemu_sniffer
#8 CACHED

#9 [13/16] COPY 2b0ae038330eccd43095538618caee7d /etc/bird/bird.conf
#9 CACHED

#10 [ 6/16] COPY 365d27384adc9719099d1f63f2d15824 /root/.zshrc.pre
#10 CACHED

#11 [ 7/16] COPY 082b96ec819c95ae773daebde675ef80 /start.sh
#11 CACHED

#12 [ 8/16] COPY d18858afc6bb66ec3a19d872077acfd2 /seedemu_sniffer
#12 CACHED

#13 [ 2/16] RUN apt-get update && apt-get install -y --no-install-recommends netcat-openbsd
#13 CACHED

#14 [ 9/16] COPY 17ac2d812a99a91e7f747e1defb72a29 /seedemu_worker
#14 CACHED

#15 [12/16] RUN chmod +x /seedemu_worker
#15 CACHED

#16 [14/16] COPY e01e36443f9f72c6204189260d0bd276 /ifinfo.txt
#16 CACHED

#17 [ 3/16] RUN mkdir -p /usr/share/doc/bird2/examples/
#17 CACHED

#18 [ 4/16] RUN touch /usr/share/doc/bird2/examples/bird.conf
#18 CACHED

#19 [15/16] COPY d3d51fdf7f4bad30dc5db560a01ce629 /interface_setup


#6 [ 5/16] COPY 92872f20cfb75af4e3e1c588b00d6484 /replace_address.sh
#6 [ 2/16] RUN apt-get update && apt-get install -y --no-install-recommends netcat-openbsd
#6 CACHED
#6 CACHED

#7 [ 9/16] COPY 17ac2d812a99a91e7f747e1defb72a29 /seedemu_worker

#7 CACHED
#7 [ 7/16] COPY 082b96ec819c95ae773daebde675ef80 /start.sh

#7 CACHED
#8 [ 3/16] RUN mkdir -p /usr/share/doc/bird2/examples/

#8 CACHED

#8 [ 9/16] COPY 17ac2d812a99a91e7f747e1defb72a29 /seedemu_worker
#9 [ 8/16] COPY d18858afc6bb66ec3a19d872077acfd2 /seedemu_sniffer
#8 CACHED
#9 CACHED


#10 [14/16] COPY e01e36443f9f72c6204189260d0bd276 /ifinfo.txt
#9 [10/16] RUN chmod +x /start.sh
#10 CACHED
#9 CACHED


#11 [ 2/16] RUN apt-get update && apt-get install -y --no-install-recommends netcat-openbsd
#11 CACHED
#10 [13/16] COPY 2b0ae038330eccd43095538618caee7d /etc/bird/bird.conf

#10 CACHED
#12 [ 4/16] RUN touch /usr/share/doc/bird2/examples/bird.conf

#12 CACHED
#11 [ 4/16] RUN touch /usr/share/doc/bird2/examples/bird.conf

#13 [10/16] RUN chmod +x /start.sh
#11 CACHED
#13 CACHED


#14 [11/16] RUN chmod +x /seedemu_sniffer
#12 [ 8/16] COPY d18858afc6bb66ec3a19d872077acfd2 /seedemu_sniffer
#14 CACHED

#12 CACHED
#15 [12/16] RUN chmod +x /seedemu_worker

#15 CACHED
#13 [11/16] RUN chmod +x /seedemu_sniffer

#13 CACHED
#16 [ 6/16] COPY 365d27384adc9719099d1f63f2d15824 /root/.zshrc.pre
#16 CACHED


#14 [ 3/16] RUN mkdir -p /usr/share/doc/bird2/examples/

#17 [ 7/16] COPY 082b96ec819c95ae773daebde675ef80 /start.sh
#14 CACHED
#17 CACHED


#15 [ 5/16] COPY 92872f20cfb75af4e3e1c588b00d6484 /replace_address.sh
#18 [13/16] COPY 2b0ae038330eccd43095538618caee7d /etc/bird/bird.conf
#6 [ 8/16] COPY d18858afc6bb66ec3a19d872077acfd2 /seedemu_sniffer
#15 CACHED
#18 CACHED
#6 CACHED



#16 [ 6/16] COPY 365d27384adc9719099d1f63f2d15824 /root/.zshrc.pre
#19 [15/16] COPY d3d51fdf7f4bad30dc5db560a01ce629 /interface_setup
#7 [11/16] RUN chmod +x /seedemu_sniffer
#16 CACHED
#7 CACHED


#17 [12/16] RUN chmod +x /seedemu_worker
#8 [13/16] COPY 2b0ae038330eccd43095538618caee7d /etc/bird/bird.conf
#17 CACHED
#8 CACHED


#18 [14/16] COPY e01e36443f9f72c6204189260d0bd276 /ifinfo.txt
#9 [ 3/16] RUN mkdir -p /usr/share/doc/bird2/examples/
#18 CACHED
#9 CACHED


#10 [10/16] RUN chmod +x /start.sh
#10 CACHED
#19 [15/16] COPY d3d51fdf7f4bad30dc5db560a01ce629 /interface_setup

#11 [14/16] COPY e01e36443f9f72c6204189260d0bd276 /ifinfo.txt
#11 CACHED

#12 [ 9/16] COPY 17ac2d812a99a91e7f747e1defb72a29 /seedemu_worker
#12 CACHED

#13 [12/16] RUN chmod +x /seedemu_worker
#13 CACHED

#14 [ 2/16] RUN apt-get update && apt-get install -y --no-install-recommends netcat-openbsd
#14 CACHED

#15 [ 4/16] RUN touch /usr/share/doc/bird2/examples/bird.conf
#15 CACHED

#16 [ 5/16] COPY 92872f20cfb75af4e3e1c588b00d6484 /replace_address.sh
#16 CACHED

#17 [ 6/16] COPY 365d27384adc9719099d1f63f2d15824 /root/.zshrc.pre
#17 CACHED

#18 [ 7/16] COPY 082b96ec819c95ae773daebde675ef80 /start.sh
#18 CACHED

#19 [15/16] COPY d3d51fdf7f4bad30dc5db560a01ce629 /interface_setup
#0 building with "default" instance using docker driver

#1 [internal] load build definition from Dockerfile
#1 DONE 0.0s
#0 building with "default" instance using docker driver

#1 [internal] load build definition from Dockerfile

#6 [12/16] RUN chmod +x /seedemu_worker
#6 CACHED

#7 [14/16] COPY e01e36443f9f72c6204189260d0bd276 /ifinfo.txt
#7 CACHED

#8 [ 2/16] RUN apt-get update && apt-get install -y --no-install-recommends netcat-openbsd
#0 building with "default" instance using docker driver

#8 CACHED

#9 [ 3/16] RUN mkdir -p /usr/share/doc/bird2/examples/
#9 CACHED
#1 [internal] load build definition from Dockerfile

#10 [ 4/16] RUN touch /usr/share/doc/bird2/examples/bird.conf
#10 CACHED

#11 [ 5/16] COPY 92872f20cfb75af4e3e1c588b00d6484 /replace_address.sh
#11 CACHED

#12 [ 8/16] COPY d18858afc6bb66ec3a19d872077acfd2 /seedemu_sniffer
#12 CACHED

#13 [10/16] RUN chmod +x /start.sh
#13 CACHED

#14 [11/16] RUN chmod +x /seedemu_sniffer
#14 CACHED

#15 [ 6/16] COPY 365d27384adc9719099d1f63f2d15824 /root/.zshrc.pre
#15 CACHED

#16 [ 9/16] COPY 17ac2d812a99a91e7f747e1defb72a29 /seedemu_worker
#16 CACHED

#17 [13/16] COPY 2b0ae038330eccd43095538618caee7d /etc/bird/bird.conf
#17 CACHED

#18 [ 7/16] COPY 082b96ec819c95ae773daebde675ef80 /start.sh
#18 CACHED

#19 [15/16] COPY d3d51fdf7f4bad30dc5db560a01ce629 /interface_setup
#1 transferring dockerfile:

#1 [internal] load build definition from Dockerfile
#1 transferring dockerfile:
#1 transferring dockerfile:
#19 CACHED

#20 [16/16] COPY 8e9a384ab59c7626a3ffab63886cc30f /etc/bird/conf/kernel.conf
#19 CACHED

#20 [16/16] COPY 8e9a384ab59c7626a3ffab63886cc30f /etc/bird/conf/kernel.conf
#19 CACHED

#20 [16/16] COPY 8e9a384ab59c7626a3ffab63886cc30f /etc/bird/conf/kernel.conf
#19 CACHED

#20 [16/16] COPY 8e9a384ab59c7626a3ffab63886cc30f /etc/bird/conf/kernel.conf
#19 CACHED

#20 [16/16] COPY 8e9a384ab59c7626a3ffab63886cc30f /etc/bird/conf/kernel.conf
#1 transferring dockerfile: 884B done
#1 transferring dockerfile: 884B done
#1 DONE 0.2s
#1 DONE 0.2s


#2 [internal] load metadata for docker.io/library/39e016aa9e819f203ebc1809245a5818:latest
#2 [internal] load metadata for docker.io/library/39e016aa9e819f203ebc1809245a5818:latest
#2 DONE 0.0s
#2 DONE 0.1s
#1 transferring dockerfile: 884B done
#1 DONE 0.2s

#2 [internal] load metadata for docker.io/library/39e016aa9e819f203ebc1809245a5818:latest
#2 DONE 0.0s

#3 [internal] load .dockerignore
#3 transferring context: 2B done
#3 DONE 0.0s

#3 [ 1/16] FROM docker.io/library/39e016aa9e819f203ebc1809245a5818:latest@sha256:43a6b8a656b4d087c7baad939091f8a4e19bfade899129aaa2d7fd409433266e
#3 resolve docker.io/library/39e016aa9e819f203ebc1809245a5818:latest@sha256:43a6b8a656b4d087c7baad939091f8a4e19bfade899129aaa2d7fd409433266e 0.0s done
#3 DONE 0.0s

#4 [internal] load .dockerignore
#4 transferring context: 2B done
#4 DONE 0.0s

#5 [internal] load build context

#3 [ 1/16] FROM docker.io/library/39e016aa9e819f203ebc1809245a5818:latest@sha256:43a6b8a656b4d087c7baad939091f8a4e19bfade899129aaa2d7fd409433266e
#3 resolve docker.io/library/39e016aa9e819f203ebc1809245a5818:latest@sha256:43a6b8a656b4d087c7baad939091f8a4e19bfade899129aaa2d7fd409433266e 0.0s done
#3 DONE 0.0s

#4 [internal] load .dockerignore
#4 transferring context: 2B done
#4 DONE 0.0s

#5 [internal] load build context
#5 transferring context: 6.76kB done
#5 DONE 0.0s

#4 [ 1/16] FROM docker.io/library/39e016aa9e819f203ebc1809245a5818:latest@sha256:43a6b8a656b4d087c7baad939091f8a4e19bfade899129aaa2d7fd409433266e
#4 resolve docker.io/library/39e016aa9e819f203ebc1809245a5818:latest@sha256:43a6b8a656b4d087c7baad939091f8a4e19bfade899129aaa2d7fd409433266e 0.0s done
#4 DONE 0.0s

#5 [internal] load build context
#5 transferring context: 6.76kB done
#5 DONE 0.0s
#5 transferring context: 6.76kB done
#5 DONE 0.1s
#20 DONE 1.5s
#20 DONE 1.5s
#20 DONE 1.5s
#20 DONE 1.5s
#20 DONE 1.5s

#21 exporting to image

#21 exporting to image
#21 exporting layers

#21 exporting to image
#21 exporting layers

#21 exporting to image
#21 exporting layers

#21 exporting to image
#21 exporting layers
#21 exporting layers
#21 exporting layers 0.2s done
#21 exporting layers 0.3s done
#21 exporting layers 0.3s done
#21 exporting layers 0.3s done
#21 exporting layers 0.3s done
#21 exporting manifest sha256:424388f68a1629a6171a411ad763823a12318136628282b2eef4e168e76df313 0.0s done
#21 exporting config sha256:fb7eb23b8cb3998440889b7d41cc012182c5999ae5e2df6aebb78648ca866c9b 0.0s done
#21 exporting attestation manifest sha256:912b40626c49f0cb064c7f7b7ff2f4b45a39af78005116ba4bf8ace541aceca5
#21 exporting manifest sha256:41552205720f6efbb6e8a1716319b73baef769808cf35e885cabd73406812e15 0.0s done
#21 exporting config sha256:d685eab10199334c6ac5a1182c64bf0271525775279dc284acf63635bb4c6ac8 0.0s done
#21 exporting attestation manifest sha256:f3cd49f85ae34cdac56daf241546d7c13cdaf18d021d67ebd188589566b82a7f
#21 exporting manifest sha256:22836bcae7287e0b4a59c173a1e6a70a51eaf061771923d2a522577f5cbd537f 0.0s done
#21 exporting config sha256:65738bc9c7c54a8ebb5bba0b0e3161200124a9e490c4189ec1c90900401b0f26 0.1s done
#21 exporting attestation manifest sha256:20b9bfbf03d2110177d419e4c308f4ecc72a6fffce0cdf408fceee13c0f90994
#21 exporting manifest sha256:3d76ddc708e2333ed82d3b8e932aa8cab3711ae397254e82afe6c9fed1b584cd 0.0s done
#21 exporting config sha256:1877780ad5230ad78466df4806fd0d6516e74628534de2f65967fc66f6befd0d 0.1s done
#21 exporting attestation manifest sha256:338f4a9c97488eef924a507dfbde9aad396002ccf58fa43a666bd5c310e6bf6f
#21 exporting manifest sha256:9dbad0cf11ee8bacb6ddce3dcc5db9ecfd69d9708ad768f5c18a0297df10e04c 0.0s done
#21 exporting config sha256:50b70c6f3997bfea058af7e94e627723bee0fb12ea1676f2464d981e2f7c2957 0.1s done
#21 exporting attestation manifest sha256:4cc6730fb9544acb19f360f5f503a85210b8d110b38c1bad5923dd05297d0c2b
#21 exporting attestation manifest sha256:912b40626c49f0cb064c7f7b7ff2f4b45a39af78005116ba4bf8ace541aceca5 0.1s done
#21 exporting manifest list sha256:9711d0c7f3fc09a8de908186323d97e3531cce9d7135a2eef0187d6deacd416d
#21 exporting attestation manifest sha256:f3cd49f85ae34cdac56daf241546d7c13cdaf18d021d67ebd188589566b82a7f 0.1s done
#21 exporting manifest list sha256:4f1f1eb15b41669f18b1c262f5a2fdb147fe92a3f0bdd545abb1a2addaa8cfd6
#21 exporting attestation manifest sha256:20b9bfbf03d2110177d419e4c308f4ecc72a6fffce0cdf408fceee13c0f90994 0.1s done
#21 exporting manifest list sha256:5766c6e9e7a818c7bb7b268144609e48d9a7f0de97568507b553c259a1370aac
#21 exporting attestation manifest sha256:338f4a9c97488eef924a507dfbde9aad396002ccf58fa43a666bd5c310e6bf6f 0.1s done
#21 exporting manifest list sha256:aaaf1eb5fcca366b943be1515fc81b60191f790152adc3fe2dea39eaafdfba23
#21 exporting attestation manifest sha256:4cc6730fb9544acb19f360f5f503a85210b8d110b38c1bad5923dd05297d0c2b 0.1s done
#21 exporting manifest list sha256:bd9f755eedf9d62ef1483bec85e9d18b55c4bc3390d75a4e1f20ab270e9dfb5f
#21 exporting manifest list sha256:9711d0c7f3fc09a8de908186323d97e3531cce9d7135a2eef0187d6deacd416d 0.0s done
#21 naming to 192.168.122.110:5000/brdnode_1277_r41:latest 0.0s done
#21 unpacking to 192.168.122.110:5000/brdnode_1277_r41:latest 0.1s done
#21 exporting manifest list sha256:4f1f1eb15b41669f18b1c262f5a2fdb147fe92a3f0bdd545abb1a2addaa8cfd6 0.1s done
#21 naming to 192.168.122.110:5000/brdnode_1277_r44:latest 0.0s done
#21 unpacking to 192.168.122.110:5000/brdnode_1277_r44:latest 0.1s done
#21 exporting manifest list sha256:bd9f755eedf9d62ef1483bec85e9d18b55c4bc3390d75a4e1f20ab270e9dfb5f 0.1s done
#21 naming to 192.168.122.110:5000/brdnode_1277_r40:latest done
#21 unpacking to 192.168.122.110:5000/brdnode_1277_r40:latest 0.1s done
#21 exporting manifest list sha256:aaaf1eb5fcca366b943be1515fc81b60191f790152adc3fe2dea39eaafdfba23 0.1s done
#21 naming to 192.168.122.110:5000/brdnode_1277_r42:latest 0.0s done
#21 unpacking to 192.168.122.110:5000/brdnode_1277_r42:latest 0.1s done
#21 exporting manifest list sha256:5766c6e9e7a818c7bb7b268144609e48d9a7f0de97568507b553c259a1370aac 0.1s done
#21 naming to 192.168.122.110:5000/brdnode_1277_r43:latest 0.0s done
#21 unpacking to 192.168.122.110:5000/brdnode_1277_r43:latest 0.1s done
#21 DONE 0.8s
#21 DONE 0.8s
#21 DONE 0.8s
#21 DONE 0.8s
#21 DONE 0.8s
+ seedemu_build_and_push 192.168.122.110:5000/brdnode_1277_r52:latest ./brdnode_1277_r52
+ seedemu_build_and_push 192.168.122.110:5000/brdnode_1277_r55:latest ./brdnode_1277_r55
+ seedemu_build_and_push 192.168.122.110:5000/brdnode_1277_r58:latest ./brdnode_1277_r58
+ seedemu_build_and_push 192.168.122.110:5000/brdnode_1277_r60:latest ./brdnode_1277_r60
+ seedemu_build_and_push 192.168.122.110:5000/brdnode_1277_r61:latest ./brdnode_1277_r61

#6 [ 4/16] RUN touch /usr/share/doc/bird2/examples/bird.conf
#6 CACHED

#7 [ 7/16] COPY 082b96ec819c95ae773daebde675ef80 /start.sh
#7 CACHED

#8 [ 8/16] COPY d18858afc6bb66ec3a19d872077acfd2 /seedemu_sniffer
#8 CACHED

#9 [ 9/16] COPY 17ac2d812a99a91e7f747e1defb72a29 /seedemu_worker
#9 CACHED

#10 [10/16] RUN chmod +x /start.sh
#10 CACHED

#11 [12/16] RUN chmod +x /seedemu_worker
#11 CACHED

#12 [13/16] COPY 2b0ae038330eccd43095538618caee7d /etc/bird/bird.conf
#12 CACHED

#13 [14/16] COPY e01e36443f9f72c6204189260d0bd276 /ifinfo.txt
#13 CACHED

#14 [ 2/16] RUN apt-get update && apt-get install -y --no-install-recommends netcat-openbsd
#14 CACHED

#15 [ 3/16] RUN mkdir -p /usr/share/doc/bird2/examples/
#15 CACHED

#16 [ 5/16] COPY 92872f20cfb75af4e3e1c588b00d6484 /replace_address.sh
#16 CACHED

#17 [ 6/16] COPY 365d27384adc9719099d1f63f2d15824 /root/.zshrc.pre
#17 CACHED

#18 [11/16] RUN chmod +x /seedemu_sniffer
#18 CACHED

#19 [15/16] COPY d3d51fdf7f4bad30dc5db560a01ce629 /interface_setup

#6 [ 8/16] COPY d18858afc6bb66ec3a19d872077acfd2 /seedemu_sniffer
#6 CACHED

#7 [ 9/16] COPY 17ac2d812a99a91e7f747e1defb72a29 /seedemu_worker
#7 CACHED

#8 [10/16] RUN chmod +x /start.sh
#8 CACHED

#9 [11/16] RUN chmod +x /seedemu_sniffer
#9 CACHED

#10 [12/16] RUN chmod +x /seedemu_worker
#10 CACHED

#11 [ 2/16] RUN apt-get update && apt-get install -y --no-install-recommends netcat-openbsd
#11 CACHED

#12 [ 4/16] RUN touch /usr/share/doc/bird2/examples/bird.conf
#12 CACHED

#13 [13/16] COPY 2b0ae038330eccd43095538618caee7d /etc/bird/bird.conf
#13 CACHED

#14 [ 3/16] RUN mkdir -p /usr/share/doc/bird2/examples/
#14 CACHED
#0 building with "default" instance using docker driver


#15 [ 6/16] COPY 365d27384adc9719099d1f63f2d15824 /root/.zshrc.pre
#15 CACHED

#1 [internal] load build definition from Dockerfile
#16 [14/16] COPY e01e36443f9f72c6204189260d0bd276 /ifinfo.txt
#16 CACHED

#17 [ 5/16] COPY 92872f20cfb75af4e3e1c588b00d6484 /replace_address.sh
#17 CACHED

#18 [ 7/16] COPY 082b96ec819c95ae773daebde675ef80 /start.sh
#18 CACHED

#19 [15/16] COPY d3d51fdf7f4bad30dc5db560a01ce629 /interface_setup

#0 building with "default" instance using docker driver

#6 [ 2/16] RUN apt-get update && apt-get install -y --no-install-recommends netcat-openbsd
#6 CACHED
#1 [internal] load build definition from Dockerfile

#7 [ 3/16] RUN mkdir -p /usr/share/doc/bird2/examples/
#7 CACHED

#8 [ 6/16] COPY 365d27384adc9719099d1f63f2d15824 /root/.zshrc.pre
#8 CACHED

#9 [ 9/16] COPY 17ac2d812a99a91e7f747e1defb72a29 /seedemu_worker
#9 CACHED

#10 [14/16] COPY e01e36443f9f72c6204189260d0bd276 /ifinfo.txt
#10 CACHED

#11 [ 7/16] COPY 082b96ec819c95ae773daebde675ef80 /start.sh
#11 CACHED

#12 [ 8/16] COPY d18858afc6bb66ec3a19d872077acfd2 /seedemu_sniffer
#12 CACHED

#13 [11/16] RUN chmod +x /seedemu_sniffer
#13 CACHED

#14 [ 4/16] RUN touch /usr/share/doc/bird2/examples/bird.conf
#14 CACHED

#15 [ 5/16] COPY 92872f20cfb75af4e3e1c588b00d6484 /replace_address.sh
#15 CACHED

#16 [10/16] RUN chmod +x /start.sh
#0 building with "default" instance using docker driver

#16 CACHED

#17 [12/16] RUN chmod +x /seedemu_worker
#17 CACHED

#18 [13/16] COPY 2b0ae038330eccd43095538618caee7d /etc/bird/bird.conf
#1 [internal] load build definition from Dockerfile
#18 CACHED

#19 [15/16] COPY d3d51fdf7f4bad30dc5db560a01ce629 /interface_setup
#1 DONE 0.0s
#0 building with "default" instance using docker driver

#1 [internal] load build definition from Dockerfile
#1 DONE 0.0s
#0 building with "default" instance using docker driver

#1 [internal] load build definition from Dockerfile
#1 transferring dockerfile: 884B done
#1 DONE 0.1s

#1 [internal] load build definition from Dockerfile
#1 transferring dockerfile: 884B done
#1 DONE 0.1s
#1 transferring dockerfile: 884B done
#1 DONE 0.0s

#2 [internal] load metadata for docker.io/library/39e016aa9e819f203ebc1809245a5818:latest
#2 DONE 0.1s
#19 CACHED

#20 [16/16] COPY 8e9a384ab59c7626a3ffab63886cc30f /etc/bird/conf/kernel.conf

#1 [internal] load build definition from Dockerfile
#1 transferring dockerfile: 884B done
#1 DONE 0.2s
#19 CACHED

#20 [16/16] COPY 8e9a384ab59c7626a3ffab63886cc30f /etc/bird/conf/kernel.conf
#19 CACHED

#20 [16/16] COPY 8e9a384ab59c7626a3ffab63886cc30f /etc/bird/conf/kernel.conf
#1 transferring dockerfile: 884B done
#1 DONE 0.2s

#2 [internal] load metadata for docker.io/library/39e016aa9e819f203ebc1809245a5818:latest
#2 DONE 0.0s

#3 [internal] load .dockerignore

#3 [internal] load .dockerignore
#3 transferring context: 2B done
#3 DONE 0.0s

#2 [internal] load metadata for docker.io/library/39e016aa9e819f203ebc1809245a5818:latest
#2 DONE 0.0s

#2 [internal] load metadata for docker.io/library/39e016aa9e819f203ebc1809245a5818:latest
#2 DONE 0.0s

#2 [internal] load metadata for docker.io/library/39e016aa9e819f203ebc1809245a5818:latest
#2 DONE 0.0s

#3 [internal] load .dockerignore
#3 transferring context:
#3 transferring context: 2B done
#3 DONE 0.0s

#4 [ 1/16] FROM docker.io/library/39e016aa9e819f203ebc1809245a5818:latest@sha256:43a6b8a656b4d087c7baad939091f8a4e19bfade899129aaa2d7fd409433266e
#4 resolve docker.io/library/39e016aa9e819f203ebc1809245a5818:latest@sha256:43a6b8a656b4d087c7baad939091f8a4e19bfade899129aaa2d7fd409433266e 0.0s done
#4 DONE 0.0s

#5 [internal] load build context
#5 transferring context: 6.76kB done
#5 DONE 0.1s

#4 [ 1/16] FROM docker.io/library/39e016aa9e819f203ebc1809245a5818:latest@sha256:43a6b8a656b4d087c7baad939091f8a4e19bfade899129aaa2d7fd409433266e
#4 resolve docker.io/library/39e016aa9e819f203ebc1809245a5818:latest@sha256:43a6b8a656b4d087c7baad939091f8a4e19bfade899129aaa2d7fd409433266e 0.0s done
#4 DONE 0.0s

#5 [internal] load build context
#5 transferring context: 6.76kB done
#5 DONE 0.1s

#3 [internal] load .dockerignore
#3 transferring context: 2B done
#3 DONE 0.1s
#3 transferring context: 2B done
#3 DONE 0.1s

#3 [internal] load .dockerignore
#3 transferring context: 2B done
#3 DONE 0.2s
#20 DONE 1.3s
#20 DONE 1.3s
#20 DONE 1.3s

#21 exporting to image

#4 [ 1/16] FROM docker.io/library/39e016aa9e819f203ebc1809245a5818:latest@sha256:43a6b8a656b4d087c7baad939091f8a4e19bfade899129aaa2d7fd409433266e
#4 resolve docker.io/library/39e016aa9e819f203ebc1809245a5818:latest@sha256:43a6b8a656b4d087c7baad939091f8a4e19bfade899129aaa2d7fd409433266e 0.0s done
#4 DONE 0.0s

#4 [ 1/16] FROM docker.io/library/39e016aa9e819f203ebc1809245a5818:latest@sha256:43a6b8a656b4d087c7baad939091f8a4e19bfade899129aaa2d7fd409433266e
#4 resolve docker.io/library/39e016aa9e819f203ebc1809245a5818:latest@sha256:43a6b8a656b4d087c7baad939091f8a4e19bfade899129aaa2d7fd409433266e 0.0s done
#4 DONE 0.0s

#4 [ 1/16] FROM docker.io/library/39e016aa9e819f203ebc1809245a5818:latest@sha256:43a6b8a656b4d087c7baad939091f8a4e19bfade899129aaa2d7fd409433266e
#4 resolve docker.io/library/39e016aa9e819f203ebc1809245a5818:latest@sha256:43a6b8a656b4d087c7baad939091f8a4e19bfade899129aaa2d7fd409433266e 0.0s done
#4 DONE 0.0s

#21 exporting to image

#21 exporting to image
#21 exporting layers
#21 exporting layers
#21 exporting layers
#21 exporting layers 0.2s done
#21 exporting layers 0.2s done
#21 exporting layers 0.2s done
#21 exporting manifest sha256:f6bc9c11f7192a60b5b4e230d6e023201dea78c520417aa45e6dac357709b55a 0.0s done
#21 exporting config sha256:292ce03fe8056680ab2c8d0f0c2a58745b59561f2232f7e92c5131f4022a35ba 0.0s done
#21 exporting attestation manifest sha256:7abe4f73e94c277abcfa2f0be1d63fb228dc49146f93a65ee395e023478c2f3f 0.1s done
#21 exporting manifest list sha256:f6e271cb12bdad8e67cb5bf11d1189201495c237240c61630be9487f4fdc1088
#21 exporting manifest sha256:dcf118ea769819f45fdf7ffce3d4a4e6322dec12aac1064c4ff6d6f87d43bcc6 0.0s done
#21 exporting config sha256:d997000bb90f02172bcd94389659253f5f2e6c3ad19ae69b7aa92b5f77e5a70f 0.0s done
#21 exporting attestation manifest sha256:2abff2147bcf6d590d51db7df47004f5a71134dccb8d5958edb426e6af16d90d 0.1s done
#21 exporting manifest list sha256:5f590eb0b3a0fce725c2bd8ec9f0eaf80833b059e8b74de8616b49dfc4263853
#21 exporting manifest sha256:19488406765dbdd1427e3ce621ae60433773368770876b09fc0d99d9560d8169 0.0s done
#21 exporting config sha256:f714b6044b9629d047ad38f45b5f7060058c7fa6bc4db43a3590b3892d0aa03f 0.0s done
#21 exporting attestation manifest sha256:ee3f7f6bf5ed399553366b57de462d84e297e27db6fac0897d290c1b7668cd43 0.1s done
#21 exporting manifest list sha256:b832e8b1febdc628f0129eac2252f17033c738bb005b8a9ca6736d7c21e2bdf3
#21 exporting manifest list sha256:f6e271cb12bdad8e67cb5bf11d1189201495c237240c61630be9487f4fdc1088 0.0s done
#21 naming to 192.168.122.110:5000/brdnode_1277_r45:latest done
#21 unpacking to 192.168.122.110:5000/brdnode_1277_r45:latest 0.1s done
#21 exporting manifest list sha256:5f590eb0b3a0fce725c2bd8ec9f0eaf80833b059e8b74de8616b49dfc4263853 0.0s done
#21 naming to 192.168.122.110:5000/brdnode_1277_r50:latest done
#21 unpacking to 192.168.122.110:5000/brdnode_1277_r50:latest 0.1s done
#21 exporting manifest list sha256:b832e8b1febdc628f0129eac2252f17033c738bb005b8a9ca6736d7c21e2bdf3 0.0s done
#21 naming to 192.168.122.110:5000/brdnode_1277_r51:latest done
#21 unpacking to 192.168.122.110:5000/brdnode_1277_r51:latest 0.1s done
#21 DONE 0.6s
#21 DONE 0.6s
#21 DONE 0.6s
+ seedemu_build_and_push 192.168.122.110:5000/brdnode_1277_r62:latest ./brdnode_1277_r62
+ seedemu_build_and_push 192.168.122.110:5000/brdnode_1277_r63:latest ./brdnode_1277_r63
+ seedemu_build_and_push 192.168.122.110:5000/brdnode_1277_r68:latest ./brdnode_1277_r68

#6 [ 4/16] RUN touch /usr/share/doc/bird2/examples/bird.conf
#6 CACHED

#7 [11/16] RUN chmod +x /seedemu_sniffer
#7 CACHED

#8 [ 6/16] COPY 365d27384adc9719099d1f63f2d15824 /root/.zshrc.pre
#8 CACHED

#9 [ 9/16] COPY 17ac2d812a99a91e7f747e1defb72a29 /seedemu_worker
#9 CACHED

#10 [13/16] COPY 2b0ae038330eccd43095538618caee7d /etc/bird/bird.conf
#10 CACHED

#11 [14/16] COPY e01e36443f9f72c6204189260d0bd276 /ifinfo.txt
#11 CACHED

#12 [ 2/16] RUN apt-get update && apt-get install -y --no-install-recommends netcat-openbsd
#12 CACHED

#13 [ 7/16] COPY 082b96ec819c95ae773daebde675ef80 /start.sh
#13 CACHED

#14 [ 8/16] COPY d18858afc6bb66ec3a19d872077acfd2 /seedemu_sniffer
#14 CACHED

#15 [10/16] RUN chmod +x /start.sh
#15 CACHED

#16 [ 5/16] COPY 92872f20cfb75af4e3e1c588b00d6484 /replace_address.sh
#16 CACHED

#17 [12/16] RUN chmod +x /seedemu_worker
#17 CACHED

#18 [ 3/16] RUN mkdir -p /usr/share/doc/bird2/examples/
#18 CACHED

#19 [15/16] COPY d3d51fdf7f4bad30dc5db560a01ce629 /interface_setup

#6 [ 7/16] COPY 082b96ec819c95ae773daebde675ef80 /start.sh
#6 CACHED

#7 [ 8/16] COPY d18858afc6bb66ec3a19d872077acfd2 /seedemu_sniffer
#7 CACHED

#8 [ 2/16] RUN apt-get update && apt-get install -y --no-install-recommends netcat-openbsd
#8 CACHED

#9 [ 5/16] COPY 92872f20cfb75af4e3e1c588b00d6484 /replace_address.sh
#9 CACHED

#10 [ 6/16] COPY 365d27384adc9719099d1f63f2d15824 /root/.zshrc.pre
#10 CACHED

#11 [ 9/16] COPY 17ac2d812a99a91e7f747e1defb72a29 /seedemu_worker
#11 CACHED

#12 [ 3/16] RUN mkdir -p /usr/share/doc/bird2/examples/
#12 CACHED

#13 [10/16] RUN chmod +x /start.sh
#13 CACHED

#14 [14/16] COPY e01e36443f9f72c6204189260d0bd276 /ifinfo.txt
#14 CACHED

#15 [ 4/16] RUN touch /usr/share/doc/bird2/examples/bird.conf
#15 CACHED

#16 [11/16] RUN chmod +x /seedemu_sniffer
#16 CACHED

#17 [12/16] RUN chmod +x /seedemu_worker
#17 CACHED

#18 [13/16] COPY 2b0ae038330eccd43095538618caee7d /etc/bird/bird.conf
#18 CACHED

#19 [15/16] COPY d3d51fdf7f4bad30dc5db560a01ce629 /interface_setup

#5 [internal] load build context
#5 DONE 0.0s

#5 [internal] load build context
#5 DONE 0.0s

#5 [internal] load build context
#5 DONE 0.0s

#5 [internal] load build context
#5 transferring context: 6.76kB done
#5 DONE 0.1s
#19 CACHED

#20 [16/16] COPY 8e9a384ab59c7626a3ffab63886cc30f /etc/bird/conf/kernel.conf
#0 building with "default" instance using docker driver

#1 [internal] load build definition from Dockerfile
#1 transferring dockerfile: 884B done
#1 DONE 0.1s
#19 CACHED

#20 [16/16] COPY 8e9a384ab59c7626a3ffab63886cc30f /etc/bird/conf/kernel.conf

#5 [internal] load build context
#5 transferring context: 6.76kB done
#5 DONE 0.0s

#5 [internal] load build context
#5 transferring context: 6.76kB done
#5 DONE 0.1s
#20 DONE 1.5s
#20 DONE 1.6s

#21 exporting to image

#2 [internal] load metadata for docker.io/library/39e016aa9e819f203ebc1809245a5818:latest

#21 exporting to image
#21 exporting layers
#21 exporting layers 0.2s done
#21 exporting layers 0.1s done
#2 DONE 0.1s
#21 exporting manifest sha256:047391bed48bdf5b359166471c7c3bb765753d364f85787b5dc666d8c3dd6cc2 0.0s done
#21 exporting config sha256:faf35f02d5d99acb9f62bf4f9d0579e5b3f899e962def2bf4fe3587216baf023 0.0s done
#21 exporting attestation manifest sha256:859aee3738c7167a3bc76bf3f89dddfa7eb11acc3d0ea36f9b21fb9a99c81309 0.0s done
#21 exporting manifest list sha256:00b94c01022a032930b2b05eb25c415ca3b115e5cbabba05e79da8e098b3c525
#21 exporting manifest sha256:45fae9a7415a93c291e6d4b5b4d0bd99bb9be8ce29fa061d1097753c87a18abd 0.0s done
#21 exporting config sha256:c084a5b5363d1124c3d8ddc2e79488ff2bb942a62d8f03d2b03bb75a5c805bd2 0.0s done
#21 exporting attestation manifest sha256:6e2ca2f721e18117c85f5a912e781082632fe628b7edf95f216dfc521705661a 0.0s done
#21 exporting manifest list sha256:9f4d371384941f41d16b84858054fb15ab525d22665143b88bd36ee19f9fae50 0.0s done
#21 naming to 192.168.122.110:5000/brdnode_1277_r60:latest
#21 exporting manifest list sha256:00b94c01022a032930b2b05eb25c415ca3b115e5cbabba05e79da8e098b3c525 0.0s done
#21 naming to 192.168.122.110:5000/brdnode_1277_r61:latest done
#21 unpacking to 192.168.122.110:5000/brdnode_1277_r61:latest 0.1s done
#21 DONE 0.5s
#21 naming to 192.168.122.110:5000/brdnode_1277_r60:latest done
#21 unpacking to 192.168.122.110:5000/brdnode_1277_r60:latest 0.1s done
#21 DONE 0.5s
+ seedemu_build_and_push 192.168.122.110:5000/brdnode_1277_r70:latest ./brdnode_1277_r70
+ seedemu_build_and_push 192.168.122.110:5000/brdnode_1277_r71:latest ./brdnode_1277_r71

#6 [ 9/16] COPY 17ac2d812a99a91e7f747e1defb72a29 /seedemu_worker
#6 CACHED

#7 [11/16] RUN chmod +x /seedemu_sniffer
#7 CACHED

#8 [ 3/16] RUN mkdir -p /usr/share/doc/bird2/examples/
#8 CACHED

#9 [ 6/16] COPY 365d27384adc9719099d1f63f2d15824 /root/.zshrc.pre
#9 CACHED

#10 [10/16] RUN chmod +x /start.sh
#10 CACHED

#11 [13/16] COPY 2b0ae038330eccd43095538618caee7d /etc/bird/bird.conf
#11 CACHED

#12 [ 7/16] COPY 082b96ec819c95ae773daebde675ef80 /start.sh
#12 CACHED

#13 [ 8/16] COPY d18858afc6bb66ec3a19d872077acfd2 /seedemu_sniffer
#13 CACHED

#14 [ 5/16] COPY 92872f20cfb75af4e3e1c588b00d6484 /replace_address.sh
#14 CACHED

#15 [12/16] RUN chmod +x /seedemu_worker
#15 CACHED

#16 [14/16] COPY e01e36443f9f72c6204189260d0bd276 /ifinfo.txt
#16 CACHED

#17 [ 2/16] RUN apt-get update && apt-get install -y --no-install-recommends netcat-openbsd
#17 CACHED

#18 [ 4/16] RUN touch /usr/share/doc/bird2/examples/bird.conf
#18 CACHED

#19 [15/16] COPY d3d51fdf7f4bad30dc5db560a01ce629 /interface_setup

#6 [ 2/16] RUN apt-get update && apt-get install -y --no-install-recommends netcat-openbsd
#6 CACHED

#7 [ 6/16] COPY 365d27384adc9719099d1f63f2d15824 /root/.zshrc.pre
#7 CACHED

#8 [10/16] RUN chmod +x /start.sh
#8 CACHED

#9 [12/16] RUN chmod +x /seedemu_worker
#9 CACHED

#10 [13/16] COPY 2b0ae038330eccd43095538618caee7d /etc/bird/bird.conf
#10 CACHED

#11 [ 4/16] RUN touch /usr/share/doc/bird2/examples/bird.conf
#11 CACHED

#12 [ 5/16] COPY 92872f20cfb75af4e3e1c588b00d6484 /replace_address.sh
#12 CACHED

#13 [ 7/16] COPY 082b96ec819c95ae773daebde675ef80 /start.sh
#13 CACHED

#14 [ 3/16] RUN mkdir -p /usr/share/doc/bird2/examples/
#14 CACHED

#15 [ 8/16] COPY d18858afc6bb66ec3a19d872077acfd2 /seedemu_sniffer
#15 CACHED

#16 [14/16] COPY e01e36443f9f72c6204189260d0bd276 /ifinfo.txt
#16 CACHED

#17 [ 9/16] COPY 17ac2d812a99a91e7f747e1defb72a29 /seedemu_worker
#17 CACHED

#18 [11/16] RUN chmod +x /seedemu_sniffer
#18 CACHED

#19 [15/16] COPY d3d51fdf7f4bad30dc5db560a01ce629 /interface_setup
#0 building with "default" instance using docker driver

#1 [internal] load build definition from Dockerfile
#1 DONE 0.0s

#6 [12/16] RUN chmod +x /seedemu_worker
#6 CACHED

#7 [ 2/16] RUN apt-get update && apt-get install -y --no-install-recommends netcat-openbsd
#7 CACHED

#8 [ 4/16] RUN touch /usr/share/doc/bird2/examples/bird.conf
#8 CACHED

#9 [14/16] COPY e01e36443f9f72c6204189260d0bd276 /ifinfo.txt
#9 CACHED

#10 [ 3/16] RUN mkdir -p /usr/share/doc/bird2/examples/
#10 CACHED

#11 [ 8/16] COPY d18858afc6bb66ec3a19d872077acfd2 /seedemu_sniffer
#11 CACHED

#12 [ 9/16] COPY 17ac2d812a99a91e7f747e1defb72a29 /seedemu_worker
#12 CACHED

#13 [10/16] RUN chmod +x /start.sh
#13 CACHED

#14 [11/16] RUN chmod +x /seedemu_sniffer
#14 CACHED

#15 [ 5/16] COPY 92872f20cfb75af4e3e1c588b00d6484 /replace_address.sh
#15 CACHED

#16 [13/16] COPY 2b0ae038330eccd43095538618caee7d /etc/bird/bird.conf
#16 CACHED

#17 [ 6/16] COPY 365d27384adc9719099d1f63f2d15824 /root/.zshrc.pre
#17 CACHED

#18 [ 7/16] COPY 082b96ec819c95ae773daebde675ef80 /start.sh
#18 CACHED

#19 [15/16] COPY d3d51fdf7f4bad30dc5db560a01ce629 /interface_setup
#0 building with "default" instance using docker driver


#3 [internal] load .dockerignore
#1 [internal] load build definition from Dockerfile
#3 DONE 0.0s
#1 DONE 0.0s
#0 building with "default" instance using docker driver

#1 [internal] load build definition from Dockerfile
#0 building with "default" instance using docker driver

#1 [internal] load build definition from Dockerfile

#4 [ 1/16] FROM docker.io/library/39e016aa9e819f203ebc1809245a5818:latest@sha256:43a6b8a656b4d087c7baad939091f8a4e19bfade899129aaa2d7fd409433266e
#4 resolve docker.io/library/39e016aa9e819f203ebc1809245a5818:latest@sha256:43a6b8a656b4d087c7baad939091f8a4e19bfade899129aaa2d7fd409433266e 0.0s done
#4 DONE 0.0s

#3 [internal] load .dockerignore
#3 transferring context: 2B done
#3 DONE 0.1s
#1 transferring dockerfile: 884B done
#1 DONE 0.1s

#1 [internal] load build definition from Dockerfile
#1 transferring dockerfile: 884B done
#1 DONE 0.1s

#1 [internal] load build definition from Dockerfile
#1 transferring dockerfile: 884B done
#1 DONE 0.1s

#2 [internal] load metadata for docker.io/library/39e016aa9e819f203ebc1809245a5818:latest
#2 DONE 0.1s
#1 transferring dockerfile: 884B done
#1 DONE 0.1s
#19 CACHED

#20 [16/16] COPY 8e9a384ab59c7626a3ffab63886cc30f /etc/bird/conf/kernel.conf
#19 CACHED

#20 [16/16] COPY 8e9a384ab59c7626a3ffab63886cc30f /etc/bird/conf/kernel.conf
#19 CACHED

#20 [16/16] COPY 8e9a384ab59c7626a3ffab63886cc30f /etc/bird/conf/kernel.conf

#2 [internal] load metadata for docker.io/library/39e016aa9e819f203ebc1809245a5818:latest
#2 DONE 0.0s

#3 [internal] load .dockerignore
#3 transferring context: 2B done
#3 DONE 0.1s

#5 [internal] load build context
#5 transferring context: 6.76kB done
#5 DONE 0.1s

#3 [internal] load .dockerignore
#3 transferring context: 2B done
#3 DONE 0.1s

#2 [internal] load metadata for docker.io/library/39e016aa9e819f203ebc1809245a5818:latest
#2 DONE 0.1s

#2 [internal] load metadata for docker.io/library/39e016aa9e819f203ebc1809245a5818:latest
#2 DONE 0.1s
#20 DONE 1.5s
#20 DONE 1.4s
#20 DONE 1.4s

#21 exporting to image

#21 exporting to image

#4 [ 1/16] FROM docker.io/library/39e016aa9e819f203ebc1809245a5818:latest@sha256:43a6b8a656b4d087c7baad939091f8a4e19bfade899129aaa2d7fd409433266e
#4 resolve docker.io/library/39e016aa9e819f203ebc1809245a5818:latest@sha256:43a6b8a656b4d087c7baad939091f8a4e19bfade899129aaa2d7fd409433266e 0.0s done
#4 DONE 0.0s

#4 [ 1/16] FROM docker.io/library/39e016aa9e819f203ebc1809245a5818:latest@sha256:43a6b8a656b4d087c7baad939091f8a4e19bfade899129aaa2d7fd409433266e
#4 resolve docker.io/library/39e016aa9e819f203ebc1809245a5818:latest@sha256:43a6b8a656b4d087c7baad939091f8a4e19bfade899129aaa2d7fd409433266e 0.0s done
#4 DONE 0.0s

#21 exporting to image

#3 [internal] load .dockerignore
#3 DONE 0.0s

#3 [internal] load .dockerignore
#3 DONE 0.0s

#6 [ 7/16] COPY 082b96ec819c95ae773daebde675ef80 /start.sh
#6 CACHED

#7 [14/16] COPY e01e36443f9f72c6204189260d0bd276 /ifinfo.txt
#7 CACHED

#8 [ 2/16] RUN apt-get update && apt-get install -y --no-install-recommends netcat-openbsd
#8 CACHED

#9 [ 8/16] COPY d18858afc6bb66ec3a19d872077acfd2 /seedemu_sniffer
#9 CACHED


#10 [10/16] RUN chmod +x /start.sh
#10 CACHED
#5 [internal] load build context

#11 [11/16] RUN chmod +x /seedemu_sniffer
#11 CACHED

#12 [ 5/16] COPY 92872f20cfb75af4e3e1c588b00d6484 /replace_address.sh
#12 CACHED

#13 [ 6/16] COPY 365d27384adc9719099d1f63f2d15824 /root/.zshrc.pre
#13 CACHED

#14 [ 9/16] COPY 17ac2d812a99a91e7f747e1defb72a29 /seedemu_worker
#14 CACHED

#15 [13/16] COPY 2b0ae038330eccd43095538618caee7d /etc/bird/bird.conf
#15 CACHED

#16 [ 4/16] RUN touch /usr/share/doc/bird2/examples/bird.conf
#16 CACHED

#17 [12/16] RUN chmod +x /seedemu_worker
#17 CACHED

#18 [ 3/16] RUN mkdir -p /usr/share/doc/bird2/examples/
#18 CACHED

#19 [15/16] COPY d3d51fdf7f4bad30dc5db560a01ce629 /interface_setup

#5 [internal] load build context
#5 DONE 0.0s
#21 exporting layers 0.1s done
#21 exporting layers
#21 exporting layers 0.2s done
#21 exporting layers
#21 exporting layers 0.2s done

#4 [ 1/16] FROM docker.io/library/39e016aa9e819f203ebc1809245a5818:latest@sha256:43a6b8a656b4d087c7baad939091f8a4e19bfade899129aaa2d7fd409433266e
#4 resolve docker.io/library/39e016aa9e819f203ebc1809245a5818:latest@sha256:43a6b8a656b4d087c7baad939091f8a4e19bfade899129aaa2d7fd409433266e 0.0s done
#4 DONE 0.0s

#3 [internal] load .dockerignore
#3 transferring context: 2B done
#3 DONE 0.0s

#5 [internal] load build context
#5 transferring context: 6.76kB done
#5 DONE 0.0s
#21 exporting manifest sha256:58757fe77b8bb43bcb7fb425ccf4e9bf1e75075d53a1bcbb04c0f9b89a3b03f7 0.0s done
#21 exporting config sha256:63ed8a1d0a040f22b58f59ecdd5eff07312a6f58a3b33b715ebe847b4b1be4e1 0.1s done
#21 exporting manifest sha256:1c360158674648c0f2f4bf342754793e3e16bae2b5f9de762add804007689358 0.1s done
#21 exporting config sha256:1ab8c72b0ef437ccbc2b543054b5ff735495fba53bbeb8b7dab467359c566ba8
#19 CACHED

#20 [16/16] COPY 8e9a384ab59c7626a3ffab63886cc30f /etc/bird/conf/kernel.conf
#5 transferring context: 6.76kB done
#5 DONE 0.0s

#5 [internal] load build context
#5 transferring context: 6.76kB done
#5 DONE 0.0s

#4 [ 1/16] FROM docker.io/library/39e016aa9e819f203ebc1809245a5818:latest@sha256:43a6b8a656b4d087c7baad939091f8a4e19bfade899129aaa2d7fd409433266e
#4 resolve docker.io/library/39e016aa9e819f203ebc1809245a5818:latest@sha256:43a6b8a656b4d087c7baad939091f8a4e19bfade899129aaa2d7fd409433266e 0.0s done
#4 DONE 0.0s

#3 [internal] load .dockerignore
#3 transferring context: 2B done
#3 DONE 0.0s

#5 [internal] load build context
#5 transferring context: 6.76kB done
#5 DONE 0.1s
#21 exporting manifest sha256:cfcd89adec0096947c440c1537f7e60539a7d29a3757c52fecbb245b3fd4ff01 0.1s done
#21 exporting config sha256:75b8528ef580463dbdd8f613be076a0d66cea71e5b6570f6d73eb4385c828306
#21 exporting config sha256:75b8528ef580463dbdd8f613be076a0d66cea71e5b6570f6d73eb4385c828306 0.2s done
#21 exporting attestation manifest sha256:5c62dee53ff0c7fbce664286677d5ce7db937336eb8492d07b6c1d557dd71f99
#21 exporting config sha256:1ab8c72b0ef437ccbc2b543054b5ff735495fba53bbeb8b7dab467359c566ba8 0.3s done
#20 DONE 0.6s
#21 exporting attestation manifest sha256:36f3be6feb5934c1801b63cb45b0f165cb0fe185c2c6e209b49302b03b972e20
#21 exporting attestation manifest sha256:0142b5d7c37ccb1cf876498b49e486642b6ec0f950b30b0285d255995b5e0881
#21 exporting attestation manifest sha256:5c62dee53ff0c7fbce664286677d5ce7db937336eb8492d07b6c1d557dd71f99 0.3s done
#21 exporting manifest list sha256:4cc2fef030f40258b93c9c872bedeb6ea6471a5f58b2d89cf5b0e6cb1007afce
#21 exporting manifest list sha256:4cc2fef030f40258b93c9c872bedeb6ea6471a5f58b2d89cf5b0e6cb1007afce 0.0s done
#21 naming to 192.168.122.110:5000/brdnode_1277_r55:latest 0.0s done
#21 unpacking to 192.168.122.110:5000/brdnode_1277_r55:latest 0.1s done
#21 exporting attestation manifest sha256:36f3be6feb5934c1801b63cb45b0f165cb0fe185c2c6e209b49302b03b972e20 0.1s done
#21 exporting manifest list sha256:78b52bec3d53d8114c525f5bc1a15e73903fbdef6cb3e1fb44aacd2a201ef00b 0.0s done
#21 naming to 192.168.122.110:5000/brdnode_1277_r58:latest done
#21 unpacking to 192.168.122.110:5000/brdnode_1277_r58:latest 0.1s done
#21 exporting attestation manifest sha256:0142b5d7c37ccb1cf876498b49e486642b6ec0f950b30b0285d255995b5e0881 0.1s done
#21 exporting manifest list sha256:ef51489668bac0e0261ccbde0d907434d3e322228aa3808275e938a505aae58c 0.0s done
#21 naming to 192.168.122.110:5000/brdnode_1277_r52:latest done
#21 unpacking to 192.168.122.110:5000/brdnode_1277_r52:latest 0.1s done
#21 DONE 1.0s
#21 DONE 1.0s
#21 DONE 1.0s

#21 exporting to image
#21 exporting layers
#21 exporting layers 0.1s done
#21 exporting manifest sha256:e94fc4ed05984a082659da3c839bfb8d87a92b2731ffc2bd2ce4499593fc7e49 0.0s done
#21 exporting config sha256:32c8a2312788e9771200c2e46a469650b4ad78eece3dd56019f0535b27fedc6a 0.0s done
#21 exporting attestation manifest sha256:d2261d8c72dff8f9db0074ebb878c484114477eb8a5d70a07d4dfb5526b58113 0.1s done
#21 exporting manifest list sha256:7e7198b971fa64a4ecffebe4d91ee5fce26bc6df461622497c1788e2e5314829
+ seedemu_build_and_push 192.168.122.110:5000/brdnode_1277_r73:latest ./brdnode_1277_r73
#21 exporting manifest list sha256:7e7198b971fa64a4ecffebe4d91ee5fce26bc6df461622497c1788e2e5314829 0.0s done
#21 naming to 192.168.122.110:5000/brdnode_1277_r62:latest done
#21 unpacking to 192.168.122.110:5000/brdnode_1277_r62:latest 0.1s done
+ seedemu_build_and_push 192.168.122.110:5000/brdnode_1277_r75:latest ./brdnode_1277_r75
+ seedemu_build_and_push 192.168.122.110:5000/brdnode_1277_r83:latest ./brdnode_1277_r83
#21 DONE 0.5s
+ seedemu_build_and_push 192.168.122.110:5000/brdnode_1277_r94:latest ./brdnode_1277_r94

#6 [11/16] RUN chmod +x /seedemu_sniffer
#6 CACHED

#7 [12/16] RUN chmod +x /seedemu_worker
#7 CACHED

#8 [ 9/16] COPY 17ac2d812a99a91e7f747e1defb72a29 /seedemu_worker
#8 CACHED

#9 [10/16] RUN chmod +x /start.sh
#9 CACHED

#10 [14/16] COPY e01e36443f9f72c6204189260d0bd276 /ifinfo.txt
#10 CACHED

#11 [ 6/16] COPY 365d27384adc9719099d1f63f2d15824 /root/.zshrc.pre
#11 CACHED

#12 [13/16] COPY 2b0ae038330eccd43095538618caee7d /etc/bird/bird.conf
#12 CACHED

#13 [ 4/16] RUN touch /usr/share/doc/bird2/examples/bird.conf
#13 CACHED

#14 [ 5/16] COPY 92872f20cfb75af4e3e1c588b00d6484 /replace_address.sh
#14 CACHED

#15 [ 8/16] COPY d18858afc6bb66ec3a19d872077acfd2 /seedemu_sniffer
#15 CACHED

#16 [ 2/16] RUN apt-get update && apt-get install -y --no-install-recommends netcat-openbsd
#16 CACHED

#17 [ 3/16] RUN mkdir -p /usr/share/doc/bird2/examples/
#17 CACHED

#18 [ 7/16] COPY 082b96ec819c95ae773daebde675ef80 /start.sh
#18 CACHED

#19 [15/16] COPY d3d51fdf7f4bad30dc5db560a01ce629 /interface_setup

#6 [ 5/16] COPY 92872f20cfb75af4e3e1c588b00d6484 /replace_address.sh
#6 CACHED

#7 [11/16] RUN chmod +x /seedemu_sniffer
#7 CACHED

#8 [14/16] COPY e01e36443f9f72c6204189260d0bd276 /ifinfo.txt
#8 CACHED

#9 [ 2/16] RUN apt-get update && apt-get install -y --no-install-recommends netcat-openbsd
#9 CACHED

#10 [ 6/16] COPY 365d27384adc9719099d1f63f2d15824 /root/.zshrc.pre
#10 CACHED

#11 [ 7/16] COPY 082b96ec819c95ae773daebde675ef80 /start.sh
#11 CACHED

#12 [ 4/16] RUN touch /usr/share/doc/bird2/examples/bird.conf
#12 CACHED

#13 [ 8/16] COPY d18858afc6bb66ec3a19d872077acfd2 /seedemu_sniffer
#13 CACHED

#14 [ 9/16] COPY 17ac2d812a99a91e7f747e1defb72a29 /seedemu_worker
#14 CACHED

#15 [12/16] RUN chmod +x /seedemu_worker
#15 CACHED

#16 [10/16] RUN chmod +x /start.sh
#16 CACHED

#17 [13/16] COPY 2b0ae038330eccd43095538618caee7d /etc/bird/bird.conf
#17 CACHED

#18 [ 3/16] RUN mkdir -p /usr/share/doc/bird2/examples/
#18 CACHED

#19 [15/16] COPY d3d51fdf7f4bad30dc5db560a01ce629 /interface_setup

#6 [ 3/16] RUN mkdir -p /usr/share/doc/bird2/examples/
#6 CACHED

#7 [ 6/16] COPY 365d27384adc9719099d1f63f2d15824 /root/.zshrc.pre
#7 CACHED

#8 [ 7/16] COPY 082b96ec819c95ae773daebde675ef80 /start.sh
#8 CACHED

#9 [11/16] RUN chmod +x /seedemu_sniffer
#9 CACHED

#10 [12/16] RUN chmod +x /seedemu_worker
#10 CACHED

#11 [ 9/16] COPY 17ac2d812a99a91e7f747e1defb72a29 /seedemu_worker
#11 CACHED

#12 [10/16] RUN chmod +x /start.sh
#12 CACHED

#13 [13/16] COPY 2b0ae038330eccd43095538618caee7d /etc/bird/bird.conf
#13 CACHED

#14 [ 2/16] RUN apt-get update && apt-get install -y --no-install-recommends netcat-openbsd
#14 CACHED

#15 [ 4/16] RUN touch /usr/share/doc/bird2/examples/bird.conf
#15 CACHED

#16 [ 5/16] COPY 92872f20cfb75af4e3e1c588b00d6484 /replace_address.sh
#16 CACHED

#17 [ 8/16] COPY d18858afc6bb66ec3a19d872077acfd2 /seedemu_sniffer
#17 CACHED

#18 [14/16] COPY e01e36443f9f72c6204189260d0bd276 /ifinfo.txt
#18 CACHED

#19 [15/16] COPY d3d51fdf7f4bad30dc5db560a01ce629 /interface_setup
#19 CACHED
#19 CACHED
#19 CACHED

#20 [16/16] COPY 8e9a384ab59c7626a3ffab63886cc30f /etc/bird/conf/kernel.conf

#20 [16/16] COPY 8e9a384ab59c7626a3ffab63886cc30f /etc/bird/conf/kernel.conf

#20 [16/16] COPY 8e9a384ab59c7626a3ffab63886cc30f /etc/bird/conf/kernel.conf
#0 building with "default" instance using docker driver

#1 [internal] load build definition from Dockerfile
#1 DONE 0.0s

#6 [10/16] RUN chmod +x /start.sh
#6 CACHED

#7 [11/16] RUN chmod +x /seedemu_sniffer
#7 CACHED

#8 [12/16] RUN chmod +x /seedemu_worker
#8 CACHED

#9 [13/16] COPY 2b0ae038330eccd43095538618caee7d /etc/bird/bird.conf
#9 CACHED

#10 [ 4/16] RUN touch /usr/share/doc/bird2/examples/bird.conf
#10 CACHED

#11 [ 7/16] COPY 082b96ec819c95ae773daebde675ef80 /start.sh
#11 CACHED

#12 [ 6/16] COPY 365d27384adc9719099d1f63f2d15824 /root/.zshrc.pre
#12 CACHED

#13 [ 3/16] RUN mkdir -p /usr/share/doc/bird2/examples/
#13 CACHED

#14 [ 8/16] COPY d18858afc6bb66ec3a19d872077acfd2 /seedemu_sniffer
#14 CACHED

#15 [ 9/16] COPY 17ac2d812a99a91e7f747e1defb72a29 /seedemu_worker
#15 CACHED

#16 [14/16] COPY e01e36443f9f72c6204189260d0bd276 /ifinfo.txt
#16 CACHED

#17 [ 2/16] RUN apt-get update && apt-get install -y --no-install-recommends netcat-openbsd
#17 CACHED

#18 [ 5/16] COPY 92872f20cfb75af4e3e1c588b00d6484 /replace_address.sh
#18 CACHED

#19 [15/16] COPY d3d51fdf7f4bad30dc5db560a01ce629 /interface_setup
#0 building with "default" instance using docker driver

#1 [internal] load build definition from Dockerfile
#1 DONE 0.0s
#0 building with "default" instance using docker driver

#1 [internal] load build definition from Dockerfile
#0 building with "default" instance using docker driver

#1 [internal] load build definition from Dockerfile
#1 DONE 0.0s
#1 transferring dockerfile: 884B done
#1 DONE 0.1s

#1 [internal] load build definition from Dockerfile
#1 transferring dockerfile: 884B done
#1 DONE 0.1s

#2 [internal] load metadata for docker.io/library/39e016aa9e819f203ebc1809245a5818:latest
#19 CACHED

#20 [16/16] COPY 8e9a384ab59c7626a3ffab63886cc30f /etc/bird/conf/kernel.conf

#1 [internal] load build definition from Dockerfile
#1 transferring dockerfile: 884B done
#1 DONE 0.2s

#1 [internal] load build definition from Dockerfile
#1 transferring dockerfile: 884B done
#1 DONE 0.2s
#2 DONE 0.1s

#3 [internal] load .dockerignore
#3 transferring context: 2B done
#3 DONE 0.0s

#2 [internal] load metadata for docker.io/library/39e016aa9e819f203ebc1809245a5818:latest
#2 DONE 0.0s

#3 [internal] load .dockerignore
#3 transferring context: 2B done
#3 DONE 0.0s

#2 [internal] load metadata for docker.io/library/39e016aa9e819f203ebc1809245a5818:latest
#2 DONE 0.0s

#3 [internal] load .dockerignore
#3 transferring context: 2B done
#3 DONE 0.0s

#4 [ 1/16] FROM docker.io/library/39e016aa9e819f203ebc1809245a5818:latest@sha256:43a6b8a656b4d087c7baad939091f8a4e19bfade899129aaa2d7fd409433266e
#4 resolve docker.io/library/39e016aa9e819f203ebc1809245a5818:latest@sha256:43a6b8a656b4d087c7baad939091f8a4e19bfade899129aaa2d7fd409433266e 0.0s done
#4 DONE 0.0s

#5 [internal] load build context
#5 transferring context: 6.76kB done
#5 DONE 0.1s

#2 [internal] load metadata for docker.io/library/39e016aa9e819f203ebc1809245a5818:latest
#2 DONE 0.0s

#3 [internal] load .dockerignore
#3 transferring context: 2B done
#3 DONE 0.1s

#4 [ 1/16] FROM docker.io/library/39e016aa9e819f203ebc1809245a5818:latest@sha256:43a6b8a656b4d087c7baad939091f8a4e19bfade899129aaa2d7fd409433266e
#4 resolve docker.io/library/39e016aa9e819f203ebc1809245a5818:latest@sha256:43a6b8a656b4d087c7baad939091f8a4e19bfade899129aaa2d7fd409433266e 0.0s done
#4 DONE 0.0s

#5 [internal] load build context
#5 transferring context: 6.76kB done
#5 DONE 0.2s

#4 [ 1/16] FROM docker.io/library/39e016aa9e819f203ebc1809245a5818:latest@sha256:43a6b8a656b4d087c7baad939091f8a4e19bfade899129aaa2d7fd409433266e
#4 resolve docker.io/library/39e016aa9e819f203ebc1809245a5818:latest@sha256:43a6b8a656b4d087c7baad939091f8a4e19bfade899129aaa2d7fd409433266e 0.0s done
#4 DONE 0.0s

#5 [internal] load build context

#4 [ 1/16] FROM docker.io/library/39e016aa9e819f203ebc1809245a5818:latest@sha256:43a6b8a656b4d087c7baad939091f8a4e19bfade899129aaa2d7fd409433266e
#4 resolve docker.io/library/39e016aa9e819f203ebc1809245a5818:latest@sha256:43a6b8a656b4d087c7baad939091f8a4e19bfade899129aaa2d7fd409433266e 0.0s done
#4 DONE 0.0s
#5 transferring context: 6.76kB done
#5 DONE 0.0s
#20 DONE 1.3s
#20 DONE 1.4s
#20 DONE 1.4s
#20 DONE 1.3s

#21 exporting to image

#21 exporting to image

#21 exporting to image

#21 exporting to image
#21 exporting layers
#21 exporting layers
#21 exporting layers
#21 exporting layers
#21 exporting layers 0.2s done
#21 exporting layers 0.2s done
#21 exporting layers 0.2s done
#21 exporting layers 0.2s done
#21 exporting manifest sha256:7ac5ee4afd8960c4a434d6d8956ee73e1a178184a8ec566c907664ca2aa6b882 0.1s done
#21 exporting config sha256:0bc91ba531752ac5604cd5c87e1b1c3dbe427969d36e38511d4f6a7dad27ee15
#21 exporting manifest sha256:c62922f19d1601978949c297b9fd38100db25b8d16898817aaefdda4d09821c0 0.0s done
#21 exporting config sha256:388ac6feebdd2f58142bd175e6e12905cd2b3b96102a23d0ed83ee7ea68cbc45
#21 exporting manifest sha256:b8d6a9563809f63a781390364960c4a52d126fc8e5d359b0cc163cc8cc9828ce 0.0s done
#21 exporting config sha256:8ccce8c5c5b06a2fdf5b48dfbf7fc9074768ca334758012e1e66bed2f217e8ad
#21 exporting manifest sha256:3c760d9709dcdb56d737fe1167c53aba3c0f625e4605df931cc4140763494999 0.0s done
#21 exporting config sha256:54d0b9a844600122d401e8a9762cc8da8b2635a2d6295ccf6172cedb42f896ed
#21 exporting config sha256:388ac6feebdd2f58142bd175e6e12905cd2b3b96102a23d0ed83ee7ea68cbc45 0.2s done
#21 exporting config sha256:8ccce8c5c5b06a2fdf5b48dfbf7fc9074768ca334758012e1e66bed2f217e8ad 0.2s done
#21 exporting config sha256:54d0b9a844600122d401e8a9762cc8da8b2635a2d6295ccf6172cedb42f896ed 0.3s done
#21 exporting config sha256:0bc91ba531752ac5604cd5c87e1b1c3dbe427969d36e38511d4f6a7dad27ee15 0.4s done
#21 exporting attestation manifest sha256:012aeabd80cf71c588bddddb12b5ca2f5297b3e6911c306297457f9c3ac0b2f5
#21 exporting attestation manifest sha256:0c421a76ffc6b7a99fbf5bf55df8fd50f4e6de2a134112dd2337b29782a9d8ab
#21 exporting attestation manifest sha256:b72cc116de170f84cce8321e08b3da0915b262bb1321efa5749e0dc814416891
#21 exporting attestation manifest sha256:00747a6d9e59917d2da739f6f8ddd83973beb98b09b5dee8403cfa9b475f4466
#21 exporting attestation manifest sha256:012aeabd80cf71c588bddddb12b5ca2f5297b3e6911c306297457f9c3ac0b2f5 0.1s done
#21 exporting manifest list sha256:58c03dab993313428fad131fb8eed657bb5f5decf49e17f127c7aac9d3723962 0.0s done
#21 naming to 192.168.122.110:5000/brdnode_1277_r70:latest
#21 exporting attestation manifest sha256:0c421a76ffc6b7a99fbf5bf55df8fd50f4e6de2a134112dd2337b29782a9d8ab 0.1s done
#21 exporting manifest list sha256:e7d2f3640e8e3a7a16768bccd4f4758dfdef992fc7af1256270715bedaab05a1 0.0s done
#21 naming to 192.168.122.110:5000/brdnode_1277_r63:latest
#21 exporting attestation manifest sha256:b72cc116de170f84cce8321e08b3da0915b262bb1321efa5749e0dc814416891 0.1s done
#21 exporting manifest list sha256:9c350792a12503dee9206c46bbcd21f9b5930b2345a1eed629a4982eda450e91 0.0s done
#21 naming to 192.168.122.110:5000/brdnode_1277_r71:latest
#21 exporting attestation manifest sha256:00747a6d9e59917d2da739f6f8ddd83973beb98b09b5dee8403cfa9b475f4466 0.1s done
#21 exporting manifest list sha256:7eca2720f88b2bea18eece2705688aac130a757c145b72e1d3065e8188e2a799 0.0s done
#21 naming to 192.168.122.110:5000/brdnode_1277_r68:latest
#21 naming to 192.168.122.110:5000/brdnode_1277_r70:latest 0.0s done
#21 unpacking to 192.168.122.110:5000/brdnode_1277_r70:latest 0.1s done
#21 naming to 192.168.122.110:5000/brdnode_1277_r63:latest 0.0s done
#21 unpacking to 192.168.122.110:5000/brdnode_1277_r63:latest 0.1s done
#21 naming to 192.168.122.110:5000/brdnode_1277_r71:latest done
#21 unpacking to 192.168.122.110:5000/brdnode_1277_r71:latest 0.1s done
#21 naming to 192.168.122.110:5000/brdnode_1277_r68:latest done
#21 unpacking to 192.168.122.110:5000/brdnode_1277_r68:latest 0.1s done
#21 DONE 1.2s
#21 DONE 1.2s
#21 DONE 1.2s
#21 DONE 1.2s

#6 [ 3/16] RUN mkdir -p /usr/share/doc/bird2/examples/
#6 CACHED

#7 [11/16] RUN chmod +x /seedemu_sniffer
#7 CACHED

#8 [12/16] RUN chmod +x /seedemu_worker
#8 CACHED

#9 [ 2/16] RUN apt-get update && apt-get install -y --no-install-recommends netcat-openbsd
#9 CACHED

#10 [ 5/16] COPY 92872f20cfb75af4e3e1c588b00d6484 /replace_address.sh
#10 CACHED

#11 [10/16] RUN chmod +x /start.sh
#11 CACHED

#12 [14/16] COPY e01e36443f9f72c6204189260d0bd276 /ifinfo.txt
#12 CACHED

#13 [ 4/16] RUN touch /usr/share/doc/bird2/examples/bird.conf
#13 CACHED

#14 [ 6/16] COPY 365d27384adc9719099d1f63f2d15824 /root/.zshrc.pre
#14 CACHED

#15 [ 7/16] COPY 082b96ec819c95ae773daebde675ef80 /start.sh
#15 CACHED

#16 [13/16] COPY 2b0ae038330eccd43095538618caee7d /etc/bird/bird.conf
#16 CACHED

#17 [ 8/16] COPY d18858afc6bb66ec3a19d872077acfd2 /seedemu_sniffer
#17 CACHED

#18 [ 9/16] COPY 17ac2d812a99a91e7f747e1defb72a29 /seedemu_worker
#18 CACHED

#19 [15/16] COPY d3d51fdf7f4bad30dc5db560a01ce629 /interface_setup

#6 [ 8/16] COPY d18858afc6bb66ec3a19d872077acfd2 /seedemu_sniffer
#6 CACHED

#7 [10/16] RUN chmod +x /start.sh
#7 CACHED

#8 [13/16] COPY 2b0ae038330eccd43095538618caee7d /etc/bird/bird.conf
#8 CACHED

#9 [ 2/16] RUN apt-get update && apt-get install -y --no-install-recommends netcat-openbsd
#9 CACHED

#10 [ 9/16] COPY 17ac2d812a99a91e7f747e1defb72a29 /seedemu_worker
#10 CACHED

#11 [ 7/16] COPY 082b96ec819c95ae773daebde675ef80 /start.sh
#11 CACHED

#12 [ 4/16] RUN touch /usr/share/doc/bird2/examples/bird.conf
#12 CACHED

#13 [ 6/16] COPY 365d27384adc9719099d1f63f2d15824 /root/.zshrc.pre
#13 CACHED

#14 [11/16] RUN chmod +x /seedemu_sniffer
#14 CACHED

#15 [12/16] RUN chmod +x /seedemu_worker
#15 CACHED

#16 [14/16] COPY e01e36443f9f72c6204189260d0bd276 /ifinfo.txt
#16 CACHED

#17 [ 3/16] RUN mkdir -p /usr/share/doc/bird2/examples/
#17 CACHED

#18 [ 5/16] COPY 92872f20cfb75af4e3e1c588b00d6484 /replace_address.sh
#18 CACHED

#19 [15/16] COPY d3d51fdf7f4bad30dc5db560a01ce629 /interface_setup
+ seedemu_build_and_push 192.168.122.110:5000/brdnode_1277_r96:latest ./brdnode_1277_r96
#19 CACHED
#19 CACHED
+ seedemu_build_and_push 192.168.122.110:5000/brdnode_1277_r99:latest ./brdnode_1277_r99
+ seedemu_build_and_push 192.168.122.110:5000/brdnode_1277_r113:latest ./brdnode_1277_r113
+ seedemu_build_and_push 192.168.122.110:5000/brdnode_1277_r108:latest ./brdnode_1277_r108

#20 [16/16] COPY 8e9a384ab59c7626a3ffab63886cc30f /etc/bird/conf/kernel.conf

#20 [16/16] COPY 8e9a384ab59c7626a3ffab63886cc30f /etc/bird/conf/kernel.conf

#5 [internal] load build context
#5 DONE 0.0s
#0 building with "default" instance using docker driver

#1 [internal] load build definition from Dockerfile

#6 [ 3/16] RUN mkdir -p /usr/share/doc/bird2/examples/
#6 CACHED

#7 [ 6/16] COPY 365d27384adc9719099d1f63f2d15824 /root/.zshrc.pre
#7 CACHED

#8 [ 9/16] COPY 17ac2d812a99a91e7f747e1defb72a29 /seedemu_worker
#8 CACHED

#9 [11/16] RUN chmod +x /seedemu_sniffer
#9 CACHED

#10 [13/16] COPY 2b0ae038330eccd43095538618caee7d /etc/bird/bird.conf
#10 CACHED

#11 [ 4/16] RUN touch /usr/share/doc/bird2/examples/bird.conf
#11 CACHED

#12 [ 7/16] COPY 082b96ec819c95ae773daebde675ef80 /start.sh
#12 CACHED

#13 [ 8/16] COPY d18858afc6bb66ec3a19d872077acfd2 /seedemu_sniffer
#13 CACHED

#14 [10/16] RUN chmod +x /start.sh
#14 CACHED

#15 [ 5/16] COPY 92872f20cfb75af4e3e1c588b00d6484 /replace_address.sh
#15 CACHED

#16 [12/16] RUN chmod +x /seedemu_worker
#16 CACHED

#17 [14/16] COPY e01e36443f9f72c6204189260d0bd276 /ifinfo.txt
#17 CACHED

#18 [ 2/16] RUN apt-get update && apt-get install -y --no-install-recommends netcat-openbsd
#18 CACHED

#19 [15/16] COPY d3d51fdf7f4bad30dc5db560a01ce629 /interface_setup
#0 building with "default" instance using docker driver

#1 [internal] load build definition from Dockerfile
#1 DONE 0.0s
#0 building with "default" instance using docker driver

#1 [internal] load build definition from Dockerfile
#0 building with "default" instance using docker driver

#1 [internal] load build definition from Dockerfile
#1 DONE 0.0s
#1 transferring dockerfile: 884B done
#1 DONE 0.1s

#5 [internal] load build context
#5 transferring context: 6.76kB done
#5 DONE 0.1s
#1 transferring dockerfile: 884B done
#1 DONE 0.1s
#19 CACHED

#20 [16/16] COPY 8e9a384ab59c7626a3ffab63886cc30f /etc/bird/conf/kernel.conf

#1 [internal] load build definition from Dockerfile
#1 transferring dockerfile: 884B done
#1 DONE 0.2s

#1 [internal] load build definition from Dockerfile
#1 transferring dockerfile: 884B done
#1 DONE 0.2s

#2 [internal] load metadata for docker.io/library/39e016aa9e819f203ebc1809245a5818:latest
#2 DONE 0.1s
#20 DONE 1.8s
#20 DONE 1.8s
#20 DONE 1.8s

#21 exporting to image
#21 exporting layers

#2 [internal] load metadata for docker.io/library/39e016aa9e819f203ebc1809245a5818:latest

#2 [internal] load metadata for docker.io/library/39e016aa9e819f203ebc1809245a5818:latest

#2 [internal] load metadata for docker.io/library/39e016aa9e819f203ebc1809245a5818:latest

#21 exporting to image

#21 exporting to image

#3 [internal] load .dockerignore
#3 DONE 0.0s
#2 DONE 0.1s

#3 [internal] load .dockerignore
#3 DONE 0.0s
#2 DONE 0.1s
#2 DONE 0.1s


#3 [internal] load .dockerignore
#3 [internal] load .dockerignore
#3 DONE 0.0s
#3 DONE 0.0s

#6 [ 9/16] COPY 17ac2d812a99a91e7f747e1defb72a29 /seedemu_worker
#6 CACHED

#7 [ 2/16] RUN apt-get update && apt-get install -y --no-install-recommends netcat-openbsd
#7 CACHED

#8 [ 5/16] COPY 92872f20cfb75af4e3e1c588b00d6484 /replace_address.sh
#8 CACHED

#9 [10/16] RUN chmod +x /start.sh
#9 CACHED

#10 [14/16] COPY e01e36443f9f72c6204189260d0bd276 /ifinfo.txt
#10 CACHED

#11 [ 7/16] COPY 082b96ec819c95ae773daebde675ef80 /start.sh
#11 CACHED

#12 [ 8/16] COPY d18858afc6bb66ec3a19d872077acfd2 /seedemu_sniffer
#12 CACHED

#13 [12/16] RUN chmod +x /seedemu_worker
#13 CACHED

#14 [13/16] COPY 2b0ae038330eccd43095538618caee7d /etc/bird/bird.conf
#14 CACHED

#15 [ 4/16] RUN touch /usr/share/doc/bird2/examples/bird.conf
#15 CACHED

#16 [11/16] RUN chmod +x /seedemu_sniffer
#16 CACHED

#17 [ 3/16] RUN mkdir -p /usr/share/doc/bird2/examples/
#17 CACHED

#18 [ 6/16] COPY 365d27384adc9719099d1f63f2d15824 /root/.zshrc.pre
#18 CACHED

#19 [15/16] COPY d3d51fdf7f4bad30dc5db560a01ce629 /interface_setup
#21 exporting layers
#21 exporting layers
#21 exporting layers 0.2s done
#21 exporting layers 0.2s done
#21 exporting layers 0.3s done
#19 CACHED

#20 [16/16] COPY 8e9a384ab59c7626a3ffab63886cc30f /etc/bird/conf/kernel.conf

#4 [ 1/16] FROM docker.io/library/39e016aa9e819f203ebc1809245a5818:latest@sha256:43a6b8a656b4d087c7baad939091f8a4e19bfade899129aaa2d7fd409433266e
#4 resolve docker.io/library/39e016aa9e819f203ebc1809245a5818:latest@sha256:43a6b8a656b4d087c7baad939091f8a4e19bfade899129aaa2d7fd409433266e 0.0s done
#4 DONE 0.0s

#3 [internal] load .dockerignore
#3 transferring context: 2B done
#3 DONE 0.0s

#5 [internal] load build context
#5 transferring context: 6.78kB done
#5 DONE 0.0s

#4 [ 1/16] FROM docker.io/library/39e016aa9e819f203ebc1809245a5818:latest@sha256:43a6b8a656b4d087c7baad939091f8a4e19bfade899129aaa2d7fd409433266e
#4 resolve docker.io/library/39e016aa9e819f203ebc1809245a5818:latest@sha256:43a6b8a656b4d087c7baad939091f8a4e19bfade899129aaa2d7fd409433266e 0.0s done
#4 DONE 0.0s

#3 [internal] load .dockerignore
#3 transferring context: 2B done
#3 DONE 0.0s

#4 [ 1/16] FROM docker.io/library/39e016aa9e819f203ebc1809245a5818:latest@sha256:43a6b8a656b4d087c7baad939091f8a4e19bfade899129aaa2d7fd409433266e
#4 resolve docker.io/library/39e016aa9e819f203ebc1809245a5818:latest@sha256:43a6b8a656b4d087c7baad939091f8a4e19bfade899129aaa2d7fd409433266e 0.0s done
#4 DONE 0.0s

#3 [internal] load .dockerignore
#3 transferring context: 2B done
#3 DONE 0.0s

#5 [internal] load build context
#5 transferring context: 6.76kB done
#5 DONE 0.0s
#21 exporting manifest sha256:aff90ae88f2a03da8db29f5cdd5f208b4e650c67d58c18b09876db83cecf05b0 0.1s done
#21 exporting config sha256:3de5191ebe1ec51856df2387edde857e35e0dd1aaf34455abfde04b163678721

#4 [ 1/16] FROM docker.io/library/39e016aa9e819f203ebc1809245a5818:latest@sha256:43a6b8a656b4d087c7baad939091f8a4e19bfade899129aaa2d7fd409433266e
#4 resolve docker.io/library/39e016aa9e819f203ebc1809245a5818:latest@sha256:43a6b8a656b4d087c7baad939091f8a4e19bfade899129aaa2d7fd409433266e 0.0s done
#4 DONE 0.0s

#3 [internal] load .dockerignore
#3 transferring context: 2B done
#3 DONE 0.0s

#5 [internal] load build context
#5 transferring context: 6.77kB done
#5 DONE 0.0s
#21 exporting manifest sha256:44a39297d704f5d2c63fcab57aa8863706250a819acb4ee11bd1006307dfafe0
#21 exporting manifest sha256:c5a26ed8f77cb21d620e6359a48124b5479bfaadf3ae7af4c65de8f0510941ab 0.1s done
#21 exporting config sha256:1cc3e0022f9a789b6ca47b4a40692b59dd9757983674ef3092a4b60bc1b827cd
#21 exporting manifest sha256:44a39297d704f5d2c63fcab57aa8863706250a819acb4ee11bd1006307dfafe0 0.2s done
#21 exporting config sha256:acce23c3d3d0cce8b75bd7ecdd53442d549332462692ad4ae15ec135a9b24c62
#21 exporting config sha256:1cc3e0022f9a789b6ca47b4a40692b59dd9757983674ef3092a4b60bc1b827cd 0.2s done
#20 DONE 0.3s
#21 exporting config sha256:3de5191ebe1ec51856df2387edde857e35e0dd1aaf34455abfde04b163678721 0.1s done
#21 exporting config sha256:acce23c3d3d0cce8b75bd7ecdd53442d549332462692ad4ae15ec135a9b24c62 0.1s done
#21 exporting attestation manifest sha256:bff8f937f04af5dc53deda1661ecaa3855af559d24ae08551f0d1d378f8f8c3a 0.1s done
#21 exporting manifest list sha256:38035b355fa2fd5970b8d1fbcb54c605546eedac18d85e989c2ee7fb713df7d8
#21 exporting attestation manifest sha256:4e59b776fd86398f53d799828491427ecbef6eb2dd6427d1eac36b9e29148793 0.1s done
#21 exporting manifest list sha256:9749bac07a8a30fba9a45dfc0e9bed38c2469d516d28eab3c91e3e9096b7b852
#21 exporting attestation manifest sha256:4f9060fcb7ad53a82d3ee0625eac64201cb963fd25441a2a81a8842ab3840383 0.1s done
#21 exporting manifest list sha256:d371de94680e9b7a686170747c73bfc5bbe2b59ebde4811687477789a9e957b9
#21 exporting manifest list sha256:38035b355fa2fd5970b8d1fbcb54c605546eedac18d85e989c2ee7fb713df7d8 0.0s done
#21 naming to 192.168.122.110:5000/brdnode_1277_r83:latest 0.0s done
#21 unpacking to 192.168.122.110:5000/brdnode_1277_r83:latest 0.1s done
#21 exporting manifest list sha256:9749bac07a8a30fba9a45dfc0e9bed38c2469d516d28eab3c91e3e9096b7b852 0.0s done
#21 naming to 192.168.122.110:5000/brdnode_1277_r75:latest done
#21 unpacking to 192.168.122.110:5000/brdnode_1277_r75:latest 0.1s done
#21 exporting manifest list sha256:d371de94680e9b7a686170747c73bfc5bbe2b59ebde4811687477789a9e957b9 0.0s done
#21 naming to 192.168.122.110:5000/brdnode_1277_r73:latest done
#21 unpacking to 192.168.122.110:5000/brdnode_1277_r73:latest 0.1s done
#21 DONE 0.9s
#21 DONE 0.9s
#21 DONE 0.9s
+ seedemu_build_and_push 192.168.122.110:5000/brdnode_1277_r122:latest ./brdnode_1277_r122
+ seedemu_build_and_push 192.168.122.110:5000/brdnode_1277_r125:latest ./brdnode_1277_r125
+ seedemu_build_and_push 192.168.122.110:5000/brdnode_1277_r126:latest ./brdnode_1277_r126

#21 exporting to image
#21 exporting layers 0.1s done
#21 exporting manifest sha256:1466b03fe5c2d181d0a664fd3e2d591fcbe1d2b1b9113b297aa12922161de9f9 0.0s done
#21 exporting config sha256:119fde6bc0f7df5549000beb35afb2dac006d47e08a663d1bcd833f0b48ca248 0.0s done
#21 exporting attestation manifest sha256:f571be74a3e8b7a322a424ac62d1a3362fbb9e3f10f6fc52c530e593ae127995 0.0s done
#21 exporting manifest list sha256:29ddd80951c44dd2b111a3681dda43d28dc7f7d2e21419690818e05c9e0819df 0.0s done
#21 naming to 192.168.122.110:5000/brdnode_1277_r94:latest done
#21 unpacking to 192.168.122.110:5000/brdnode_1277_r94:latest 0.1s done
#21 DONE 0.4s
+ seedemu_build_and_push 192.168.122.110:5000/brdnode_1277_r127:latest ./brdnode_1277_r127

#6 [ 4/16] RUN touch /usr/share/doc/bird2/examples/bird.conf
#6 CACHED

#7 [11/16] RUN chmod +x /seedemu_sniffer
#7 CACHED

#8 [ 3/16] RUN mkdir -p /usr/share/doc/bird2/examples/
#8 CACHED

#9 [ 7/16] COPY 082b96ec819c95ae773daebde675ef80 /start.sh
#9 CACHED

#10 [ 8/16] COPY d18858afc6bb66ec3a19d872077acfd2 /seedemu_sniffer
#10 CACHED

#11 [ 2/16] RUN apt-get update && apt-get install -y --no-install-recommends netcat-openbsd
#11 CACHED

#12 [ 6/16] COPY 365d27384adc9719099d1f63f2d15824 /root/.zshrc.pre
#12 CACHED

#13 [12/16] RUN chmod +x /seedemu_worker
#13 CACHED

#14 [13/16] COPY 2b0ae038330eccd43095538618caee7d /etc/bird/bird.conf
#14 CACHED

#15 [14/16] COPY e01e36443f9f72c6204189260d0bd276 /ifinfo.txt
#15 CACHED

#16 [ 5/16] COPY 92872f20cfb75af4e3e1c588b00d6484 /replace_address.sh
#16 CACHED

#17 [ 9/16] COPY 17ac2d812a99a91e7f747e1defb72a29 /seedemu_worker
#17 CACHED

#18 [10/16] RUN chmod +x /start.sh
#18 CACHED

#19 [15/16] COPY d3d51fdf7f4bad30dc5db560a01ce629 /interface_setup
#19 CACHED

#6 [ 2/16] RUN apt-get update && apt-get install -y --no-install-recommends netcat-openbsd
#6 CACHED

#7 [ 6/16] COPY 365d27384adc9719099d1f63f2d15824 /root/.zshrc.pre
#7 CACHED

#8 [10/16] RUN chmod +x /start.sh
#8 CACHED

#9 [11/16] RUN chmod +x /seedemu_sniffer
#9 CACHED

#10 [12/16] RUN chmod +x /seedemu_worker
#10 CACHED

#11 [ 9/16] COPY 17ac2d812a99a91e7f747e1defb72a29 /seedemu_worker
#11 CACHED

#12 [13/16] COPY 2b0ae038330eccd43095538618caee7d /etc/bird/bird.conf
#12 CACHED

#13 [ 3/16] RUN mkdir -p /usr/share/doc/bird2/examples/
#13 CACHED

#14 [ 5/16] COPY 92872f20cfb75af4e3e1c588b00d6484 /replace_address.sh
#14 CACHED

#15 [ 8/16] COPY d18858afc6bb66ec3a19d872077acfd2 /seedemu_sniffer
#15 CACHED

#16 [ 4/16] RUN touch /usr/share/doc/bird2/examples/bird.conf
#16 CACHED

#17 [ 7/16] COPY 082b96ec819c95ae773daebde675ef80 /start.sh
#17 CACHED

#18 [14/16] COPY e01e36443f9f72c6204189260d0bd276 /ifinfo.txt
#18 CACHED

#19 [15/16] COPY d3d51fdf7f4bad30dc5db560a01ce629 /interface_setup
#19 CACHED

#20 [16/16] COPY 8e9a384ab59c7626a3ffab63886cc30f /etc/bird/conf/kernel.conf

#20 [16/16] COPY 8e9a384ab59c7626a3ffab63886cc30f /etc/bird/conf/kernel.conf


#5 [internal] load build context
#6 [ 6/16] COPY 365d27384adc9719099d1f63f2d15824 /root/.zshrc.pre
#6 CACHED

#5 DONE 0.0s
#7 [ 9/16] COPY 17ac2d812a99a91e7f747e1defb72a29 /seedemu_worker
#7 CACHED

#8 [13/16] COPY 2b0ae038330eccd43095538618caee7d /etc/bird/bird.conf
#8 CACHED

#9 [ 8/16] COPY d18858afc6bb66ec3a19d872077acfd2 /seedemu_sniffer
#9 CACHED

#10 [12/16] RUN chmod +x /seedemu_worker
#10 CACHED

#11 [14/16] COPY e01e36443f9f72c6204189260d0bd276 /ifinfo.txt
#11 CACHED

#12 [ 4/16] RUN touch /usr/share/doc/bird2/examples/bird.conf
#12 CACHED

#13 [10/16] RUN chmod +x /start.sh
#13 CACHED

#14 [11/16] RUN chmod +x /seedemu_sniffer
#14 CACHED

#15 [ 3/16] RUN mkdir -p /usr/share/doc/bird2/examples/
#15 CACHED

#16 [ 7/16] COPY 082b96ec819c95ae773daebde675ef80 /start.sh
#16 CACHED

#17 [ 2/16] RUN apt-get update && apt-get install -y --no-install-recommends netcat-openbsd
#17 CACHED

#18 [ 5/16] COPY 92872f20cfb75af4e3e1c588b00d6484 /replace_address.sh
#18 CACHED

#19 [15/16] COPY d3d51fdf7f4bad30dc5db560a01ce629 /interface_setup
#0 building with "default" instance using docker driver

#1 [internal] load build definition from Dockerfile
#1 DONE 0.0s
#0 building with "default" instance using docker driver

#1 [internal] load build definition from Dockerfile
#1 DONE 0.0s
#0 building with "default" instance using docker driver

#0 building with "default" instance using docker driver

#1 [internal] load build definition from Dockerfile
#1 [internal] load build definition from Dockerfile
#1 DONE 0.0s

#1 [internal] load build definition from Dockerfile
#1 transferring dockerfile:

#1 [internal] load build definition from Dockerfile
#1 transferring dockerfile: 884B done
#1 DONE 0.1s
#19 CACHED

#20 [16/16] COPY 8e9a384ab59c7626a3ffab63886cc30f /etc/bird/conf/kernel.conf
#1 transferring dockerfile: 884B done
#1 DONE 0.2s

#1 [internal] load build definition from Dockerfile
#1 transferring dockerfile: 884B done

#5 [internal] load build context
#5 transferring context: 6.76kB done
#1 DONE 0.2s
#1 transferring dockerfile: 884B done
#5 DONE 0.3s

#2 [internal] load metadata for docker.io/library/39e016aa9e819f203ebc1809245a5818:latest
#2 DONE 0.1s

#2 [internal] load metadata for docker.io/library/39e016aa9e819f203ebc1809245a5818:latest
#2 DONE 0.2s
#1 DONE 0.3s

#2 [internal] load metadata for docker.io/library/39e016aa9e819f203ebc1809245a5818:latest
#20 DONE 0.4s
#20 DONE 0.4s
#20 DONE 0.3s

#3 [internal] load .dockerignore
#3 transferring context: 2B done
#3 DONE 0.0s

#3 [internal] load .dockerignore
#3 transferring context: 2B done
#3 DONE 0.0s
#2 DONE 0.0s

#21 exporting to image

#2 [internal] load metadata for docker.io/library/39e016aa9e819f203ebc1809245a5818:latest

#4 [ 1/16] FROM docker.io/library/39e016aa9e819f203ebc1809245a5818:latest@sha256:43a6b8a656b4d087c7baad939091f8a4e19bfade899129aaa2d7fd409433266e
#4 resolve docker.io/library/39e016aa9e819f203ebc1809245a5818:latest@sha256:43a6b8a656b4d087c7baad939091f8a4e19bfade899129aaa2d7fd409433266e 0.0s done
#4 DONE 0.0s

#21 exporting to image
#21 exporting layers

#4 [ 1/16] FROM docker.io/library/39e016aa9e819f203ebc1809245a5818:latest@sha256:43a6b8a656b4d087c7baad939091f8a4e19bfade899129aaa2d7fd409433266e
#4 resolve docker.io/library/39e016aa9e819f203ebc1809245a5818:latest@sha256:43a6b8a656b4d087c7baad939091f8a4e19bfade899129aaa2d7fd409433266e 0.0s done
#4 DONE 0.0s

#21 exporting to image
#21 exporting layers

#3 [internal] load .dockerignore
#3 DONE 0.0s

#5 [internal] load build context
#5 DONE 0.0s

#6 [ 2/16] RUN apt-get update && apt-get install -y --no-install-recommends netcat-openbsd
#6 CACHED

#7 [ 5/16] COPY 92872f20cfb75af4e3e1c588b00d6484 /replace_address.sh
#7 CACHED

#8 [ 6/16] COPY 365d27384adc9719099d1f63f2d15824 /root/.zshrc.pre
#8 CACHED

#9 [ 9/16] COPY 17ac2d812a99a91e7f747e1defb72a29 /seedemu_worker
#9 CACHED

#10 [ 7/16] COPY 082b96ec819c95ae773daebde675ef80 /start.sh
#10 CACHED

#11 [ 8/16] COPY d18858afc6bb66ec3a19d872077acfd2 /seedemu_sniffer
#11 CACHED

#12 [10/16] RUN chmod +x /start.sh
#12 CACHED

#13 [ 4/16] RUN touch /usr/share/doc/bird2/examples/bird.conf
#13 CACHED

#14 [11/16] RUN chmod +x /seedemu_sniffer
#14 CACHED

#15 [12/16] RUN chmod +x /seedemu_worker
#15 CACHED

#16 [14/16] COPY e01e36443f9f72c6204189260d0bd276 /ifinfo.txt
#16 CACHED

#17 [ 3/16] RUN mkdir -p /usr/share/doc/bird2/examples/
#17 CACHED

#18 [13/16] COPY 2b0ae038330eccd43095538618caee7d /etc/bird/bird.conf
#18 CACHED

#19 [15/16] COPY d3d51fdf7f4bad30dc5db560a01ce629 /interface_setup
#2 DONE 0.1s

#3 [internal] load .dockerignore
#3 DONE 0.0s
#21 exporting layers

#5 [internal] load build context
#5 DONE 0.0s
#21 exporting layers 0.2s done
#21 exporting layers 0.2s done
#21 exporting layers 0.2s done
#19 CACHED

#20 [16/16] COPY 8e9a384ab59c7626a3ffab63886cc30f /etc/bird/conf/kernel.conf
#21 exporting manifest sha256:b1866acc4dc680067d817e34490eb48ad1c9f1b65ee07e95939dd1f1758f1e54 0.1s done
#21 exporting config sha256:66adf53475f3c627220738dfad9d1e74ace31b08b3c1740a37a56a87c06093b4

#5 [internal] load build context
#5 transferring context: 6.78kB done
#5 DONE 0.0s

#5 [internal] load build context
#5 transferring context: 7.59kB done
#5 DONE 0.0s

#4 [ 1/16] FROM docker.io/library/39e016aa9e819f203ebc1809245a5818:latest@sha256:43a6b8a656b4d087c7baad939091f8a4e19bfade899129aaa2d7fd409433266e
#4 resolve docker.io/library/39e016aa9e819f203ebc1809245a5818:latest@sha256:43a6b8a656b4d087c7baad939091f8a4e19bfade899129aaa2d7fd409433266e 0.0s done
#4 DONE 0.0s

#3 [internal] load .dockerignore
#3 transferring context: 2B done
#3 DONE 0.0s
#21 exporting manifest sha256:f4a4ade337d6d04b28a069bd801b7c9942b59080c958b67b12cd2f8f237ad81d
#21 exporting manifest sha256:f4a4ade337d6d04b28a069bd801b7c9942b59080c958b67b12cd2f8f237ad81d 0.2s done
#21 exporting config sha256:d090d00a613fb5aa0a409aec751d025af94cc937f4431f5fa0400027cf33311d

#4 [ 1/16] FROM docker.io/library/39e016aa9e819f203ebc1809245a5818:latest@sha256:43a6b8a656b4d087c7baad939091f8a4e19bfade899129aaa2d7fd409433266e
#4 resolve docker.io/library/39e016aa9e819f203ebc1809245a5818:latest@sha256:43a6b8a656b4d087c7baad939091f8a4e19bfade899129aaa2d7fd409433266e 0.0s done
#4 DONE 0.0s

#3 [internal] load .dockerignore
#3 transferring context: 2B done
#3 DONE 0.0s

#5 [internal] load build context
#5 transferring context: 6.78kB done
#5 DONE 0.0s
#21 exporting manifest sha256:e8c83bf94e480b99c9d7055b660959f574edfa49c7bbf722a2992f229addd829 0.1s done
#21 exporting config sha256:2181d9c285bf554579ae04ecff9134e20fae9fb274ad240fdd3f784ad8a1e6c8
#21 exporting config sha256:2181d9c285bf554579ae04ecff9134e20fae9fb274ad240fdd3f784ad8a1e6c8 0.2s done
#21 exporting config sha256:66adf53475f3c627220738dfad9d1e74ace31b08b3c1740a37a56a87c06093b4 0.2s done
#21 exporting config sha256:d090d00a613fb5aa0a409aec751d025af94cc937f4431f5fa0400027cf33311d 0.2s done
#21 exporting attestation manifest sha256:2ef2071e0a6b9fd98c6fcd6a0bd48351eb30299c541f81daa9bd64f60b43c5d7
#21 exporting attestation manifest sha256:aa7bcaab9b0133471271b7a5a3205dcc3b9358e0123378e7d279736ecd0a44bb
#21 exporting attestation manifest sha256:297cda024ad6e54ba8afb4675c0a76673156246d9edfcc47c3ac91c86634430e
#20 DONE 1.0s
#21 exporting attestation manifest sha256:2ef2071e0a6b9fd98c6fcd6a0bd48351eb30299c541f81daa9bd64f60b43c5d7 0.5s done
#21 exporting manifest list sha256:c704bb858a8b847b25fc4108c295cb3c195bf555f352b7db10be669b8a130344
#21 exporting attestation manifest sha256:aa7bcaab9b0133471271b7a5a3205dcc3b9358e0123378e7d279736ecd0a44bb 0.4s done
#21 exporting manifest list sha256:dc7e6b0319149e24ef2aa068c4c076a7f608ddd3426bd1ae09e22097d1798805
#21 exporting attestation manifest sha256:297cda024ad6e54ba8afb4675c0a76673156246d9edfcc47c3ac91c86634430e 0.4s done
#21 exporting manifest list sha256:05ca2c30d8c95bac408193d1812f991fc1c8aba099ed63f2cd53392c5d32beb4
#21 exporting manifest list sha256:dc7e6b0319149e24ef2aa068c4c076a7f608ddd3426bd1ae09e22097d1798805 0.0s done
#21 naming to 192.168.122.110:5000/brdnode_1277_r113:latest done
#21 unpacking to 192.168.122.110:5000/brdnode_1277_r113:latest 0.1s done
#21 exporting manifest list sha256:c704bb858a8b847b25fc4108c295cb3c195bf555f352b7db10be669b8a130344 0.0s done
#21 naming to 192.168.122.110:5000/brdnode_1277_r108:latest 0.0s done
#21 unpacking to 192.168.122.110:5000/brdnode_1277_r108:latest 0.1s done
#21 exporting manifest list sha256:05ca2c30d8c95bac408193d1812f991fc1c8aba099ed63f2cd53392c5d32beb4 0.0s done
#21 naming to 192.168.122.110:5000/brdnode_1277_r96:latest done
#21 unpacking to 192.168.122.110:5000/brdnode_1277_r96:latest 0.1s done
#21 DONE 1.4s
#21 DONE 1.4s
#21 DONE 1.4s
+ seedemu_build_and_push 192.168.122.110:5000/brdnode_1277_r128:latest ./brdnode_1277_r128
+ seedemu_build_and_push 192.168.122.110:5000/brdnode_1277_r129:latest ./brdnode_1277_r129
+ seedemu_build_and_push 192.168.122.110:5000/brdnode_1277_r135:latest ./brdnode_1277_r135

#21 exporting to image
#21 exporting layers 0.1s done
#21 exporting manifest sha256:37defe28cfec2bfc84c3399fbf117cd6956f23fe8da45c845db2c712e262bd22 0.0s done
#21 exporting config sha256:eabead394071a6b2393b9ec22c08e16c41b8783afb1affc928b7d50640e2b02b
#21 exporting config sha256:eabead394071a6b2393b9ec22c08e16c41b8783afb1affc928b7d50640e2b02b 0.0s done
#21 exporting attestation manifest sha256:ec4699d48282ffb32142fe24119bfe23a0a8d22f069d71e2321441b94bee95f7 0.0s done
#21 exporting manifest list sha256:7ea5400c1d24706e8b747ef1c14b0fcfd523715c9c4238e437b491437a8c14b6 0.0s done
#21 naming to 192.168.122.110:5000/brdnode_1277_r99:latest done
#21 unpacking to 192.168.122.110:5000/brdnode_1277_r99:latest 0.1s done

#6 [ 5/16] COPY 92872f20cfb75af4e3e1c588b00d6484 /replace_address.sh
#6 CACHED


#7 [14/16] COPY e01e36443f9f72c6204189260d0bd276 /ifinfo.txt
#7 CACHED
#6 [14/16] COPY e01e36443f9f72c6204189260d0bd276 /ifinfo.txt

#6 CACHED
#8 [ 2/16] RUN apt-get update && apt-get install -y --no-install-recommends netcat-openbsd

#8 CACHED

#7 [ 4/16] RUN touch /usr/share/doc/bird2/examples/bird.conf
#9 [ 4/16] RUN touch /usr/share/doc/bird2/examples/bird.conf
#7 CACHED
#9 CACHED


#8 [ 6/16] COPY 365d27384adc9719099d1f63f2d15824 /root/.zshrc.pre
#10 [ 9/16] COPY 17ac2d812a99a91e7f747e1defb72a29 /seedemu_worker
#8 CACHED
#10 CACHED


#9 [ 8/16] COPY d18858afc6bb66ec3a19d872077acfd2 /seedemu_sniffer
#11 [12/16] RUN chmod +x /seedemu_worker
#9 CACHED
#11 CACHED


#10 [ 2/16] RUN apt-get update && apt-get install -y --no-install-recommends netcat-openbsd
#12 [13/16] COPY 2b0ae038330eccd43095538618caee7d /etc/bird/bird.conf
#10 CACHED
#12 CACHED


#11 [ 5/16] COPY 92872f20cfb75af4e3e1c588b00d6484 /replace_address.sh
#13 [ 7/16] COPY 082b96ec819c95ae773daebde675ef80 /start.sh
#11 CACHED
#13 CACHED


#12 [ 3/16] RUN mkdir -p /usr/share/doc/bird2/examples/
#14 [ 8/16] COPY d18858afc6bb66ec3a19d872077acfd2 /seedemu_sniffer
#12 CACHED
#14 CACHED


#13 [10/16] RUN chmod +x /start.sh
#15 [10/16] RUN chmod +x /start.sh
#13 CACHED
#15 CACHED


#14 [11/16] RUN chmod +x /seedemu_sniffer
#16 [11/16] RUN chmod +x /seedemu_sniffer
#14 CACHED
#16 CACHED


#15 [12/16] RUN chmod +x /seedemu_worker
#17 [ 3/16] RUN mkdir -p /usr/share/doc/bird2/examples/
#15 CACHED
#17 CACHED


#16 [13/16] COPY 2b0ae038330eccd43095538618caee7d /etc/bird/bird.conf
#18 [ 6/16] COPY 365d27384adc9719099d1f63f2d15824 /root/.zshrc.pre
#16 CACHED
#18 CACHED

#17 [ 7/16] COPY 082b96ec819c95ae773daebde675ef80 /start.sh

#17 CACHED
#19 [15/16] COPY d3d51fdf7f4bad30dc5db560a01ce629 /interface_setup

#18 [ 9/16] COPY 17ac2d812a99a91e7f747e1defb72a29 /seedemu_worker
#18 CACHED

#19 [15/16] COPY d3d51fdf7f4bad30dc5db560a01ce629 /interface_setup
#21 DONE 0.4s
#19 CACHED
#19 CACHED
+ seedemu_build_and_push 192.168.122.110:5000/brdnode_1277_r147:latest ./brdnode_1277_r147

#20 [16/16] COPY 8e9a384ab59c7626a3ffab63886cc30f /etc/bird/conf/kernel.conf

#20 [16/16] COPY 8e9a384ab59c7626a3ffab63886cc30f /etc/bird/conf/kernel.conf

#5 [internal] load build context
#5 DONE 0.0s

#6 [ 7/16] COPY 082b96ec819c95ae773daebde675ef80 /start.sh
#6 CACHED

#7 [ 8/16] COPY d18858afc6bb66ec3a19d872077acfd2 /seedemu_sniffer
#7 CACHED

#8 [12/16] RUN chmod +x /seedemu_worker
#8 CACHED

#9 [13/16] COPY 2b0ae038330eccd43095538618caee7d /etc/bird/bird.conf
#9 CACHED

#10 [14/16] COPY e01e36443f9f72c6204189260d0bd276 /ifinfo.txt
#10 CACHED

#11 [ 2/16] RUN apt-get update && apt-get install -y --no-install-recommends netcat-openbsd
#11 CACHED

#12 [ 4/16] RUN touch /usr/share/doc/bird2/examples/bird.conf
#12 CACHED

#13 [ 9/16] COPY 17ac2d812a99a91e7f747e1defb72a29 /seedemu_worker
#13 CACHED

#14 [ 5/16] COPY 92872f20cfb75af4e3e1c588b00d6484 /replace_address.sh
#14 CACHED

#15 [ 6/16] COPY 365d27384adc9719099d1f63f2d15824 /root/.zshrc.pre
#15 CACHED

#16 [10/16] RUN chmod +x /start.sh
#16 CACHED

#17 [11/16] RUN chmod +x /seedemu_sniffer
#17 CACHED

#18 [ 3/16] RUN mkdir -p /usr/share/doc/bird2/examples/
#18 CACHED

#19 [15/16] COPY d3d51fdf7f4bad30dc5db560a01ce629 /interface_setup
#0 building with "default" instance using docker driver

#0 building with "default" instance using docker driver

#1 [internal] load build definition from Dockerfile
#1 DONE 0.0s
#1 [internal] load build definition from Dockerfile
#1 DONE 0.0s
#0 building with "default" instance using docker driver

#1 [internal] load build definition from Dockerfile
#1 DONE 0.0s
#0 building with "default" instance using docker driver

#1 [internal] load build definition from Dockerfile

#5 [internal] load build context
#5 transferring context: 6.78kB done
#5 DONE 0.1s
#1 transferring dockerfile: 884B done
#1 DONE 0.1s

#1 [internal] load build definition from Dockerfile
#1 transferring dockerfile: 884B done
#1 DONE 0.1s
#19 CACHED

#20 [16/16] COPY 8e9a384ab59c7626a3ffab63886cc30f /etc/bird/conf/kernel.conf

#1 [internal] load build definition from Dockerfile
#1 transferring dockerfile: 884B done
#1 DONE 0.2s

#1 [internal] load build definition from Dockerfile
#1 transferring dockerfile: 884B done
#1 DONE 0.2s
#20 DONE 1.3s
#20 DONE 1.3s
#20 DONE 1.2s

#21 exporting to image

#2 [internal] load metadata for docker.io/library/39e016aa9e819f203ebc1809245a5818:latest

#2 [internal] load metadata for docker.io/library/39e016aa9e819f203ebc1809245a5818:latest

#2 [internal] load metadata for docker.io/library/39e016aa9e819f203ebc1809245a5818:latest

#2 [internal] load metadata for docker.io/library/39e016aa9e819f203ebc1809245a5818:latest

#21 exporting to image

#21 exporting to image
#21 exporting layers
#21 exporting layers
#21 exporting layers

#6 [11/16] RUN chmod +x /seedemu_sniffer
#6 CACHED

#7 [ 4/16] RUN touch /usr/share/doc/bird2/examples/bird.conf
#7 CACHED

#8 [ 5/16] COPY 92872f20cfb75af4e3e1c588b00d6484 /replace_address.sh
#8 CACHED

#9 [ 6/16] COPY 365d27384adc9719099d1f63f2d15824 /root/.zshrc.pre
#9 CACHED

#10 [13/16] COPY 2b0ae038330eccd43095538618caee7d /etc/bird/bird.conf
#10 CACHED

#11 [14/16] COPY e01e36443f9f72c6204189260d0bd276 /ifinfo.txt
#11 CACHED

#12 [ 2/16] RUN apt-get update && apt-get install -y --no-install-recommends netcat-openbsd
#12 CACHED

#13 [ 8/16] COPY d18858afc6bb66ec3a19d872077acfd2 /seedemu_sniffer
#13 CACHED

#14 [12/16] RUN chmod +x /seedemu_worker
#14 CACHED

#15 [ 3/16] RUN mkdir -p /usr/share/doc/bird2/examples/
#15 CACHED

#16 [ 7/16] COPY 082b96ec819c95ae773daebde675ef80 /start.sh
#16 CACHED

#17 [ 9/16] COPY 17ac2d812a99a91e7f747e1defb72a29 /seedemu_worker
#17 CACHED

#18 [10/16] RUN chmod +x /start.sh
#18 CACHED

#19 [15/16] COPY d3d51fdf7f4bad30dc5db560a01ce629 /interface_setup
#21 exporting layers 0.2s done
#21 exporting layers 0.2s done
#21 exporting layers 0.2s done
#21 exporting manifest sha256:6f8741005c896ab18e58f979883bcf394a158eb985f7af009af22be7803c4f1f 0.0s done
#21 exporting config sha256:0eca8ff007e06399b05c3a51363841d6b3dff690c294a84a8ee2a4ff6ea1b0b4 0.0s done
#21 exporting attestation manifest sha256:0c52aaa6fd2499c8497f800fdc16ae5a89410d459a6547f59d3a1e7b863e1722
#21 exporting manifest sha256:ef8233d48f282c0466513c776e604bff923dd2f0e319d18950971d938693d8fe 0.0s done
#21 exporting config sha256:64a8f6cd5d4f93deee87f15d360c133172321f6fa043be9d1f21c65047211eed 0.0s done
#21 exporting attestation manifest sha256:62dd2e628f760a48c354138ef21ee1c3df2fca061fdd29bf955797de7f60832c
#21 exporting manifest sha256:567a911a05283c23f90b617e4870f0b7305134ec168324947446dc70cff82244 0.0s done
#21 exporting config sha256:55a5ac2e57703c71e6c42fdcdc27a56e85c0382ac1414102a24de55849b88882 0.0s done
#21 exporting attestation manifest sha256:e6065a3562cf77cb30ca099b901fcdb53982749bf1c707da8c4b4f364743dad0
#19 CACHED

#20 [16/16] COPY 8e9a384ab59c7626a3ffab63886cc30f /etc/bird/conf/kernel.conf
#20 DONE 0.0s

#21 exporting to image
#21 exporting layers
#21 exporting attestation manifest sha256:0c52aaa6fd2499c8497f800fdc16ae5a89410d459a6547f59d3a1e7b863e1722 0.1s done
#21 exporting manifest list sha256:24003bf04442be8bd06ffe291a1d6570bee694a6a49839de7aba5f47791cedd0 0.0s done
#21 naming to 192.168.122.110:5000/brdnode_1277_r125:latest
#21 exporting attestation manifest sha256:62dd2e628f760a48c354138ef21ee1c3df2fca061fdd29bf955797de7f60832c 0.1s done
#21 exporting manifest list sha256:19a134d1551b1cfabf481ef5bcc223ae9f3b7c3acad1725e8b3cd4ae255f87b9 0.0s done
#21 naming to 192.168.122.110:5000/brdnode_1277_r126:latest
#21 exporting attestation manifest sha256:e6065a3562cf77cb30ca099b901fcdb53982749bf1c707da8c4b4f364743dad0 0.1s done
#21 exporting manifest list sha256:f9bc84f649c2c3eec410546c0cccf99ada11a306aa0d1cf95128ecc9541be824 0.0s done
#21 naming to 192.168.122.110:5000/brdnode_1277_r122:latest
#21 exporting layers 0.2s done
#21 naming to 192.168.122.110:5000/brdnode_1277_r125:latest 0.0s done
#21 unpacking to 192.168.122.110:5000/brdnode_1277_r125:latest 0.1s done
#21 naming to 192.168.122.110:5000/brdnode_1277_r126:latest done
#21 unpacking to 192.168.122.110:5000/brdnode_1277_r126:latest 0.1s done
#21 exporting manifest sha256:7e5d28d8508f51935229f604ccd882bce31c9350130e5f180ab8b494353ca7d9 0.0s done
#21 exporting config sha256:fad1ee4fc3287b9ec02e831f4af95b1866ee002a097c241f9d4f91e478b533c2 0.0s done
#21 exporting attestation manifest sha256:cdcd58bdf95ceb27b7f1f1ca45ccef4cb78d5d0c652e3afd5a0b211ea895e12b 0.0s done
#21 exporting manifest list sha256:d0e1b61264e82bad2947fff8e17218d383f107cfa0ab4eb6bef79b4fb485cbee 0.0s done
#21 naming to 192.168.122.110:5000/brdnode_1277_r127:latest
#21 naming to 192.168.122.110:5000/brdnode_1277_r122:latest done
#21 unpacking to 192.168.122.110:5000/brdnode_1277_r122:latest 0.1s done
#21 DONE 0.7s
#21 DONE 0.7s
#21 DONE 0.7s
#21 naming to 192.168.122.110:5000/brdnode_1277_r127:latest done
#21 unpacking to 192.168.122.110:5000/brdnode_1277_r127:latest 0.1s done
#21 DONE 0.6s
#2 DONE 0.9s
#2 DONE 0.9s
#2 DONE 0.9s
#2 DONE 0.9s

#3 [ 1/16] FROM docker.io/library/39e016aa9e819f203ebc1809245a5818:latest@sha256:43a6b8a656b4d087c7baad939091f8a4e19bfade899129aaa2d7fd409433266e
#3 resolve docker.io/library/39e016aa9e819f203ebc1809245a5818:latest@sha256:43a6b8a656b4d087c7baad939091f8a4e19bfade899129aaa2d7fd409433266e 0.0s done
#3 DONE 0.0s

#4 [internal] load .dockerignore
#4 transferring context: 2B done
#4 DONE 0.0s

#5 [internal] load build context
#5 transferring context: 6.78kB done
#5 DONE 0.0s

#3 [ 1/16] FROM docker.io/library/39e016aa9e819f203ebc1809245a5818:latest@sha256:43a6b8a656b4d087c7baad939091f8a4e19bfade899129aaa2d7fd409433266e
#3 resolve docker.io/library/39e016aa9e819f203ebc1809245a5818:latest@sha256:43a6b8a656b4d087c7baad939091f8a4e19bfade899129aaa2d7fd409433266e 0.0s done
#3 DONE 0.0s

#4 [internal] load .dockerignore
#4 transferring context: 2B done
#4 DONE 0.1s

#5 [internal] load build context

#3 [ 1/16] FROM docker.io/library/39e016aa9e819f203ebc1809245a5818:latest@sha256:43a6b8a656b4d087c7baad939091f8a4e19bfade899129aaa2d7fd409433266e
#3 resolve docker.io/library/39e016aa9e819f203ebc1809245a5818:latest@sha256:43a6b8a656b4d087c7baad939091f8a4e19bfade899129aaa2d7fd409433266e 0.0s done
#3 DONE 0.0s

#4 [internal] load .dockerignore
#4 transferring context: 2B done
#4 DONE 0.0s

#5 [internal] load build context
#5 transferring context: 6.78kB done
#5 DONE 0.0s

#3 [ 1/16] FROM docker.io/library/39e016aa9e819f203ebc1809245a5818:latest@sha256:43a6b8a656b4d087c7baad939091f8a4e19bfade899129aaa2d7fd409433266e
#3 resolve docker.io/library/39e016aa9e819f203ebc1809245a5818:latest@sha256:43a6b8a656b4d087c7baad939091f8a4e19bfade899129aaa2d7fd409433266e 0.0s done
#3 DONE 0.0s

#4 [internal] load .dockerignore
#4 transferring context: 2B done
#4 DONE 0.0s

#5 [internal] load build context
#5 transferring context: 6.77kB done
#5 DONE 0.1s
#5 transferring context: 6.77kB done
#5 DONE 0.0s
+ seedemu_build_and_push 192.168.122.110:5000/brdnode_1277_r158:latest ./brdnode_1277_r158
+ seedemu_build_and_push 192.168.122.110:5000/brdnode_1277_r167:latest ./brdnode_1277_r167
+ seedemu_build_and_push 192.168.122.110:5000/brdnode_1277_r171:latest ./brdnode_1277_r171
+ seedemu_build_and_push 192.168.122.110:5000/brdnode_1277_r189:latest ./brdnode_1277_r189

#6 [ 4/16] RUN touch /usr/share/doc/bird2/examples/bird.conf
#6 CACHED

#7 [ 5/16] COPY 92872f20cfb75af4e3e1c588b00d6484 /replace_address.sh
#7 CACHED

#8 [ 6/16] COPY 365d27384adc9719099d1f63f2d15824 /root/.zshrc.pre
#8 CACHED

#9 [ 7/16] COPY 082b96ec819c95ae773daebde675ef80 /start.sh
#9 CACHED

#10 [10/16] RUN chmod +x /start.sh
#10 CACHED

#11 [12/16] RUN chmod +x /seedemu_worker
#11 CACHED

#12 [13/16] COPY 2b0ae038330eccd43095538618caee7d /etc/bird/bird.conf
#12 CACHED

#13 [14/16] COPY e01e36443f9f72c6204189260d0bd276 /ifinfo.txt
#13 CACHED

#14 [ 3/16] RUN mkdir -p /usr/share/doc/bird2/examples/
#14 CACHED

#15 [ 8/16] COPY d18858afc6bb66ec3a19d872077acfd2 /seedemu_sniffer
#15 CACHED

#16 [ 9/16] COPY 17ac2d812a99a91e7f747e1defb72a29 /seedemu_worker
#16 CACHED

#17 [11/16] RUN chmod +x /seedemu_sniffer
#17 CACHED

#18 [ 2/16] RUN apt-get update && apt-get install -y --no-install-recommends netcat-openbsd
#18 CACHED

#19 [15/16] COPY d3d51fdf7f4bad30dc5db560a01ce629 /interface_setup

#6 [ 6/16] COPY 365d27384adc9719099d1f63f2d15824 /root/.zshrc.pre
#6 CACHED
#0 building with "default" instance using docker driver


#7 [ 7/16] COPY 082b96ec819c95ae773daebde675ef80 /start.sh
#1 [internal] load build definition from Dockerfile
#7 CACHED

#1 DONE 0.0s
#8 [ 8/16] COPY d18858afc6bb66ec3a19d872077acfd2 /seedemu_sniffer
#8 CACHED

#9 [10/16] RUN chmod +x /start.sh
#9 CACHED

#10 [ 3/16] RUN mkdir -p /usr/share/doc/bird2/examples/
#10 CACHED

#11 [ 4/16] RUN touch /usr/share/doc/bird2/examples/bird.conf
#11 CACHED

#12 [ 5/16] COPY 92872f20cfb75af4e3e1c588b00d6484 /replace_address.sh
#12 CACHED

#13 [12/16] RUN chmod +x /seedemu_worker
#13 CACHED

#14 [13/16] COPY 2b0ae038330eccd43095538618caee7d /etc/bird/bird.conf
#14 CACHED

#15 [ 9/16] COPY 17ac2d812a99a91e7f747e1defb72a29 /seedemu_worker
#15 CACHED

#16 [14/16] COPY e01e36443f9f72c6204189260d0bd276 /ifinfo.txt
#16 CACHED

#17 [11/16] RUN chmod +x /seedemu_sniffer
#17 CACHED

#18 [ 2/16] RUN apt-get update && apt-get install -y --no-install-recommends netcat-openbsd
#18 CACHED

#19 [15/16] COPY d3d51fdf7f4bad30dc5db560a01ce629 /interface_setup
#0 building with "default" instance using docker driver


#1 [internal] load build definition from Dockerfile
#6 [ 3/16] RUN mkdir -p /usr/share/doc/bird2/examples/
#6 CACHED

#1 DONE 0.0s
#7 [ 7/16] COPY 082b96ec819c95ae773daebde675ef80 /start.sh
#7 CACHED

#8 [ 9/16] COPY 17ac2d812a99a91e7f747e1defb72a29 /seedemu_worker
#8 CACHED

#9 [10/16] RUN chmod +x /start.sh
#9 CACHED

#10 [ 4/16] RUN touch /usr/share/doc/bird2/examples/bird.conf
#10 CACHED

#11 [ 5/16] COPY 92872f20cfb75af4e3e1c588b00d6484 /replace_address.sh
#11 CACHED


#0 building with "default" instance using docker driver

#12 [12/16] RUN chmod +x /seedemu_worker
#12 CACHED
#1 [internal] load build definition from Dockerfile

#6 [ 9/16] COPY 17ac2d812a99a91e7f747e1defb72a29 /seedemu_worker
#13 [ 8/16] COPY d18858afc6bb66ec3a19d872077acfd2 /seedemu_sniffer
#6 CACHED
#1 DONE 0.0s
#13 CACHED


#7 [14/16] COPY e01e36443f9f72c6204189260d0bd276 /ifinfo.txt
#14 [11/16] RUN chmod +x /seedemu_sniffer
#7 CACHED
#14 CACHED


#8 [ 2/16] RUN apt-get update && apt-get install -y --no-install-recommends netcat-openbsd
#15 [13/16] COPY 2b0ae038330eccd43095538618caee7d /etc/bird/bird.conf
#8 CACHED
#15 CACHED


#9 [ 4/16] RUN touch /usr/share/doc/bird2/examples/bird.conf
#9 CACHED
#16 [14/16] COPY e01e36443f9f72c6204189260d0bd276 /ifinfo.txt

#16 CACHED
#10 [ 5/16] COPY 92872f20cfb75af4e3e1c588b00d6484 /replace_address.sh

#10 CACHED
#17 [ 2/16] RUN apt-get update && apt-get install -y --no-install-recommends netcat-openbsd

#17 CACHED
#11 [ 6/16] COPY 365d27384adc9719099d1f63f2d15824 /root/.zshrc.pre

#11 CACHED
#18 [ 6/16] COPY 365d27384adc9719099d1f63f2d15824 /root/.zshrc.pre

#18 CACHED
#12 [ 3/16] RUN mkdir -p /usr/share/doc/bird2/examples/
#12 CACHED


#19 [15/16] COPY d3d51fdf7f4bad30dc5db560a01ce629 /interface_setup
#13 [11/16] RUN chmod +x /seedemu_sniffer
#13 CACHED

#14 [ 8/16] COPY d18858afc6bb66ec3a19d872077acfd2 /seedemu_sniffer
#14 CACHED

#15 [10/16] RUN chmod +x /start.sh
#15 CACHED

#16 [12/16] RUN chmod +x /seedemu_worker
#16 CACHED

#17 [13/16] COPY 2b0ae038330eccd43095538618caee7d /etc/bird/bird.conf
#17 CACHED

#18 [ 7/16] COPY 082b96ec819c95ae773daebde675ef80 /start.sh
#18 CACHED

#19 [15/16] COPY d3d51fdf7f4bad30dc5db560a01ce629 /interface_setup
#0 building with "default" instance using docker driver

#1 [internal] load build definition from Dockerfile
#1 DONE 0.0s

#2 [ 1/16] FROM docker.io/library/39e016aa9e819f203ebc1809245a5818:latest@sha256:43a6b8a656b4d087c7baad939091f8a4e19bfade899129aaa2d7fd409433266e
#2 resolve docker.io/library/39e016aa9e819f203ebc1809245a5818:latest@sha256:43a6b8a656b4d087c7baad939091f8a4e19bfade899129aaa2d7fd409433266e 0.0s done
#2 DONE 0.0s

#1 [internal] load build definition from Dockerfile
#1 transferring dockerfile: 884B done
#1 DONE 0.0s

#3 [internal] load metadata for docker.io/library/39e016aa9e819f203ebc1809245a5818:latest
#3 DONE 0.0s

#4 [internal] load .dockerignore
#4 transferring context: 2B done
#4 DONE 0.0s

#1 [internal] load build definition from Dockerfile
#1 transferring dockerfile: 884B done
#1 DONE 0.0s

#2 [internal] load metadata for docker.io/library/39e016aa9e819f203ebc1809245a5818:latest
#2 DONE 0.0s

#3 [internal] load .dockerignore
#3 transferring context: 2B done
#3 DONE 0.0s

#1 [internal] load build definition from Dockerfile
#1 transferring dockerfile: 884B done

#1 DONE 0.0s

#2 [internal] load metadata for docker.io/library/39e016aa9e819f203ebc1809245a5818:latest
#2 [ 1/16] FROM docker.io/library/39e016aa9e819f203ebc1809245a5818:latest@sha256:43a6b8a656b4d087c7baad939091f8a4e19bfade899129aaa2d7fd409433266e
#2 DONE 0.0s

#3 [internal] load .dockerignore
#3 transferring context: 2B done
#2 resolve docker.io/library/39e016aa9e819f203ebc1809245a5818:latest@sha256:43a6b8a656b4d087c7baad939091f8a4e19bfade899129aaa2d7fd409433266e 0.0s done
#3 DONE 0.0s
#2 DONE 0.0s

#1 [internal] load build definition from Dockerfile
#1 transferring dockerfile: 884B done
#1 DONE 0.0s

#3 [internal] load metadata for docker.io/library/39e016aa9e819f203ebc1809245a5818:latest
#3 DONE 0.0s

#4 [internal] load .dockerignore
#4 transferring context: 2B done
#4 DONE 0.0s
#19 CACHED

#20 [16/16] COPY 8e9a384ab59c7626a3ffab63886cc30f /etc/bird/conf/kernel.conf
#19 CACHED

#20 [16/16] COPY 8e9a384ab59c7626a3ffab63886cc30f /etc/bird/conf/kernel.conf
#19 CACHED

#20 [16/16] COPY 8e9a384ab59c7626a3ffab63886cc30f /etc/bird/conf/kernel.conf
#19 CACHED

#20 [16/16] COPY 8e9a384ab59c7626a3ffab63886cc30f /etc/bird/conf/kernel.conf

#5 [internal] load build context
#5 transferring context: 6.77kB done
#5 DONE 0.0s

#4 [ 1/16] FROM docker.io/library/39e016aa9e819f203ebc1809245a5818:latest@sha256:43a6b8a656b4d087c7baad939091f8a4e19bfade899129aaa2d7fd409433266e
#4 resolve docker.io/library/39e016aa9e819f203ebc1809245a5818:latest@sha256:43a6b8a656b4d087c7baad939091f8a4e19bfade899129aaa2d7fd409433266e 0.0s done
#4 DONE 0.0s

#5 [internal] load build context
#5 transferring context: 6.78kB done
#5 DONE 0.0s

#4 [ 1/16] FROM docker.io/library/39e016aa9e819f203ebc1809245a5818:latest@sha256:43a6b8a656b4d087c7baad939091f8a4e19bfade899129aaa2d7fd409433266e
#4 resolve docker.io/library/39e016aa9e819f203ebc1809245a5818:latest@sha256:43a6b8a656b4d087c7baad939091f8a4e19bfade899129aaa2d7fd409433266e 0.0s done
#4 DONE 0.0s

#5 [internal] load build context
#5 transferring context: 6.77kB done
#5 DONE 0.0s
#20 DONE 2.2s
#20 DONE 2.2s
#20 DONE 2.2s
#20 DONE 2.2s

#21 exporting to image

#21 exporting to image

#21 exporting to image
#21 exporting layers

#21 exporting to image
#21 exporting layers
#21 exporting layers
#21 exporting layers
#21 exporting layers 0.2s done
#21 exporting layers 0.2s done
#21 exporting layers 0.2s done
#21 exporting layers 0.2s done

#6 [ 9/16] COPY 17ac2d812a99a91e7f747e1defb72a29 /seedemu_worker
#6 CACHED

#7 [11/16] RUN chmod +x /seedemu_sniffer
#7 CACHED

#8 [ 6/16] COPY 365d27384adc9719099d1f63f2d15824 /root/.zshrc.pre
#8 CACHED

#9 [ 8/16] COPY d18858afc6bb66ec3a19d872077acfd2 /seedemu_sniffer
#9 CACHED

#10 [ 5/16] COPY 92872f20cfb75af4e3e1c588b00d6484 /replace_address.sh
#10 CACHED

#11 [12/16] RUN chmod +x /seedemu_worker
#11 CACHED

#12 [ 2/16] RUN apt-get update && apt-get install -y --no-install-recommends netcat-openbsd
#12 CACHED

#13 [ 3/16] RUN mkdir -p /usr/share/doc/bird2/examples/
#13 CACHED

#14 [10/16] RUN chmod +x /start.sh
#14 CACHED

#15 [13/16] COPY 2b0ae038330eccd43095538618caee7d /etc/bird/bird.conf
#15 CACHED

#16 [14/16] COPY e01e36443f9f72c6204189260d0bd276 /ifinfo.txt
#16 CACHED

#17 [ 4/16] RUN touch /usr/share/doc/bird2/examples/bird.conf
#17 CACHED

#18 [ 7/16] COPY 082b96ec819c95ae773daebde675ef80 /start.sh
#18 CACHED

#19 [15/16] COPY d3d51fdf7f4bad30dc5db560a01ce629 /interface_setup
#21 exporting manifest sha256:0d52e72d9726ccaef1c8fd35bf9b0387764331dc461b0eb33bbf8c4ade862c05 0.0s done
#21 exporting config sha256:100121ea2c5e95fddccf4f9b462981d8a5b97cc551eafbb81c80c2b9571c8836 0.0s done
#21 exporting attestation manifest sha256:63ef6ce4004975800657c2c2f1ba5c22f3eec1b3e2bb43e86488e1ec690f7696
#21 exporting manifest sha256:e9f742b1b31c67400f4386bf4f65df80968db9d81e542ef50699db1cf6f865e1 0.0s done
#21 exporting config sha256:093643d914cf22e456faf168a3c54d144b2b0fd542831b74ecb576b614d3b8dd 0.0s done
#21 exporting attestation manifest sha256:600aa789101a0ec83ebdb4cba9271917977d7e8d06296556710b49b92be2698b
#21 exporting manifest sha256:f0331ad18b15ff1cdb1f3a8c83a85bd33bbbd849ec493fd8110686dc4b789ad0 0.0s done
#21 exporting config sha256:a75a026742e943f8d537aa7475a3e5085498cbcffca2a30a3fd4885d01efd3a9 0.0s done
#21 exporting attestation manifest sha256:9c62d616a23c2b69b4488c24303047e0a678dfef48d526d1681ed1ac577e49af
#21 exporting manifest sha256:dfe67bc87d369e901b946fd5360f26f2fb4832433152a408b0c26af45f70b152 0.0s done
#21 exporting config sha256:556de04558ca223dfaddcd0f930632a985ceaa2da5e6ab51bae1020e4ca9914d 0.0s done
#21 exporting attestation manifest sha256:6f879dea648a6b2a8ea2c923e5724d92dc64a9c8f34e9bcc73ec9fe2c9e48bba
#19 CACHED
#21 exporting attestation manifest sha256:63ef6ce4004975800657c2c2f1ba5c22f3eec1b3e2bb43e86488e1ec690f7696 0.1s done
#21 exporting manifest list sha256:21cb71b8de612c0bdcf68bc4f05fd1a75a71557909d06bb7db58cc2604c62d15 0.0s done
#21 naming to 192.168.122.110:5000/brdnode_1277_r128:latest
#21 exporting attestation manifest sha256:600aa789101a0ec83ebdb4cba9271917977d7e8d06296556710b49b92be2698b 0.1s done
#21 exporting manifest list sha256:d2d6ecc57af3de2703bda4a2d2d4de2ca250bdbafeb526ccc35842f7e7e6d84e 0.0s done
#21 naming to 192.168.122.110:5000/brdnode_1277_r129:latest
#21 exporting attestation manifest sha256:9c62d616a23c2b69b4488c24303047e0a678dfef48d526d1681ed1ac577e49af 0.1s done
#21 exporting manifest list sha256:59544f5e7169b59d7ef9236b34aa7db43d0a4b3327f1054d2477e8633ef08f55 0.0s done
#21 naming to 192.168.122.110:5000/brdnode_1277_r147:latest
#21 exporting attestation manifest sha256:6f879dea648a6b2a8ea2c923e5724d92dc64a9c8f34e9bcc73ec9fe2c9e48bba 0.1s done
#21 exporting manifest list sha256:d8f82f7c41dd95749d1ad0e5e5b401038932273408809738e71a0b1d77fc54c1 0.0s done
#21 naming to 192.168.122.110:5000/brdnode_1277_r135:latest

#6 [ 3/16] RUN mkdir -p /usr/share/doc/bird2/examples/
#6 CACHED

#7 [ 6/16] COPY 365d27384adc9719099d1f63f2d15824 /root/.zshrc.pre
#7 CACHED

#8 [11/16] RUN chmod +x /seedemu_sniffer
#8 CACHED

#9 [ 5/16] COPY 92872f20cfb75af4e3e1c588b00d6484 /replace_address.sh

#9 CACHED

#10 [ 8/16] COPY d18858afc6bb66ec3a19d872077acfd2 /seedemu_sniffer
#10 CACHED

#11 [10/16] RUN chmod +x /start.sh
#11 CACHED

#12 [ 2/16] RUN apt-get update && apt-get install -y --no-install-recommends netcat-openbsd
#12 CACHED

#13 [ 4/16] RUN touch /usr/share/doc/bird2/examples/bird.conf
#13 CACHED

#14 [ 7/16] COPY 082b96ec819c95ae773daebde675ef80 /start.sh
#14 CACHED

#15 [ 9/16] COPY 17ac2d812a99a91e7f747e1defb72a29 /seedemu_worker
#15 CACHED

#16 [12/16] RUN chmod +x /seedemu_worker
#16 CACHED

#17 [13/16] COPY 2b0ae038330eccd43095538618caee7d /etc/bird/bird.conf
#17 CACHED

#18 [14/16] COPY e01e36443f9f72c6204189260d0bd276 /ifinfo.txt
#18 CACHED

#19 [15/16] COPY d3d51fdf7f4bad30dc5db560a01ce629 /interface_setup
#20 [16/16] COPY 8e9a384ab59c7626a3ffab63886cc30f /etc/bird/conf/kernel.conf
#21 naming to 192.168.122.110:5000/brdnode_1277_r128:latest 0.0s done
#21 unpacking to 192.168.122.110:5000/brdnode_1277_r128:latest 0.1s done
#21 naming to 192.168.122.110:5000/brdnode_1277_r147:latest 0.0s done
#21 unpacking to 192.168.122.110:5000/brdnode_1277_r147:latest 0.1s done
#21 naming to 192.168.122.110:5000/brdnode_1277_r129:latest 0.0s done
#21 unpacking to 192.168.122.110:5000/brdnode_1277_r129:latest
#21 naming to 192.168.122.110:5000/brdnode_1277_r135:latest 0.0s done
#21 unpacking to 192.168.122.110:5000/brdnode_1277_r135:latest
#21 unpacking to 192.168.122.110:5000/brdnode_1277_r129:latest 0.2s done
#21 unpacking to 192.168.122.110:5000/brdnode_1277_r135:latest 0.2s done
#19 CACHED
#21 DONE 0.7s
#21 DONE 0.8s
#21 DONE 0.8s
#21 DONE 0.8s
#20 DONE 1.0s

#21 exporting to image

#20 [16/16] COPY 8e9a384ab59c7626a3ffab63886cc30f /etc/bird/conf/kernel.conf

#5 [internal] load build context
#5 DONE 0.0s

#6 [11/16] RUN chmod +x /seedemu_sniffer
#6 CACHED

#7 [ 2/16] RUN apt-get update && apt-get install -y --no-install-recommends netcat-openbsd
#7 CACHED

#8 [ 5/16] COPY 92872f20cfb75af4e3e1c588b00d6484 /replace_address.sh
#8 CACHED

#9 [ 6/16] COPY 365d27384adc9719099d1f63f2d15824 /root/.zshrc.pre
#9 CACHED

#10 [ 9/16] COPY 17ac2d812a99a91e7f747e1defb72a29 /seedemu_worker
#10 CACHED

#11 [10/16] RUN chmod +x /start.sh
#11 CACHED

#12 [12/16] RUN chmod +x /seedemu_worker
#12 CACHED

#13 [ 4/16] RUN touch /usr/share/doc/bird2/examples/bird.conf
#13 CACHED

#14 [ 7/16] COPY 082b96ec819c95ae773daebde675ef80 /start.sh
#14 CACHED

#15 [13/16] COPY 2b0ae038330eccd43095538618caee7d /etc/bird/bird.conf
#15 CACHED

#16 [14/16] COPY e01e36443f9f72c6204189260d0bd276 /ifinfo.txt
#16 CACHED

#17 [ 3/16] RUN mkdir -p /usr/share/doc/bird2/examples/
#17 CACHED

#18 [ 8/16] COPY d18858afc6bb66ec3a19d872077acfd2 /seedemu_sniffer
#18 CACHED

#19 [15/16] COPY d3d51fdf7f4bad30dc5db560a01ce629 /interface_setup
+ seedemu_build_and_push 192.168.122.110:5000/brdnode_1277_r190:latest ./brdnode_1277_r190
#21 exporting layers
#19 CACHED

#20 [16/16] COPY 8e9a384ab59c7626a3ffab63886cc30f /etc/bird/conf/kernel.conf

#5 [internal] load build context
#5 transferring context: 6.77kB done
#5 DONE 0.0s
#21 exporting layers 0.3s done
#21 exporting manifest sha256:66582585bba4bcef00f7b70d1428009b27ffb0e406809fe0cfa8d9212aea6798 0.1s done
#21 exporting config sha256:5072b1e3f165ce9db31fc70b31f60a9f61199da671ff88687d50d1a14a80ed8a 0.1s done
#21 exporting attestation manifest sha256:20b2ff55d2e8dd1361a8216c402fe99229ddb2188b63118dc68ff8f0db8c1ece
#20 DONE 0.6s
#20 DONE 0.6s
#21 exporting attestation manifest sha256:20b2ff55d2e8dd1361a8216c402fe99229ddb2188b63118dc68ff8f0db8c1ece 0.1s done
#21 exporting manifest list sha256:217936611918e689ff1ddb4e6f272d8ee392a8d353d8adfd9ef873d262195cda 0.0s done
#21 naming to 192.168.122.110:5000/brdnode_1277_r189:latest done
#21 unpacking to 192.168.122.110:5000/brdnode_1277_r189:latest 0.1s done
+ seedemu_build_and_push 192.168.122.110:5000/brdnode_1277_r219:latest ./brdnode_1277_r219
+ seedemu_build_and_push 192.168.122.110:5000/brdnode_1277_r221:latest ./brdnode_1277_r221
+ seedemu_build_and_push 192.168.122.110:5000/brdnode_1277_r227:latest ./brdnode_1277_r227
#21 DONE 0.9s
+ seedemu_build_and_push 192.168.122.110:5000/brdnode_1277_r237:latest ./brdnode_1277_r237

#21 exporting to image
#21 exporting layers

#21 exporting to image
#0 building with "default" instance using docker driver

#0 building with "default" instance using docker driver

#1 [internal] load build definition from Dockerfile
#1 [internal] load build definition from Dockerfile
#1 DONE 0.0s
#1 DONE 0.0s
#0 building with "default" instance using docker driver

#1 [internal] load build definition from Dockerfile
#1 DONE 0.0s

#6 [ 2/16] RUN apt-get update && apt-get install -y --no-install-recommends netcat-openbsd
#6 CACHED

#7 [ 4/16] RUN touch /usr/share/doc/bird2/examples/bird.conf
#7 CACHED

#8 [ 8/16] COPY d18858afc6bb66ec3a19d872077acfd2 /seedemu_sniffer
#8 CACHED

#9 [ 5/16] COPY 92872f20cfb75af4e3e1c588b00d6484 /replace_address.sh
#9 CACHED

#10 [10/16] RUN chmod +x /start.sh
#10 CACHED

#11 [12/16] RUN chmod +x /seedemu_worker
#11 CACHED

#12 [14/16] COPY e01e36443f9f72c6204189260d0bd276 /ifinfo.txt
#12 CACHED

#13 [ 3/16] RUN mkdir -p /usr/share/doc/bird2/examples/
#13 CACHED

#0 building with "default" instance using docker driver

#14 [11/16] RUN chmod +x /seedemu_sniffer
#14 CACHED

#1 [internal] load build definition from Dockerfile
#15 [ 6/16] COPY 365d27384adc9719099d1f63f2d15824 /root/.zshrc.pre
#15 CACHED

#16 [ 7/16] COPY 082b96ec819c95ae773daebde675ef80 /start.sh
#1 DONE 0.0s
#16 CACHED

#17 [ 9/16] COPY 17ac2d812a99a91e7f747e1defb72a29 /seedemu_worker
#17 CACHED

#18 [13/16] COPY 2b0ae038330eccd43095538618caee7d /etc/bird/bird.conf
#18 CACHED

#19 [15/16] COPY d3d51fdf7f4bad30dc5db560a01ce629 /interface_setup
#21 exporting layers 0.1s done
#21 exporting layers 0.1s done
#19 CACHED

#20 [16/16] COPY 8e9a384ab59c7626a3ffab63886cc30f /etc/bird/conf/kernel.conf

#1 [internal] load build definition from Dockerfile
#1 transferring dockerfile: 884B done
#1 DONE 0.0s

#2 [internal] load metadata for docker.io/library/39e016aa9e819f203ebc1809245a5818:latest

#1 [internal] load build definition from Dockerfile
#1 transferring dockerfile: 884B done
#1 DONE 0.0s

#2 [internal] load metadata for docker.io/library/39e016aa9e819f203ebc1809245a5818:latest
#0 building with "default" instance using docker driver

#1 [internal] load build definition from Dockerfile
#1 transferring dockerfile: 884B done
#1 DONE 0.0s

#2 [internal] load metadata for docker.io/library/39e016aa9e819f203ebc1809245a5818:latest

#1 [internal] load build definition from Dockerfile
#1 transferring dockerfile: 884B done
#1 DONE 0.0s

#2 [internal] load metadata for docker.io/library/39e016aa9e819f203ebc1809245a5818:latest
#21 exporting manifest sha256:953dbd4c1c466f8f6e8b61b5501c6732cfaad81e4c08bf7b532a6d77e39c8ef7 0.1s done
#21 exporting config sha256:6d637df513a553589d9c30f88bd5be970ef1765e8ef059c5f6977b8e2b5aa819 0.1s done

#1 [internal] load build definition from Dockerfile
#1 transferring dockerfile: 884B done
#1 DONE 0.1s

#2 [internal] load metadata for docker.io/library/39e016aa9e819f203ebc1809245a5818:latest
#2 DONE 0.2s
#2 DONE 0.2s
#2 DONE 0.2s
#2 DONE 0.2s
#2 DONE 0.2s
#21 exporting manifest sha256:b8174939860320fb7f064400bed7df2dade6721125a4bd82d7c086a4c41c5f5f 0.1s done
#21 exporting config sha256:2c8f53edf07daf98781417a0d79494bb77d81be007d7f1a7a2633a8328280073 0.1s done
#21 exporting attestation manifest sha256:01f585bfe6a5b7b52c25cc6ab7047491e9d7c4574244354dc601977ba3553bb7

#3 [internal] load .dockerignore
#3 transferring context: 2B done
#3 DONE 0.1s

#3 [internal] load .dockerignore
#3 transferring context: 2B done
#3 DONE 0.1s

#3 [internal] load .dockerignore
#3 transferring context: 2B done
#3 DONE 0.2s

#3 [internal] load .dockerignore
#3 transferring context: 2B done
#3 DONE 0.2s

#3 [internal] load .dockerignore
#3 transferring context: 2B done
#3 DONE 0.2s

#4 [ 1/16] FROM docker.io/library/39e016aa9e819f203ebc1809245a5818:latest@sha256:43a6b8a656b4d087c7baad939091f8a4e19bfade899129aaa2d7fd409433266e
#4 resolve docker.io/library/39e016aa9e819f203ebc1809245a5818:latest@sha256:43a6b8a656b4d087c7baad939091f8a4e19bfade899129aaa2d7fd409433266e 0.0s done
#4 DONE 0.0s

#5 [internal] load build context
#21 exporting attestation manifest sha256:01f585bfe6a5b7b52c25cc6ab7047491e9d7c4574244354dc601977ba3553bb7 0.1s done
#21 exporting manifest list sha256:d90ea6a4fdb3789db451a7631ba25bf68f9b45aeee4245a64ecbe2b6232543be
#21 exporting attestation manifest sha256:649a755c45da4ffa078e888e8096c0263b04e04f9cc200a27b0d92a109548a26 0.1s done
#21 exporting manifest list sha256:e8884fc19071a6f8912495074782896c158291bc51b8a524b8b9e6a342b58c05

#4 [ 1/16] FROM docker.io/library/39e016aa9e819f203ebc1809245a5818:latest@sha256:43a6b8a656b4d087c7baad939091f8a4e19bfade899129aaa2d7fd409433266e
#4 resolve docker.io/library/39e016aa9e819f203ebc1809245a5818:latest@sha256:43a6b8a656b4d087c7baad939091f8a4e19bfade899129aaa2d7fd409433266e 0.0s done
#4 DONE 0.0s

#5 [internal] load build context
#5 transferring context: 6.78kB done
#5 DONE 0.0s

#4 [ 1/16] FROM docker.io/library/39e016aa9e819f203ebc1809245a5818:latest@sha256:43a6b8a656b4d087c7baad939091f8a4e19bfade899129aaa2d7fd409433266e
#4 resolve docker.io/library/39e016aa9e819f203ebc1809245a5818:latest@sha256:43a6b8a656b4d087c7baad939091f8a4e19bfade899129aaa2d7fd409433266e 0.0s done
#4 DONE 0.0s

#5 [internal] load build context
#5 transferring context: 6.78kB done
#5 DONE 0.0s

#4 [ 1/16] FROM docker.io/library/39e016aa9e819f203ebc1809245a5818:latest@sha256:43a6b8a656b4d087c7baad939091f8a4e19bfade899129aaa2d7fd409433266e
#4 resolve docker.io/library/39e016aa9e819f203ebc1809245a5818:latest@sha256:43a6b8a656b4d087c7baad939091f8a4e19bfade899129aaa2d7fd409433266e 0.0s done
#4 DONE 0.0s

#5 [internal] load build context
#5 transferring context: 6.78kB done
#5 DONE 0.0s
#5 transferring context: 6.78kB done
#5 DONE 0.0s

#4 [ 1/16] FROM docker.io/library/39e016aa9e819f203ebc1809245a5818:latest@sha256:43a6b8a656b4d087c7baad939091f8a4e19bfade899129aaa2d7fd409433266e
#4 resolve docker.io/library/39e016aa9e819f203ebc1809245a5818:latest@sha256:43a6b8a656b4d087c7baad939091f8a4e19bfade899129aaa2d7fd409433266e 0.0s done
#4 DONE 0.0s

#5 [internal] load build context
#5 transferring context: 6.78kB done
#5 DONE 0.0s
#21 exporting manifest list sha256:d90ea6a4fdb3789db451a7631ba25bf68f9b45aeee4245a64ecbe2b6232543be 0.1s done
#21 naming to 192.168.122.110:5000/brdnode_1277_r171:latest 0.0s done
#21 unpacking to 192.168.122.110:5000/brdnode_1277_r171:latest
#21 exporting manifest list sha256:e8884fc19071a6f8912495074782896c158291bc51b8a524b8b9e6a342b58c05 0.1s done
#21 naming to 192.168.122.110:5000/brdnode_1277_r167:latest 0.0s done
#21 unpacking to 192.168.122.110:5000/brdnode_1277_r167:latest
#21 unpacking to 192.168.122.110:5000/brdnode_1277_r171:latest 0.2s done
#21 unpacking to 192.168.122.110:5000/brdnode_1277_r167:latest 0.2s done
#20 DONE 0.7s
#21 DONE 1.0s
#21 DONE 1.0s
+ seedemu_build_and_push 192.168.122.110:5000/brdnode_1277_r259:latest ./brdnode_1277_r259
+ seedemu_build_and_push 192.168.122.110:5000/brdnode_1277_r296:latest ./brdnode_1277_r296

#21 exporting to image
#21 exporting layers
#21 exporting layers 0.1s done
#21 exporting manifest sha256:db68de8f154770d6916df2ce62f53efc3482c2a9926eaacf9f9b81a8d88f1112 0.0s done
#21 exporting config sha256:dceb9a050ee8860c341dc07c98235633a8c9fdc771bcdd910d1bbe264519c068
#21 exporting config sha256:dceb9a050ee8860c341dc07c98235633a8c9fdc771bcdd910d1bbe264519c068 0.0s done
#21 exporting attestation manifest sha256:287f1aef608a4e97394603b3b07521a4c5cf2bbf95fc50b00ba65818d32e6e6f 0.0s done
#21 exporting manifest list sha256:598f8905b402705014aa524d54cd5510f856bfc43a9a4f5c250a07c365205cb3 0.0s done
#21 naming to 192.168.122.110:5000/brdnode_1277_r158:latest done
#21 unpacking to 192.168.122.110:5000/brdnode_1277_r158:latest 0.1s done
#21 DONE 0.4s
+ seedemu_build_and_push 192.168.122.110:5000/brdnode_1277_r300:latest ./brdnode_1277_r300

#6 [ 9/16] COPY 17ac2d812a99a91e7f747e1defb72a29 /seedemu_worker
#6 CACHED

#7 [ 2/16] RUN apt-get update && apt-get install -y --no-install-recommends netcat-openbsd
#7 CACHED

#8 [ 3/16] RUN mkdir -p /usr/share/doc/bird2/examples/
#8 CACHED

#9 [ 6/16] COPY 365d27384adc9719099d1f63f2d15824 /root/.zshrc.pre
#9 CACHED

#10 [13/16] COPY 2b0ae038330eccd43095538618caee7d /etc/bird/bird.conf
#10 CACHED

#11 [ 7/16] COPY 082b96ec819c95ae773daebde675ef80 /start.sh
#11 CACHED

#12 [10/16] RUN chmod +x /start.sh
#12 CACHED

#13 [11/16] RUN chmod +x /seedemu_sniffer
#13 CACHED

#14 [12/16] RUN chmod +x /seedemu_worker
#14 CACHED

#15 [ 4/16] RUN touch /usr/share/doc/bird2/examples/bird.conf
#15 CACHED

#16 [ 5/16] COPY 92872f20cfb75af4e3e1c588b00d6484 /replace_address.sh
#16 CACHED

#17 [14/16] COPY e01e36443f9f72c6204189260d0bd276 /ifinfo.txt
#17 CACHED

#18 [ 8/16] COPY d18858afc6bb66ec3a19d872077acfd2 /seedemu_sniffer
#18 CACHED

#19 [15/16] COPY d3d51fdf7f4bad30dc5db560a01ce629 /interface_setup


#6 [12/16] RUN chmod +x /seedemu_worker
#6 [ 3/16] RUN mkdir -p /usr/share/doc/bird2/examples/
#6 CACHED
#6 CACHED


#7 [13/16] COPY 2b0ae038330eccd43095538618caee7d /etc/bird/bird.conf
#7 [ 6/16] COPY 365d27384adc9719099d1f63f2d15824 /root/.zshrc.pre
#7 CACHED
#7 CACHED


#8 [14/16] COPY e01e36443f9f72c6204189260d0bd276 /ifinfo.txt
#8 [13/16] COPY 2b0ae038330eccd43095538618caee7d /etc/bird/bird.conf
#8 CACHED
#8 CACHED


#9 [ 2/16] RUN apt-get update && apt-get install -y --no-install-recommends netcat-openbsd
#9 [ 9/16] COPY 17ac2d812a99a91e7f747e1defb72a29 /seedemu_worker
#9 CACHED
#9 CACHED


#10 [ 3/16] RUN mkdir -p /usr/share/doc/bird2/examples/
#10 [10/16] RUN chmod +x /start.sh
#10 CACHED
#10 CACHED


#11 [ 4/16] RUN touch /usr/share/doc/bird2/examples/bird.conf
#11 [11/16] RUN chmod +x /seedemu_sniffer
#11 CACHED
#11 CACHED


#12 [ 5/16] COPY 92872f20cfb75af4e3e1c588b00d6484 /replace_address.sh
#12 [ 8/16] COPY d18858afc6bb66ec3a19d872077acfd2 /seedemu_sniffer
#12 CACHED

#12 CACHED
#13 [10/16] RUN chmod +x /start.sh

#13 CACHED
#13 [14/16] COPY e01e36443f9f72c6204189260d0bd276 /ifinfo.txt

#13 CACHED
#14 [11/16] RUN chmod +x /seedemu_sniffer

#14 CACHED
#14 [ 2/16] RUN apt-get update && apt-get install -y --no-install-recommends netcat-openbsd

#14 CACHED
#15 [ 6/16] COPY 365d27384adc9719099d1f63f2d15824 /root/.zshrc.pre

#15 CACHED
#15 [ 4/16] RUN touch /usr/share/doc/bird2/examples/bird.conf

#15 CACHED
#16 [ 8/16] COPY d18858afc6bb66ec3a19d872077acfd2 /seedemu_sniffer

#16 CACHED
#16 [ 5/16] COPY 92872f20cfb75af4e3e1c588b00d6484 /replace_address.sh

#16 CACHED
#17 [ 7/16] COPY 082b96ec819c95ae773daebde675ef80 /start.sh

#17 CACHED
#17 [ 7/16] COPY 082b96ec819c95ae773daebde675ef80 /start.sh

#17 CACHED
#18 [ 9/16] COPY 17ac2d812a99a91e7f747e1defb72a29 /seedemu_worker

#18 CACHED
#18 [12/16] RUN chmod +x /seedemu_worker
#18 CACHED

#19 [15/16] COPY d3d51fdf7f4bad30dc5db560a01ce629 /interface_setup

#19 [15/16] COPY d3d51fdf7f4bad30dc5db560a01ce629 /interface_setup

#6 [ 6/16] COPY 365d27384adc9719099d1f63f2d15824 /root/.zshrc.pre
#6 CACHED

#7 [ 5/16] COPY 92872f20cfb75af4e3e1c588b00d6484 /replace_address.sh
#7 CACHED

#8 [ 9/16] COPY 17ac2d812a99a91e7f747e1defb72a29 /seedemu_worker
#8 CACHED

#9 [10/16] RUN chmod +x /start.sh
#9 CACHED

#10 [11/16] RUN chmod +x /seedemu_sniffer
#10 CACHED

#11 [14/16] COPY e01e36443f9f72c6204189260d0bd276 /ifinfo.txt
#11 CACHED

#12 [ 3/16] RUN mkdir -p /usr/share/doc/bird2/examples/
#12 CACHED

#13 [ 7/16] COPY 082b96ec819c95ae773daebde675ef80 /start.sh
#13 CACHED

#14 [ 8/16] COPY d18858afc6bb66ec3a19d872077acfd2 /seedemu_sniffer
#14 CACHED

#15 [12/16] RUN chmod +x /seedemu_worker
#15 CACHED

#16 [13/16] COPY 2b0ae038330eccd43095538618caee7d /etc/bird/bird.conf
#16 CACHED

#17 [ 2/16] RUN apt-get update && apt-get install -y --no-install-recommends netcat-openbsd
#17 CACHED

#18 [ 4/16] RUN touch /usr/share/doc/bird2/examples/bird.conf
#18 CACHED

#19 [15/16] COPY d3d51fdf7f4bad30dc5db560a01ce629 /interface_setup
#19 CACHED
#19 CACHED
#19 CACHED
#19 CACHED

#20 [16/16] COPY 8e9a384ab59c7626a3ffab63886cc30f /etc/bird/conf/kernel.conf

#20 [16/16] COPY 8e9a384ab59c7626a3ffab63886cc30f /etc/bird/conf/kernel.conf

#20 [16/16] COPY 8e9a384ab59c7626a3ffab63886cc30f /etc/bird/conf/kernel.conf

#20 [16/16] COPY 8e9a384ab59c7626a3ffab63886cc30f /etc/bird/conf/kernel.conf
#0 building with "default" instance using docker driver

#1 [internal] load build definition from Dockerfile
#1 DONE 0.0s

#6 [10/16] RUN chmod +x /start.sh
#6 CACHED

#7 [11/16] RUN chmod +x /seedemu_sniffer
#7 CACHED

#8 [ 5/16] COPY 92872f20cfb75af4e3e1c588b00d6484 /replace_address.sh
#8 CACHED

#9 [ 2/16] RUN apt-get update && apt-get install -y --no-install-recommends netcat-openbsd
#9 CACHED

#10 [ 7/16] COPY 082b96ec819c95ae773daebde675ef80 /start.sh
#10 CACHED
#0 building with "default" instance using docker driver


#11 [14/16] COPY e01e36443f9f72c6204189260d0bd276 /ifinfo.txt
#11 CACHED

#1 [internal] load build definition from Dockerfile
#12 [ 3/16] RUN mkdir -p /usr/share/doc/bird2/examples/
#12 CACHED

#1 DONE 0.0s
#13 [ 6/16] COPY 365d27384adc9719099d1f63f2d15824 /root/.zshrc.pre
#13 CACHED

#14 [12/16] RUN chmod +x /seedemu_worker
#14 CACHED

#15 [13/16] COPY 2b0ae038330eccd43095538618caee7d /etc/bird/bird.conf
#15 CACHED

#16 [ 4/16] RUN touch /usr/share/doc/bird2/examples/bird.conf
#16 CACHED

#17 [ 8/16] COPY d18858afc6bb66ec3a19d872077acfd2 /seedemu_sniffer
#17 CACHED

#18 [ 9/16] COPY 17ac2d812a99a91e7f747e1defb72a29 /seedemu_worker
#18 CACHED

#19 [15/16] COPY d3d51fdf7f4bad30dc5db560a01ce629 /interface_setup
#0 building with "default" instance using docker driver

#1 [internal] load build definition from Dockerfile
#1 DONE 0.0s

#1 [internal] load build definition from Dockerfile
#1 transferring dockerfile: 884B done
#1 DONE 0.1s

#2 [internal] load metadata for docker.io/library/39e016aa9e819f203ebc1809245a5818:latest

#1 [internal] load build definition from Dockerfile
#1 transferring dockerfile: 884B done
#1 DONE 0.1s

#2 [internal] load metadata for docker.io/library/39e016aa9e819f203ebc1809245a5818:latest

#1 [internal] load build definition from Dockerfile
#1 transferring dockerfile: 884B done
#1 DONE 0.1s

#2 [internal] load metadata for docker.io/library/39e016aa9e819f203ebc1809245a5818:latest
#2 DONE 0.0s
#19 CACHED

#20 [16/16] COPY 8e9a384ab59c7626a3ffab63886cc30f /etc/bird/conf/kernel.conf
#2 DONE 0.0s

#3 [ 1/16] FROM docker.io/library/39e016aa9e819f203ebc1809245a5818:latest@sha256:43a6b8a656b4d087c7baad939091f8a4e19bfade899129aaa2d7fd409433266e
#3 resolve docker.io/library/39e016aa9e819f203ebc1809245a5818:latest@sha256:43a6b8a656b4d087c7baad939091f8a4e19bfade899129aaa2d7fd409433266e 0.0s done
#3 DONE 0.0s

#4 [internal] load .dockerignore
#4 transferring context: 2B done
#4 DONE 0.0s

#5 [internal] load build context
#2 DONE 0.0s

#3 [ 1/16] FROM docker.io/library/39e016aa9e819f203ebc1809245a5818:latest@sha256:43a6b8a656b4d087c7baad939091f8a4e19bfade899129aaa2d7fd409433266e
#3 resolve docker.io/library/39e016aa9e819f203ebc1809245a5818:latest@sha256:43a6b8a656b4d087c7baad939091f8a4e19bfade899129aaa2d7fd409433266e 0.0s done
#3 DONE 0.0s

#4 [internal] load .dockerignore
#4 transferring context: 2B done
#4 DONE 0.0s

#5 [internal] load build context
#5 transferring context: 6.77kB done
#5 DONE 0.0s

#3 [ 1/16] FROM docker.io/library/39e016aa9e819f203ebc1809245a5818:latest@sha256:43a6b8a656b4d087c7baad939091f8a4e19bfade899129aaa2d7fd409433266e
#3 resolve docker.io/library/39e016aa9e819f203ebc1809245a5818:latest@sha256:43a6b8a656b4d087c7baad939091f8a4e19bfade899129aaa2d7fd409433266e 0.0s done
#3 DONE 0.0s

#4 [internal] load .dockerignore
#4 transferring context: 2B done
#4 DONE 0.0s

#5 [internal] load build context
#5 transferring context: 6.77kB done
#5 DONE 0.0s
#5 transferring context: 6.77kB done
#5 DONE 0.0s
#20 DONE 1.5s
#20 DONE 1.5s
#20 DONE 1.5s
#20 DONE 1.5s
#20 DONE 1.5s

#21 exporting to image

#21 exporting to image

#21 exporting to image
#21 exporting layers

#21 exporting to image
#21 exporting layers

#21 exporting to image
#21 exporting layers
#21 exporting layers
#21 exporting layers
#21 exporting layers 0.2s done
#21 exporting layers 0.2s done
#21 exporting layers 0.2s done
#21 exporting layers 0.2s done
#21 exporting layers 0.2s done
#21 exporting manifest sha256:2b7eb0f5a48c9d74f784fec1f534ba2b41c3483176cb17881f7a6d0a94ac2ee0 0.0s done
#21 exporting config sha256:a9e032d229b27d312e6a01faa3bb035df7b0c5d254ad734ad1de86bbad4a8ba9 0.0s done
#21 exporting attestation manifest sha256:e9c1b24afb9152440f745f4efb8361abe2d61edd48db80cfb4a1fefe3952b487
#21 exporting manifest sha256:85cb8187f15d6e2ac1e8c3aa83789341ee8086d199b8267d613e891b8f764366 0.0s done
#21 exporting config sha256:701340f4925c3792e2fe558df4b3fd2bd7f36bd46ad2f5e890220d9cd2f66181 0.0s done
#21 exporting attestation manifest sha256:b1f511a3cf80d8131952f122a17d981a8852b6c7628164e891a2c0324ab6f776
#21 exporting manifest sha256:9ef13b37e103e52f472eba6e40569925dcca5c9a689f7e6bbdfb8634ed1cd542 0.0s done
#21 exporting config sha256:4061dcccf664f8e9207bbd3491d655ac0d42c8550b2254801adad0a5b25b52b9 0.0s done
#21 exporting attestation manifest sha256:adc90a8e7e351f218f9c3f85d529e0102468578eee38ba573d0c0ad6c13bfb29
#21 exporting manifest sha256:4820d401b1d7213f22e82cfa3a977e6fe23a95867a8329e949b4fff4a403c9d2 0.0s done
#21 exporting config sha256:66a6122ece39fa8b5ed0ab6922679c6295319434411303d971ba57c18bb04905 0.0s done
#21 exporting attestation manifest sha256:2e202621bb584f5d0d973e2a181b894775a51507a23529ae2688169cf483e725
#21 exporting manifest sha256:c8579f137af70316d9beffc367b967c84f4b8ec76ed4dd8d01a74d29f0bd8b1e 0.0s done
#21 exporting config sha256:3df1be82230ea4be765002ada40afd4d49a81a44c10785a01147d3aa379f0feb 0.0s done
#21 exporting attestation manifest sha256:840b94a5af28dc487cfdfbf4a8a452365b7c0414d071ed4cde480b92f3dc55db
#21 exporting attestation manifest sha256:b1f511a3cf80d8131952f122a17d981a8852b6c7628164e891a2c0324ab6f776 0.1s done
#21 exporting manifest list sha256:5fd775772054f79cd8715edaf3fb890953306dd1b686767fa5d300dc180f1198
#21 exporting attestation manifest sha256:2e202621bb584f5d0d973e2a181b894775a51507a23529ae2688169cf483e725 0.1s done
#21 exporting manifest list sha256:e6b3d16256496d7a269763d3a162b53a8c265cace8fd80f7986dc0421951757a
#21 exporting attestation manifest sha256:840b94a5af28dc487cfdfbf4a8a452365b7c0414d071ed4cde480b92f3dc55db 0.1s done
#21 exporting attestation manifest sha256:e9c1b24afb9152440f745f4efb8361abe2d61edd48db80cfb4a1fefe3952b487 0.1s done
#21 exporting manifest list sha256:a04bf63980d14720a56a5ca0181c0baa4518f6a05ad6210929f8d5c1f7e525e2 0.0s done
#21 naming to 192.168.122.110:5000/brdnode_1277_r219:latest
#21 exporting attestation manifest sha256:adc90a8e7e351f218f9c3f85d529e0102468578eee38ba573d0c0ad6c13bfb29 0.1s done
#21 exporting manifest list sha256:8c523eb694ace0622193ea9ac365cb31258ff063d3687c592cac6ad42a4a1981 0.1s done
#21 naming to 192.168.122.110:5000/brdnode_1277_r237:latest
#21 exporting manifest list sha256:5fd775772054f79cd8715edaf3fb890953306dd1b686767fa5d300dc180f1198 0.0s done
#21 naming to 192.168.122.110:5000/brdnode_1277_r221:latest 0.0s done
#21 unpacking to 192.168.122.110:5000/brdnode_1277_r221:latest 0.1s done
#21 naming to 192.168.122.110:5000/brdnode_1277_r237:latest 0.0s done
#21 unpacking to 192.168.122.110:5000/brdnode_1277_r237:latest 0.1s done
#21 exporting manifest list sha256:c6064ec96bc35732566d0d0ec54ee9983f35979d8c32c191e92d82a6ad259e16 0.0s done
#21 naming to 192.168.122.110:5000/brdnode_1277_r190:latest done
#21 unpacking to 192.168.122.110:5000/brdnode_1277_r190:latest 0.1s done
#21 exporting manifest list sha256:e6b3d16256496d7a269763d3a162b53a8c265cace8fd80f7986dc0421951757a 0.0s done
#21 naming to 192.168.122.110:5000/brdnode_1277_r227:latest done
#21 unpacking to 192.168.122.110:5000/brdnode_1277_r227:latest 0.1s done
#21 naming to 192.168.122.110:5000/brdnode_1277_r219:latest 0.0s done
#21 unpacking to 192.168.122.110:5000/brdnode_1277_r219:latest 0.1s done
#21 DONE 0.7s
#21 DONE 0.8s
#21 DONE 0.8s
#21 DONE 0.8s
#21 DONE 0.8s
+ seedemu_build_and_push 192.168.122.110:5000/brdnode_1277_r314:latest ./brdnode_1277_r314
+ seedemu_build_and_push 192.168.122.110:5000/brdnode_1277_r344:latest ./brdnode_1277_r344
+ seedemu_build_and_push 192.168.122.110:5000/brdnode_1277_r345:latest ./brdnode_1277_r345
+ seedemu_build_and_push 192.168.122.110:5000/brdnode_1277_r346:latest ./brdnode_1277_r346
+ seedemu_build_and_push 192.168.122.110:5000/brdnode_1277_r347:latest ./brdnode_1277_r347

#6 [ 2/16] RUN apt-get update && apt-get install -y --no-install-recommends netcat-openbsd
#6 CACHED

#7 [ 5/16] COPY 92872f20cfb75af4e3e1c588b00d6484 /replace_address.sh
#7 CACHED

#8 [ 8/16] COPY d18858afc6bb66ec3a19d872077acfd2 /seedemu_sniffer
#8 CACHED

#9 [10/16] RUN chmod +x /start.sh
#9 CACHED

#10 [11/16] RUN chmod +x /seedemu_sniffer
#10 CACHED

#11 [ 6/16] COPY 365d27384adc9719099d1f63f2d15824 /root/.zshrc.pre
#11 CACHED

#12 [ 7/16] COPY 082b96ec819c95ae773daebde675ef80 /start.sh
#12 CACHED

#13 [ 3/16] RUN mkdir -p /usr/share/doc/bird2/examples/
#13 CACHED

#14 [12/16] RUN chmod +x /seedemu_worker
#14 CACHED

#15 [13/16] COPY 2b0ae038330eccd43095538618caee7d /etc/bird/bird.conf
#15 CACHED

#16 [ 4/16] RUN touch /usr/share/doc/bird2/examples/bird.conf
#16 CACHED

#17 [ 9/16] COPY 17ac2d812a99a91e7f747e1defb72a29 /seedemu_worker
#17 CACHED

#18 [14/16] COPY e01e36443f9f72c6204189260d0bd276 /ifinfo.txt
#18 CACHED

#19 [15/16] COPY d3d51fdf7f4bad30dc5db560a01ce629 /interface_setup
#0 building with "default" instance using docker driver

#1 [internal] load build definition from Dockerfile
#1 DONE 0.0s
#0 building with "default" instance using docker driver

#1 [internal] load build definition from Dockerfile
#1 DONE 0.0s
#0 building with "default" instance using docker driver

#1 [internal] load build definition from Dockerfile
#1 DONE 0.0s
#0 building with "default" instance using docker driver

#1 [internal] load build definition from Dockerfile
#0 building with "default" instance using docker driver

#1 [internal] load build definition from Dockerfile

#6 [11/16] RUN chmod +x /seedemu_sniffer
#6 CACHED

#7 [ 9/16] COPY 17ac2d812a99a91e7f747e1defb72a29 /seedemu_worker
#7 CACHED

#8 [10/16] RUN chmod +x /start.sh
#8 CACHED

#9 [12/16] RUN chmod +x /seedemu_worker
#9 CACHED

#10 [14/16] COPY e01e36443f9f72c6204189260d0bd276 /ifinfo.txt
#10 CACHED

#11 [ 2/16] RUN apt-get update && apt-get install -y --no-install-recommends netcat-openbsd
#11 CACHED

#12 [ 5/16] COPY 92872f20cfb75af4e3e1c588b00d6484 /replace_address.sh
#12 CACHED

#13 [ 6/16] COPY 365d27384adc9719099d1f63f2d15824 /root/.zshrc.pre
#13 CACHED

#14 [ 7/16] COPY 082b96ec819c95ae773daebde675ef80 /start.sh
#14 CACHED

#15 [ 8/16] COPY d18858afc6bb66ec3a19d872077acfd2 /seedemu_sniffer
#15 CACHED

#16 [13/16] COPY 2b0ae038330eccd43095538618caee7d /etc/bird/bird.conf
#16 CACHED

#17 [ 4/16] RUN touch /usr/share/doc/bird2/examples/bird.conf
#17 CACHED


#18 [ 3/16] RUN mkdir -p /usr/share/doc/bird2/examples/
#18 CACHED
#6 [ 8/16] COPY d18858afc6bb66ec3a19d872077acfd2 /seedemu_sniffer

#6 CACHED
#19 [15/16] COPY d3d51fdf7f4bad30dc5db560a01ce629 /interface_setup

#7 [10/16] RUN chmod +x /start.sh
#7 CACHED

#8 [12/16] RUN chmod +x /seedemu_worker
#8 CACHED

#9 [13/16] COPY 2b0ae038330eccd43095538618caee7d /etc/bird/bird.conf
#9 CACHED

#10 [ 3/16] RUN mkdir -p /usr/share/doc/bird2/examples/
#10 CACHED

#11 [ 4/16] RUN touch /usr/share/doc/bird2/examples/bird.conf
#11 CACHED

#12 [ 5/16] COPY 92872f20cfb75af4e3e1c588b00d6484 /replace_address.sh
#12 CACHED

#13 [ 6/16] COPY 365d27384adc9719099d1f63f2d15824 /root/.zshrc.pre
#13 CACHED

#14 [ 7/16] COPY 082b96ec819c95ae773daebde675ef80 /start.sh
#14 CACHED

#15 [ 2/16] RUN apt-get update && apt-get install -y --no-install-recommends netcat-openbsd
#15 CACHED

#16 [11/16] RUN chmod +x /seedemu_sniffer
#16 CACHED

#17 [14/16] COPY e01e36443f9f72c6204189260d0bd276 /ifinfo.txt
#17 CACHED

#18 [ 9/16] COPY 17ac2d812a99a91e7f747e1defb72a29 /seedemu_worker
#18 CACHED

#19 [15/16] COPY d3d51fdf7f4bad30dc5db560a01ce629 /interface_setup
#1 transferring dockerfile: 884B done
#1 DONE 0.1s

#1 [internal] load build definition from Dockerfile
#1 transferring dockerfile: 884B done
#1 DONE 0.1s
#19 CACHED

#20 [16/16] COPY 8e9a384ab59c7626a3ffab63886cc30f /etc/bird/conf/kernel.conf
#1 transferring dockerfile: 884B done
#1 DONE 0.2s

#1 [internal] load build definition from Dockerfile
#1 transferring dockerfile: 884B done
#1 DONE 0.2s
#19 CACHED

#20 [16/16] COPY 8e9a384ab59c7626a3ffab63886cc30f /etc/bird/conf/kernel.conf

#1 [internal] load build definition from Dockerfile
#1 transferring dockerfile: 884B done
#1 DONE 0.2s
#19 CACHED

#20 [16/16] COPY 8e9a384ab59c7626a3ffab63886cc30f /etc/bird/conf/kernel.conf
#20 DONE 0.2s
#20 DONE 0.2s
#20 DONE 0.2s

#2 [internal] load metadata for docker.io/library/39e016aa9e819f203ebc1809245a5818:latest
#2 DONE 0.0s

#3 [internal] load .dockerignore
#3 transferring context:

#2 [internal] load metadata for docker.io/library/39e016aa9e819f203ebc1809245a5818:latest
#2 DONE 0.0s

#3 [internal] load .dockerignore
#3 transferring context: 2B done
#3 DONE 0.1s

#2 [ 1/16] FROM docker.io/library/39e016aa9e819f203ebc1809245a5818:latest@sha256:43a6b8a656b4d087c7baad939091f8a4e19bfade899129aaa2d7fd409433266e
#2 resolve docker.io/library/39e016aa9e819f203ebc1809245a5818:latest@sha256:43a6b8a656b4d087c7baad939091f8a4e19bfade899129aaa2d7fd409433266e 0.0s done
#2 DONE 0.0s

#3 [internal] load metadata for docker.io/library/39e016aa9e819f203ebc1809245a5818:latest
#3 DONE 0.0s

#4 [internal] load .dockerignore
#4 transferring context: 2B done
#4 DONE 0.0s

#5 [internal] load build context

#2 [ 1/16] FROM docker.io/library/39e016aa9e819f203ebc1809245a5818:latest@sha256:43a6b8a656b4d087c7baad939091f8a4e19bfade899129aaa2d7fd409433266e
#2 resolve docker.io/library/39e016aa9e819f203ebc1809245a5818:latest@sha256:43a6b8a656b4d087c7baad939091f8a4e19bfade899129aaa2d7fd409433266e 0.0s done
#2 DONE 0.0s

#3 [internal] load metadata for docker.io/library/39e016aa9e819f203ebc1809245a5818:latest
#3 DONE 0.0s

#4 [internal] load .dockerignore
#4 transferring context: 2B done
#4 DONE 0.0s

#5 [internal] load build context

#2 [ 1/16] FROM docker.io/library/39e016aa9e819f203ebc1809245a5818:latest@sha256:43a6b8a656b4d087c7baad939091f8a4e19bfade899129aaa2d7fd409433266e
#2 resolve docker.io/library/39e016aa9e819f203ebc1809245a5818:latest@sha256:43a6b8a656b4d087c7baad939091f8a4e19bfade899129aaa2d7fd409433266e 0.0s done
#2 DONE 0.0s

#3 [internal] load metadata for docker.io/library/39e016aa9e819f203ebc1809245a5818:latest
#3 DONE 0.0s

#4 [internal] load .dockerignore
#4 transferring context: 2B done
#4 DONE 0.0s

#5 [internal] load build context

#21 exporting to image
#21 exporting layers
#3 transferring context: 2B done
#3 DONE 0.1s

#4 [ 1/16] FROM docker.io/library/39e016aa9e819f203ebc1809245a5818:latest@sha256:43a6b8a656b4d087c7baad939091f8a4e19bfade899129aaa2d7fd409433266e
#4 resolve docker.io/library/39e016aa9e819f203ebc1809245a5818:latest@sha256:43a6b8a656b4d087c7baad939091f8a4e19bfade899129aaa2d7fd409433266e 0.0s done
#4 DONE 0.0s

#5 [internal] load build context
#5 transferring context: 6.77kB 0.0s done
#5 DONE 0.0s

#21 exporting to image
#21 exporting layers

#21 exporting to image
#21 exporting layers
#21 exporting layers 0.2s done
#21 exporting layers 0.2s done
#21 exporting layers 0.2s done
#5 transferring context: 6.77kB done
#5 DONE 0.1s
#21 exporting manifest sha256:efd2b6a6da0cf71baf2c79a750baaa1c0b7f0cbf93397255a7b4ee1ef59acc47 0.0s done
#21 exporting config sha256:82a24e6322dfdd369f2c5f050a683e057d29ba36c5542b3eb3c5a5e1ee57fc51 0.0s done
#21 exporting attestation manifest sha256:9f62c83a0c83ca6e7b48355a5c464888793aaef33f68477c784829b566a34fb6 0.1s done
#21 exporting manifest list sha256:9b9f29adff490a2620143ee5989886fb35bb83fdc39d8c00bb30e0a4b78b6e9f
#5 transferring context: 6.77kB done
#5 DONE 0.1s
#5 transferring context: 6.77kB done
#5 DONE 0.1s

#4 [ 1/16] FROM docker.io/library/39e016aa9e819f203ebc1809245a5818:latest@sha256:43a6b8a656b4d087c7baad939091f8a4e19bfade899129aaa2d7fd409433266e
#4 resolve docker.io/library/39e016aa9e819f203ebc1809245a5818:latest@sha256:43a6b8a656b4d087c7baad939091f8a4e19bfade899129aaa2d7fd409433266e 0.0s done
#4 DONE 0.0s

#5 [internal] load build context
#5 transferring context: 6.77kB done
#5 DONE 0.1s
#21 exporting manifest sha256:c6f665c9e23e79e13d78d57937a6afa94763c93557187984a703dedec0b509ba 0.0s done
#21 exporting config sha256:530b404fcce49f9d049f622b5ae80e5a16587164f3638fc84c2414e2c52c0746 0.0s done
#21 exporting attestation manifest sha256:28afef82100dbba767678e5136031b43b602a7de8e4c0541bfd07a921b832dca 0.1s done
#21 exporting manifest list sha256:1edf4d59e782b8112139a5110f2b7aa86f7b0ab19bfc559bbc5672cb31a8f131
#21 exporting manifest sha256:49746f93812da0047053fd7dba9b115cabbdaacec0e33e226645a7cb464f7dd7 0.0s done
#21 exporting config sha256:3dae8fec3df507ea6b0c4a7f6c677fe5a958f6fc8eb1440c5f9d2f236ce67c35 0.0s done
#21 exporting attestation manifest sha256:95ce46c284c2426f39a4dbbad7729546620d2d829bb2249d201b83e373d4f46c 0.1s done
#21 exporting manifest list sha256:509092358e53196ac3f1aec048b8b04a093c4d0292eceff891116dae08628479
#21 exporting manifest list sha256:9b9f29adff490a2620143ee5989886fb35bb83fdc39d8c00bb30e0a4b78b6e9f 0.0s done
#21 naming to 192.168.122.110:5000/brdnode_1277_r259:latest 0.0s done
#21 unpacking to 192.168.122.110:5000/brdnode_1277_r259:latest 0.1s done
#21 exporting manifest list sha256:1edf4d59e782b8112139a5110f2b7aa86f7b0ab19bfc559bbc5672cb31a8f131 0.0s done
#21 naming to 192.168.122.110:5000/brdnode_1277_r296:latest done
#21 unpacking to 192.168.122.110:5000/brdnode_1277_r296:latest 0.1s done
#21 exporting manifest list sha256:509092358e53196ac3f1aec048b8b04a093c4d0292eceff891116dae08628479 0.0s done
#21 naming to 192.168.122.110:5000/brdnode_1277_r300:latest done
#21 unpacking to 192.168.122.110:5000/brdnode_1277_r300:latest 0.1s done
#21 DONE 0.6s
#21 DONE 0.6s
#21 DONE 0.6s
+ seedemu_build_and_push 192.168.122.110:5000/brdnode_1439_r3:latest ./brdnode_1439_r3
+ seedemu_build_and_push 192.168.122.110:5000/brdnode_1439_r4:latest ./brdnode_1439_r4
+ seedemu_build_and_push 192.168.122.110:5000/brdnode_1439_r6:latest ./brdnode_1439_r6

#6 [11/16] RUN chmod +x /seedemu_sniffer
#6 CACHED

#7 [14/16] COPY e01e36443f9f72c6204189260d0bd276 /ifinfo.txt
#7 CACHED

#8 [ 2/16] RUN apt-get update && apt-get install -y --no-install-recommends netcat-openbsd
#8 CACHED

#9 [12/16] RUN chmod +x /seedemu_worker
#9 CACHED

#10 [13/16] COPY 2b0ae038330eccd43095538618caee7d /etc/bird/bird.conf
#10 CACHED

#11 [ 3/16] RUN mkdir -p /usr/share/doc/bird2/examples/
#11 CACHED

#12 [ 7/16] COPY 082b96ec819c95ae773daebde675ef80 /start.sh
#12 CACHED

#13 [10/16] RUN chmod +x /start.sh
#13 CACHED

#14 [ 4/16] RUN touch /usr/share/doc/bird2/examples/bird.conf
#14 CACHED

#15 [ 5/16] COPY 92872f20cfb75af4e3e1c588b00d6484 /replace_address.sh
#15 CACHED

#16 [ 9/16] COPY 17ac2d812a99a91e7f747e1defb72a29 /seedemu_worker
#16 CACHED

#17 [ 6/16] COPY 365d27384adc9719099d1f63f2d15824 /root/.zshrc.pre
#17 CACHED

#18 [ 8/16] COPY d18858afc6bb66ec3a19d872077acfd2 /seedemu_sniffer
#18 CACHED

#19 [15/16] COPY d3d51fdf7f4bad30dc5db560a01ce629 /interface_setup
#0 building with "default" instance using docker driver

#1 [internal] load build definition from Dockerfile
#1 DONE 0.0s

#6 [12/16] RUN chmod +x /seedemu_worker
#6 CACHED

#7 [ 2/16] RUN apt-get update && apt-get install -y --no-install-recommends netcat-openbsd
#7 CACHED

#8 [ 6/16] COPY 365d27384adc9719099d1f63f2d15824 /root/.zshrc.pre
#8 CACHED

#9 [ 7/16] COPY 082b96ec819c95ae773daebde675ef80 /start.sh
#9 CACHED



#10 [ 8/16] COPY d18858afc6bb66ec3a19d872077acfd2 /seedemu_sniffer
#10 CACHED
#6 [12/16] RUN chmod +x /seedemu_worker

#6 CACHED
#11 [ 9/16] COPY 17ac2d812a99a91e7f747e1defb72a29 /seedemu_worker
#6 [ 8/16] COPY d18858afc6bb66ec3a19d872077acfd2 /seedemu_sniffer

#11 CACHED
#6 CACHED

#7 [ 3/16] RUN mkdir -p /usr/share/doc/bird2/examples/
#7 CACHED

#8 [ 7/16] COPY 082b96ec819c95ae773daebde675ef80 /start.sh
#8 CACHED
#0 building with "default" instance using docker driver

#1 [internal] load build definition from Dockerfile

#7 [ 4/16] RUN touch /usr/share/doc/bird2/examples/bird.conf

#12 [10/16] RUN chmod +x /start.sh
#7 CACHED
#9 [ 9/16] COPY 17ac2d812a99a91e7f747e1defb72a29 /seedemu_worker
#12 CACHED
#9 CACHED



#8 [ 7/16] COPY 082b96ec819c95ae773daebde675ef80 /start.sh
#13 [13/16] COPY 2b0ae038330eccd43095538618caee7d /etc/bird/bird.conf
#10 [11/16] RUN chmod +x /seedemu_sniffer
#8 CACHED
#10 CACHED


#9 [13/16] COPY 2b0ae038330eccd43095538618caee7d /etc/bird/bird.conf
#11 [12/16] RUN chmod +x /seedemu_worker
#9 CACHED
#11 CACHED


#10 [ 5/16] COPY 92872f20cfb75af4e3e1c588b00d6484 /replace_address.sh
#12 [13/16] COPY 2b0ae038330eccd43095538618caee7d /etc/bird/bird.conf
#10 CACHED
#12 CACHED


#11 [ 8/16] COPY d18858afc6bb66ec3a19d872077acfd2 /seedemu_sniffer
#13 [14/16] COPY e01e36443f9f72c6204189260d0bd276 /ifinfo.txt
#11 CACHED
#13 CACHED


#12 [ 9/16] COPY 17ac2d812a99a91e7f747e1defb72a29 /seedemu_worker
#14 [10/16] RUN chmod +x /start.sh
#12 CACHED
#14 CACHED


#13 [10/16] RUN chmod +x /start.sh
#15 [ 6/16] COPY 365d27384adc9719099d1f63f2d15824 /root/.zshrc.pre
#13 CACHED
#15 CACHED


#14 [ 2/16] RUN apt-get update && apt-get install -y --no-install-recommends netcat-openbsd
#16 [ 2/16] RUN apt-get update && apt-get install -y --no-install-recommends netcat-openbsd
#14 CACHED
#16 CACHED


#15 [14/16] COPY e01e36443f9f72c6204189260d0bd276 /ifinfo.txt
#17 [ 4/16] RUN touch /usr/share/doc/bird2/examples/bird.conf
#17 CACHED
#15 CACHED


#18 [ 5/16] COPY 92872f20cfb75af4e3e1c588b00d6484 /replace_address.sh
#16 [ 3/16] RUN mkdir -p /usr/share/doc/bird2/examples/
#13 CACHED
#18 CACHED
#16 CACHED



#17 [ 6/16] COPY 365d27384adc9719099d1f63f2d15824 /root/.zshrc.pre
#14 [ 3/16] RUN mkdir -p /usr/share/doc/bird2/examples/
#19 [15/16] COPY d3d51fdf7f4bad30dc5db560a01ce629 /interface_setup
#17 CACHED
#14 CACHED


#18 [11/16] RUN chmod +x /seedemu_sniffer
#15 [11/16] RUN chmod +x /seedemu_sniffer
#18 CACHED
#15 CACHED


#16 [14/16] COPY e01e36443f9f72c6204189260d0bd276 /ifinfo.txt
#19 [15/16] COPY d3d51fdf7f4bad30dc5db560a01ce629 /interface_setup
#16 CACHED


#17 [ 4/16] RUN touch /usr/share/doc/bird2/examples/bird.conf
#17 CACHED

#18 [ 5/16] COPY 92872f20cfb75af4e3e1c588b00d6484 /replace_address.sh
#6 [ 2/16] RUN apt-get update && apt-get install -y --no-install-recommends netcat-openbsd
#18 CACHED
#6 CACHED


#19 [15/16] COPY d3d51fdf7f4bad30dc5db560a01ce629 /interface_setup
#7 [ 7/16] COPY 082b96ec819c95ae773daebde675ef80 /start.sh
#7 CACHED

#8 [12/16] RUN chmod +x /seedemu_worker
#8 CACHED

#9 [ 3/16] RUN mkdir -p /usr/share/doc/bird2/examples/
#9 CACHED

#10 [ 5/16] COPY 92872f20cfb75af4e3e1c588b00d6484 /replace_address.sh
#10 CACHED

#11 [ 8/16] COPY d18858afc6bb66ec3a19d872077acfd2 /seedemu_sniffer
#11 CACHED

#12 [11/16] RUN chmod +x /seedemu_sniffer
#12 CACHED

#13 [ 4/16] RUN touch /usr/share/doc/bird2/examples/bird.conf
#13 CACHED

#14 [ 6/16] COPY 365d27384adc9719099d1f63f2d15824 /root/.zshrc.pre
#14 CACHED
#0 building with "default" instance using docker driver


#15 [13/16] COPY 2b0ae038330eccd43095538618caee7d /etc/bird/bird.conf
#15 CACHED

#1 [internal] load build definition from Dockerfile
#16 [ 9/16] COPY 17ac2d812a99a91e7f747e1defb72a29 /seedemu_worker
#16 CACHED

#1 DONE 0.0s
#17 [10/16] RUN chmod +x /start.sh
#17 CACHED

#18 [14/16] COPY e01e36443f9f72c6204189260d0bd276 /ifinfo.txt
#18 CACHED

#19 [15/16] COPY d3d51fdf7f4bad30dc5db560a01ce629 /interface_setup

#1 [internal] load build definition from Dockerfile
#1 transferring dockerfile: 884B done
#1 DONE 0.1s

#1 [internal] load build definition from Dockerfile
#1 transferring dockerfile: 884B done
#1 DONE 0.1s
#1 transferring dockerfile: 884B done
#1 DONE 0.1s

#2 [internal] load metadata for docker.io/library/39e016aa9e819f203ebc1809245a5818:latest
#2 DONE 0.1s
#19 CACHED

#20 [16/16] COPY 8e9a384ab59c7626a3ffab63886cc30f /etc/bird/conf/kernel.conf
#19 CACHED

#20 [16/16] COPY 8e9a384ab59c7626a3ffab63886cc30f /etc/bird/conf/kernel.conf
#19 CACHED

#20 [16/16] COPY 8e9a384ab59c7626a3ffab63886cc30f /etc/bird/conf/kernel.conf
#19 CACHED

#20 [16/16] COPY 8e9a384ab59c7626a3ffab63886cc30f /etc/bird/conf/kernel.conf
#19 CACHED

#20 [16/16] COPY 8e9a384ab59c7626a3ffab63886cc30f /etc/bird/conf/kernel.conf

#2 [internal] load metadata for docker.io/library/39e016aa9e819f203ebc1809245a5818:latest
#2 DONE 0.0s

#3 [internal] load .dockerignore
#3 transferring context: 2B done
#3 DONE 0.1s

#2 [ 1/16] FROM docker.io/library/39e016aa9e819f203ebc1809245a5818:latest@sha256:43a6b8a656b4d087c7baad939091f8a4e19bfade899129aaa2d7fd409433266e
#2 resolve docker.io/library/39e016aa9e819f203ebc1809245a5818:latest@sha256:43a6b8a656b4d087c7baad939091f8a4e19bfade899129aaa2d7fd409433266e 0.0s done
#2 DONE 0.0s

#3 [internal] load metadata for docker.io/library/39e016aa9e819f203ebc1809245a5818:latest
#3 DONE 0.0s

#4 [internal] load .dockerignore
#4 transferring context: 2B done
#4 DONE 0.0s

#5 [internal] load build context

#3 [ 1/16] FROM docker.io/library/39e016aa9e819f203ebc1809245a5818:latest@sha256:43a6b8a656b4d087c7baad939091f8a4e19bfade899129aaa2d7fd409433266e
#3 resolve docker.io/library/39e016aa9e819f203ebc1809245a5818:latest@sha256:43a6b8a656b4d087c7baad939091f8a4e19bfade899129aaa2d7fd409433266e 0.0s done
#3 DONE 0.0s

#4 [internal] load .dockerignore
#4 transferring context: 2B done
#4 DONE 0.0s

#4 [ 1/16] FROM docker.io/library/39e016aa9e819f203ebc1809245a5818:latest@sha256:43a6b8a656b4d087c7baad939091f8a4e19bfade899129aaa2d7fd409433266e
#4 resolve docker.io/library/39e016aa9e819f203ebc1809245a5818:latest@sha256:43a6b8a656b4d087c7baad939091f8a4e19bfade899129aaa2d7fd409433266e 0.0s done
#4 DONE 0.0s

#5 [internal] load build context
#5 transferring context: 7.56kB done
#5 DONE 0.1s

#5 [internal] load build context
#5 transferring context: 12.84kB done
#5 DONE 0.1s
#5 transferring context: 7.56kB done
#5 DONE 0.1s
#20 DONE 1.3s
#20 DONE 1.3s
#20 DONE 1.3s
#20 DONE 1.3s
#20 DONE 1.3s

#21 exporting to image
#21 exporting layers

#21 exporting to image
#21 exporting layers

#21 exporting to image

#21 exporting to image

#21 exporting to image
#21 exporting layers
#21 exporting layers
#21 exporting layers
#21 exporting layers 0.3s done
#21 exporting layers 0.3s done
#21 exporting layers 0.3s done
#21 exporting layers 0.3s done
#21 exporting layers 0.3s done
#21 exporting manifest sha256:3566901f8fe40b93299ebb630ba34703013a1eb289d04326a261157c068cbe48 0.0s done
#21 exporting config sha256:33dab20fde60a01f1e20ee52f2587c671a76f55fa40208efe710baa9bc6b55fd 0.1s done
#21 exporting attestation manifest sha256:ad306795801040e907b3b46e0a3c10e79126df203efd9f61bab484662af83050
#21 exporting manifest sha256:cf43a1f020dd89506144d6c9a332f0ee3d22873ac13d94648315098fa8ad48cd 0.0s done
#21 exporting config sha256:aea20a02d5f780033c473fc8d0558c7b059f249e81eac697018035b02bae3c45 0.1s done
#21 exporting attestation manifest sha256:e8bf32cb61db6a82469ccb4fdaccf2670db3817445d3c9385c90982c5af3d0a8
#21 exporting manifest sha256:cc350168636dc3415d024574085066512bd2f73f70abb7d6b90c81ff6853135d 0.0s done
#21 exporting config sha256:95b457c72d7758070cccb851c2dd051cdecf697f885791d32c38cb82f9094842 0.1s done
#21 exporting attestation manifest sha256:95ae387d1c2feca355610515a1199ddaef6e586943c57000d3407f9337864197
#21 exporting manifest sha256:8b518b1c02ce6cc71df8af121e6def14b8758efb558605a4de478ab1f5dcfe11 0.0s done
#21 exporting config sha256:afd94f78df50efef7b38ff8a5ea0b6171f0d29f778625132d88c0169fe3519a3 0.1s done
#21 exporting attestation manifest sha256:b984688d073858c5450455c880c5fbd730cbc27b495af629d50f26551aeabd8b
#21 exporting manifest sha256:1f27a7e2ea53eaa726129612698ed32a5e13099f05da9c89cbb4d39e79562a71 0.0s done
#21 exporting config sha256:532501a47ccc46f7837106d122b1822203310a69999986aaf6efa675b5a3b210 0.1s done
#21 exporting attestation manifest sha256:b4c0deab8edaf0563898672afca2fc05e9c5b665ada68ff9ad3c21bd754a8d64
#21 exporting attestation manifest sha256:ad306795801040e907b3b46e0a3c10e79126df203efd9f61bab484662af83050 0.1s done
#21 exporting manifest list sha256:6b6318a2cec75c71e2bf6f9b51811e59b9e608be32b7af4001e28cf288a3659b
#21 exporting attestation manifest sha256:e8bf32cb61db6a82469ccb4fdaccf2670db3817445d3c9385c90982c5af3d0a8 0.1s done
#21 exporting manifest list sha256:3f743f1937218ac3fea89e098a1273e972ab7358064772038dc774fefec53626
#21 exporting attestation manifest sha256:95ae387d1c2feca355610515a1199ddaef6e586943c57000d3407f9337864197 0.1s done
#21 exporting manifest list sha256:48c1160386ad1c2e77d74cfb50b3f5c8356822b21bc84561f62dbd35612214bb
#21 exporting attestation manifest sha256:b984688d073858c5450455c880c5fbd730cbc27b495af629d50f26551aeabd8b 0.1s done
#21 exporting manifest list sha256:557a4f48a54c72fe4dda977a1cd8c0ca30a26210eb193348e3cfc94fa15ef320
#21 exporting attestation manifest sha256:b4c0deab8edaf0563898672afca2fc05e9c5b665ada68ff9ad3c21bd754a8d64 0.1s done
#21 exporting manifest list sha256:7c385681c919644dfef7f3ca85d8dc90b87f4c0bc7427d95839bf3b81d5ff61c
#21 exporting manifest list sha256:6b6318a2cec75c71e2bf6f9b51811e59b9e608be32b7af4001e28cf288a3659b 0.1s done
#21 naming to 192.168.122.110:5000/brdnode_1277_r347:latest 0.0s done
#21 unpacking to 192.168.122.110:5000/brdnode_1277_r347:latest 0.1s done
#21 exporting manifest list sha256:48c1160386ad1c2e77d74cfb50b3f5c8356822b21bc84561f62dbd35612214bb 0.0s done
#21 naming to 192.168.122.110:5000/brdnode_1277_r314:latest 0.0s done
#21 unpacking to 192.168.122.110:5000/brdnode_1277_r314:latest 0.1s done
#21 exporting manifest list sha256:3f743f1937218ac3fea89e098a1273e972ab7358064772038dc774fefec53626 0.0s done
#21 naming to 192.168.122.110:5000/brdnode_1277_r345:latest 0.0s done
#21 unpacking to 192.168.122.110:5000/brdnode_1277_r345:latest 0.1s done
#21 exporting manifest list sha256:7c385681c919644dfef7f3ca85d8dc90b87f4c0bc7427d95839bf3b81d5ff61c 0.0s done
#21 naming to 192.168.122.110:5000/brdnode_1277_r346:latest done
#21 unpacking to 192.168.122.110:5000/brdnode_1277_r346:latest 0.1s done
#21 exporting manifest list sha256:557a4f48a54c72fe4dda977a1cd8c0ca30a26210eb193348e3cfc94fa15ef320 0.0s done
#21 naming to 192.168.122.110:5000/brdnode_1277_r344:latest 0.0s done
#21 unpacking to 192.168.122.110:5000/brdnode_1277_r344:latest 0.1s done
#21 DONE 0.9s
#21 DONE 0.9s
#21 DONE 0.9s
#21 DONE 0.9s
#21 DONE 0.9s
+ seedemu_build_and_push 192.168.122.110:5000/brdnode_1439_r7:latest ./brdnode_1439_r7
+ seedemu_build_and_push 192.168.122.110:5000/brdnode_1439_r10:latest ./brdnode_1439_r10
+ seedemu_build_and_push 192.168.122.110:5000/brdnode_1439_r12:latest ./brdnode_1439_r12
+ seedemu_build_and_push 192.168.122.110:5000/brdnode_1439_r13:latest ./brdnode_1439_r13
+ seedemu_build_and_push 192.168.122.110:5000/brdnode_1439_r16:latest ./brdnode_1439_r16

#6 [ 7/16] COPY 082b96ec819c95ae773daebde675ef80 /start.sh
#6 CACHED

#7 [ 2/16] RUN apt-get update && apt-get install -y --no-install-recommends netcat-openbsd
#7 CACHED

#8 [ 9/16] COPY 17ac2d812a99a91e7f747e1defb72a29 /seedemu_worker
#8 CACHED

#9 [ 5/16] COPY 92872f20cfb75af4e3e1c588b00d6484 /replace_address.sh
#9 CACHED

#10 [ 8/16] COPY d18858afc6bb66ec3a19d872077acfd2 /seedemu_sniffer
#10 CACHED

#11 [ 4/16] RUN touch /usr/share/doc/bird2/examples/bird.conf
#11 CACHED

#12 [10/16] RUN chmod +x /start.sh
#12 CACHED

#13 [11/16] RUN chmod +x /seedemu_sniffer
#13 CACHED

#14 [ 3/16] RUN mkdir -p /usr/share/doc/bird2/examples/
#14 CACHED

#15 [ 6/16] COPY 365d27384adc9719099d1f63f2d15824 /root/.zshrc.pre
#15 CACHED

#16 [12/16] RUN chmod +x /seedemu_worker

#6 [ 7/16] COPY 082b96ec819c95ae773daebde675ef80 /start.sh
#6 CACHED

#7 [13/16] COPY 2b0ae038330eccd43095538618caee7d /etc/bird/bird.conf
#7 CACHED

#8 [ 3/16] RUN mkdir -p /usr/share/doc/bird2/examples/
#8 CACHED

#9 [ 6/16] COPY 365d27384adc9719099d1f63f2d15824 /root/.zshrc.pre
#9 CACHED

#10 [ 8/16] COPY d18858afc6bb66ec3a19d872077acfd2 /seedemu_sniffer
#10 CACHED

#11 [10/16] RUN chmod +x /start.sh
#11 CACHED

#12 [11/16] RUN chmod +x /seedemu_sniffer
#12 CACHED

#13 [ 4/16] RUN touch /usr/share/doc/bird2/examples/bird.conf
#13 CACHED

#14 [12/16] RUN chmod +x /seedemu_worker
#14 CACHED

#15 [ 5/16] COPY 92872f20cfb75af4e3e1c588b00d6484 /replace_address.sh
#15 CACHED

#16 [ 9/16] COPY 17ac2d812a99a91e7f747e1defb72a29 /seedemu_worker
#16 CACHED

#17 [14/16] COPY e01e36443f9f72c6204189260d0bd276 /ifinfo.txt
#17 CACHED

#18 [ 2/16] RUN apt-get update && apt-get install -y --no-install-recommends netcat-openbsd
#18 CACHED

#19 [15/16] COPY d3d51fdf7f4bad30dc5db560a01ce629 /interface_setup
#0 building with "default" instance using docker driver


#1 [internal] load build definition from Dockerfile
#1 DONE 0.0s
#6 [12/16] RUN chmod +x /seedemu_worker
#6 CACHED

#7 [ 2/16] RUN apt-get update && apt-get install -y --no-install-recommends netcat-openbsd
#7 CACHED

#8 [ 3/16] RUN mkdir -p /usr/share/doc/bird2/examples/
#8 CACHED

#9 [ 6/16] COPY 365d27384adc9719099d1f63f2d15824 /root/.zshrc.pre
#9 CACHED

#10 [ 4/16] RUN touch /usr/share/doc/bird2/examples/bird.conf
#10 CACHED

#11 [ 8/16] COPY d18858afc6bb66ec3a19d872077acfd2 /seedemu_sniffer
#11 CACHED

#12 [13/16] COPY 2b0ae038330eccd43095538618caee7d /etc/bird/bird.conf
#12 CACHED

#13 [ 9/16] COPY 17ac2d812a99a91e7f747e1defb72a29 /seedemu_worker
#13 CACHED

#14 [14/16] COPY e01e36443f9f72c6204189260d0bd276 /ifinfo.txt
#14 CACHED

#15 [ 5/16] COPY 92872f20cfb75af4e3e1c588b00d6484 /replace_address.sh
#15 CACHED

#16 [ 7/16] COPY 082b96ec819c95ae773daebde675ef80 /start.sh
#16 CACHED

#17 [10/16] RUN chmod +x /start.sh
#17 CACHED

#18 [11/16] RUN chmod +x /seedemu_sniffer
#18 CACHED

#19 [15/16] COPY d3d51fdf7f4bad30dc5db560a01ce629 /interface_setup
#0 building with "default" instance using docker driver

#1 [internal] load build definition from Dockerfile
#1 DONE 0.0s
#0 building with "default" instance using docker driver

#1 [internal] load build definition from Dockerfile
#1 DONE 0.0s
#0 building with "default" instance using docker driver

#1 [internal] load build definition from Dockerfile
#1 DONE 0.0s
#0 building with "default" instance using docker driver

#1 [internal] load build definition from Dockerfile
#16 CACHED

#1 [internal] load build definition from Dockerfile

#17 [13/16] COPY 2b0ae038330eccd43095538618caee7d /etc/bird/bird.conf
#17 DONE 0.1s
#1 transferring dockerfile: 884B done
#1 DONE 0.1s

#2 [internal] load metadata for docker.io/library/39e016aa9e819f203ebc1809245a5818:latest
#19 CACHED

#20 [16/16] COPY 8e9a384ab59c7626a3ffab63886cc30f /etc/bird/conf/kernel.conf
#20 DONE 0.1s
#1 transferring dockerfile: 884B done
#1 DONE 0.1s

#2 [internal] load metadata for docker.io/library/39e016aa9e819f203ebc1809245a5818:latest
#19 CACHED

#20 [16/16] COPY 8e9a384ab59c7626a3ffab63886cc30f /etc/bird/conf/kernel.conf
#20 DONE 0.1s


#1 [internal] load build definition from Dockerfile
#1 [internal] load build definition from Dockerfile
#1 transferring dockerfile: 884B done
#1 DONE 0.1s

#1 transferring dockerfile: 884B done
#2 [internal] load metadata for docker.io/library/39e016aa9e819f203ebc1809245a5818:latest
#1 DONE 0.1s
#2 DONE 0.0s

#2 [internal] load metadata for docker.io/library/39e016aa9e819f203ebc1809245a5818:latest
#2 DONE 0.0s

#1 [internal] load build definition from Dockerfile
#1 transferring dockerfile: 884B done
#1 DONE 0.1s

#2 [internal] load metadata for docker.io/library/39e016aa9e819f203ebc1809245a5818:latest
#2 DONE 0.0s
#2 DONE 0.0s

#3 [ 1/16] FROM docker.io/library/39e016aa9e819f203ebc1809245a5818:latest@sha256:43a6b8a656b4d087c7baad939091f8a4e19bfade899129aaa2d7fd409433266e
#3 resolve docker.io/library/39e016aa9e819f203ebc1809245a5818:latest@sha256:43a6b8a656b4d087c7baad939091f8a4e19bfade899129aaa2d7fd409433266e 0.0s done
#3 DONE 0.0s

#4 [internal] load .dockerignore
#4 transferring context: 2B done
#4 DONE 0.0s

#5 [internal] load build context
#5 transferring context: 7.58kB done
#2 DONE 0.0s

#3 [ 1/16] FROM docker.io/library/39e016aa9e819f203ebc1809245a5818:latest@sha256:43a6b8a656b4d087c7baad939091f8a4e19bfade899129aaa2d7fd409433266e
#3 resolve docker.io/library/39e016aa9e819f203ebc1809245a5818:latest@sha256:43a6b8a656b4d087c7baad939091f8a4e19bfade899129aaa2d7fd409433266e 0.0s done
#3 DONE 0.0s

#4 [internal] load .dockerignore
#4 transferring context: 2B done
#4 DONE 0.0s

#5 [internal] load build context

#3 [ 1/16] FROM docker.io/library/39e016aa9e819f203ebc1809245a5818:latest@sha256:43a6b8a656b4d087c7baad939091f8a4e19bfade899129aaa2d7fd409433266e
#3 resolve docker.io/library/39e016aa9e819f203ebc1809245a5818:latest@sha256:43a6b8a656b4d087c7baad939091f8a4e19bfade899129aaa2d7fd409433266e 0.0s done
#3 DONE 0.0s

#4 [internal] load .dockerignore
#4 transferring context: 2B done
#4 DONE 0.0s

#5 [internal] load build context

#3 [ 1/16] FROM docker.io/library/39e016aa9e819f203ebc1809245a5818:latest@sha256:43a6b8a656b4d087c7baad939091f8a4e19bfade899129aaa2d7fd409433266e
#3 resolve docker.io/library/39e016aa9e819f203ebc1809245a5818:latest@sha256:43a6b8a656b4d087c7baad939091f8a4e19bfade899129aaa2d7fd409433266e 0.0s done
#3 DONE 0.0s

#4 [internal] load .dockerignore
#4 transferring context: 2B done
#4 DONE 0.0s

#5 [internal] load build context

#3 [ 1/16] FROM docker.io/library/39e016aa9e819f203ebc1809245a5818:latest@sha256:43a6b8a656b4d087c7baad939091f8a4e19bfade899129aaa2d7fd409433266e
#3 resolve docker.io/library/39e016aa9e819f203ebc1809245a5818:latest@sha256:43a6b8a656b4d087c7baad939091f8a4e19bfade899129aaa2d7fd409433266e 0.0s done
#3 DONE 0.0s

#4 [internal] load .dockerignore
#4 transferring context: 2B done
#4 DONE 0.1s

#5 [internal] load build context

#18 [14/16] COPY e01e36443f9f72c6204189260d0bd276 /ifinfo.txt
#18 DONE 0.1s

#21 exporting to image
#21 exporting layers 0.1s done

#21 exporting to image
#21 exporting layers 0.1s done
#21 exporting manifest sha256:e79203e6aef1b0191143040a099fbcfee4bb5ab13ebcbabf7448d416fd4ad918 0.0s done
#21 exporting config sha256:96bc8f308d87e6e7e3ca7b25861ef7485c900370a9e9fcafd38ad240578876c7 0.0s done
#21 exporting attestation manifest sha256:491c7e2c5f75721a3fa5eb6fb3f41691f82b7e96fc93f2cbfb3ca97bf7ae67d0 0.0s done
#21 exporting manifest list sha256:fe21aab9b32ad8a92e9aa4e29d64d31f0bbc764d802319352a74f41d50f3efcb
#21 exporting manifest sha256:88bac69ff824631eea446079b89104249871058d18a61d356335734d96735b4a 0.0s done
#21 exporting config sha256:4ce40c17b9647c7998de62efa63a6be52fa502b36d0dc2e4f0cbe3a87d7583ac 0.0s done
#21 exporting attestation manifest sha256:9adc48dbfc95ce0726e1f440d0f13ed0cabddcd6194f31d6d71130b1864ee623 0.0s done
#21 exporting manifest list sha256:67102cdf455e3ce56cd8554e7e75ba8a14eaf8cd9289e40d8400b2214145c2f3
#5 DONE 0.1s
#5 transferring context: 7.58kB done
#5 DONE 0.1s
#5 transferring context: 7.58kB done
#5 DONE 0.1s
#5 transferring context: 7.56kB done
#5 DONE 0.1s
#5 transferring context: 7.58kB done
#5 DONE 0.1s
#21 exporting manifest list sha256:67102cdf455e3ce56cd8554e7e75ba8a14eaf8cd9289e40d8400b2214145c2f3 0.0s done
#21 naming to 192.168.122.110:5000/brdnode_1439_r4:latest done
#21 unpacking to 192.168.122.110:5000/brdnode_1439_r4:latest 0.1s done
#21 DONE 0.5s
#21 exporting manifest list sha256:fe21aab9b32ad8a92e9aa4e29d64d31f0bbc764d802319352a74f41d50f3efcb 0.0s done
#21 naming to 192.168.122.110:5000/brdnode_1439_r6:latest done
#21 unpacking to 192.168.122.110:5000/brdnode_1439_r6:latest 0.1s done
#21 DONE 0.5s
+ seedemu_build_and_push 192.168.122.110:5000/brdnode_1439_r18:latest ./brdnode_1439_r18
+ seedemu_build_and_push 192.168.122.110:5000/brdnode_1439_r19:latest ./brdnode_1439_r19

#19 [15/16] COPY d3d51fdf7f4bad30dc5db560a01ce629 /interface_setup

#6 [ 2/16] RUN apt-get update && apt-get install -y --no-install-recommends netcat-openbsd
#6 CACHED

#7 [ 6/16] COPY 365d27384adc9719099d1f63f2d15824 /root/.zshrc.pre
#7 CACHED

#8 [ 9/16] COPY 17ac2d812a99a91e7f747e1defb72a29 /seedemu_worker
#8 CACHED

#9 [12/16] RUN chmod +x /seedemu_worker
#9 CACHED

#10 [ 4/16] RUN touch /usr/share/doc/bird2/examples/bird.conf
#10 CACHED

#11 [ 7/16] COPY 082b96ec819c95ae773daebde675ef80 /start.sh
#11 CACHED

#12 [11/16] RUN chmod +x /seedemu_sniffer
#12 CACHED

#13 [14/16] COPY e01e36443f9f72c6204189260d0bd276 /ifinfo.txt
#13 CACHED

#14 [ 3/16] RUN mkdir -p /usr/share/doc/bird2/examples/
#14 CACHED

#15 [ 5/16] COPY 92872f20cfb75af4e3e1c588b00d6484 /replace_address.sh
#15 CACHED

#16 [10/16] RUN chmod +x /start.sh
#16 CACHED

#17 [13/16] COPY 2b0ae038330eccd43095538618caee7d /etc/bird/bird.conf
#17 CACHED

#18 [ 8/16] COPY d18858afc6bb66ec3a19d872077acfd2 /seedemu_sniffer
#18 CACHED

#19 [15/16] COPY d3d51fdf7f4bad30dc5db560a01ce629 /interface_setup

#6 [ 4/16] RUN touch /usr/share/doc/bird2/examples/bird.conf

#6 CACHED

#7 [ 8/16] COPY d18858afc6bb66ec3a19d872077acfd2 /seedemu_sniffer
#7 CACHED

#6 [ 3/16] RUN mkdir -p /usr/share/doc/bird2/examples/
#8 [12/16] RUN chmod +x /seedemu_worker
#8 CACHED
#6 CACHED


#9 [ 7/16] COPY 082b96ec819c95ae773daebde675ef80 /start.sh
#7 [ 5/16] COPY 92872f20cfb75af4e3e1c588b00d6484 /replace_address.sh
#9 CACHED
#7 CACHED


#10 [ 3/16] RUN mkdir -p /usr/share/doc/bird2/examples/
#8 [12/16] RUN chmod +x /seedemu_worker
#10 CACHED
#8 CACHED

#11 [ 5/16] COPY 92872f20cfb75af4e3e1c588b00d6484 /replace_address.sh

#11 CACHED
#9 [ 4/16] RUN touch /usr/share/doc/bird2/examples/bird.conf

#9 CACHED
#12 [11/16] RUN chmod +x /seedemu_sniffer

#12 CACHED
#10 [ 8/16] COPY d18858afc6bb66ec3a19d872077acfd2 /seedemu_sniffer

#10 CACHED
#13 [13/16] COPY 2b0ae038330eccd43095538618caee7d /etc/bird/bird.conf

#13 CACHED
#11 [ 9/16] COPY 17ac2d812a99a91e7f747e1defb72a29 /seedemu_worker

#11 CACHED
#14 [ 6/16] COPY 365d27384adc9719099d1f63f2d15824 /root/.zshrc.pre

#14 CACHED
#12 [14/16] COPY e01e36443f9f72c6204189260d0bd276 /ifinfo.txt

#12 CACHED
#15 [ 9/16] COPY 17ac2d812a99a91e7f747e1defb72a29 /seedemu_worker

#15 CACHED
#13 [ 7/16] COPY 082b96ec819c95ae773daebde675ef80 /start.sh

#13 CACHED
#16 [10/16] RUN chmod +x /start.sh

#16 CACHED
#14 [10/16] RUN chmod +x /start.sh

#14 CACHED
#17 [14/16] COPY e01e36443f9f72c6204189260d0bd276 /ifinfo.txt

#17 CACHED
#15 [11/16] RUN chmod +x /seedemu_sniffer

#18 [ 2/16] RUN apt-get update && apt-get install -y --no-install-recommends netcat-openbsd
#15 CACHED
#18 CACHED

#16 [13/16] COPY 2b0ae038330eccd43095538618caee7d /etc/bird/bird.conf

#19 [15/16] COPY d3d51fdf7f4bad30dc5db560a01ce629 /interface_setup
#16 CACHED

#17 [ 2/16] RUN apt-get update && apt-get install -y --no-install-recommends netcat-openbsd
#17 CACHED

#18 [ 6/16] COPY 365d27384adc9719099d1f63f2d15824 /root/.zshrc.pre
#18 CACHED

#19 [15/16] COPY d3d51fdf7f4bad30dc5db560a01ce629 /interface_setup
#0 building with "default" instance using docker driver

#1 [internal] load build definition from Dockerfile
#1 DONE 0.0s


#6 [14/16] COPY e01e36443f9f72c6204189260d0bd276 /ifinfo.txt
#6 CACHED
#6 [ 4/16] RUN touch /usr/share/doc/bird2/examples/bird.conf

#6 CACHED
#7 [ 7/16] COPY 082b96ec819c95ae773daebde675ef80 /start.sh

#7 CACHED
#7 [ 9/16] COPY 17ac2d812a99a91e7f747e1defb72a29 /seedemu_worker

#7 CACHED
#8 [ 8/16] COPY d18858afc6bb66ec3a19d872077acfd2 /seedemu_sniffer

#8 CACHED
#8 [ 8/16] COPY d18858afc6bb66ec3a19d872077acfd2 /seedemu_sniffer

#9 [10/16] RUN chmod +x /start.sh
#8 CACHED
#9 CACHED


#9 [11/16] RUN chmod +x /seedemu_sniffer
#10 [ 3/16] RUN mkdir -p /usr/share/doc/bird2/examples/
#9 CACHED
#10 CACHED


#10 [10/16] RUN chmod +x /start.sh
#11 [ 4/16] RUN touch /usr/share/doc/bird2/examples/bird.conf
#10 CACHED
#11 CACHED


#11 [12/16] RUN chmod +x /seedemu_worker
#12 [ 6/16] COPY 365d27384adc9719099d1f63f2d15824 /root/.zshrc.pre
#11 CACHED
#12 CACHED


#12 [13/16] COPY 2b0ae038330eccd43095538618caee7d /etc/bird/bird.conf
#13 [ 9/16] COPY 17ac2d812a99a91e7f747e1defb72a29 /seedemu_worker
#12 CACHED
#13 CACHED


#13 [ 2/16] RUN apt-get update && apt-get install -y --no-install-recommends netcat-openbsd
#14 [12/16] RUN chmod +x /seedemu_worker
#13 CACHED
#14 CACHED


#14 [ 5/16] COPY 92872f20cfb75af4e3e1c588b00d6484 /replace_address.sh
#15 [13/16] COPY 2b0ae038330eccd43095538618caee7d /etc/bird/bird.conf
#14 CACHED
#15 CACHED


#15 [ 6/16] COPY 365d27384adc9719099d1f63f2d15824 /root/.zshrc.pre
#16 [ 5/16] COPY 92872f20cfb75af4e3e1c588b00d6484 /replace_address.sh
#15 CACHED
#16 CACHED


#16 [ 7/16] COPY 082b96ec819c95ae773daebde675ef80 /start.sh
#17 [11/16] RUN chmod +x /seedemu_sniffer
#16 CACHED
#17 CACHED


#17 [14/16] COPY e01e36443f9f72c6204189260d0bd276 /ifinfo.txt
#18 [ 2/16] RUN apt-get update && apt-get install -y --no-install-recommends netcat-openbsd
#17 CACHED
#18 CACHED

#18 [ 3/16] RUN mkdir -p /usr/share/doc/bird2/examples/

#18 CACHED
#19 [15/16] COPY d3d51fdf7f4bad30dc5db560a01ce629 /interface_setup

#19 [15/16] COPY d3d51fdf7f4bad30dc5db560a01ce629 /interface_setup
#0 building with "default" instance using docker driver

#1 [internal] load build definition from Dockerfile
#1 DONE 0.0s

#1 [internal] load build definition from Dockerfile

#19 CACHED
#1 [internal] load build definition from Dockerfile

#20 [16/16] COPY 8e9a384ab59c7626a3ffab63886cc30f /etc/bird/conf/kernel.conf
#19 CACHED

#20 [16/16] COPY 8e9a384ab59c7626a3ffab63886cc30f /etc/bird/conf/kernel.conf
#19 CACHED

#20 [16/16] COPY 8e9a384ab59c7626a3ffab63886cc30f /etc/bird/conf/kernel.conf
#19 CACHED

#20 [16/16] COPY 8e9a384ab59c7626a3ffab63886cc30f /etc/bird/conf/kernel.conf
#19 CACHED

#20 [16/16] COPY 8e9a384ab59c7626a3ffab63886cc30f /etc/bird/conf/kernel.conf
#1 transferring dockerfile:
#1 transferring dockerfile:
#1 transferring dockerfile: 884B done
#1 transferring dockerfile: 884B done
#1 DONE 0.3s
#1 DONE 0.3s


#2 [internal] load metadata for docker.io/library/39e016aa9e819f203ebc1809245a5818:latest
#2 [internal] load metadata for docker.io/library/39e016aa9e819f203ebc1809245a5818:latest
#2 DONE 0.1s
#2 DONE 0.1s

#3 [ 1/16] FROM docker.io/library/39e016aa9e819f203ebc1809245a5818:latest@sha256:43a6b8a656b4d087c7baad939091f8a4e19bfade899129aaa2d7fd409433266e
#3 resolve docker.io/library/39e016aa9e819f203ebc1809245a5818:latest@sha256:43a6b8a656b4d087c7baad939091f8a4e19bfade899129aaa2d7fd409433266e 0.0s done
#3 DONE 0.0s

#4 [internal] load .dockerignore
#4 transferring context: 2B done
#4 DONE 0.1s

#5 [internal] load build context

#3 [ 1/16] FROM docker.io/library/39e016aa9e819f203ebc1809245a5818:latest@sha256:43a6b8a656b4d087c7baad939091f8a4e19bfade899129aaa2d7fd409433266e
#3 resolve docker.io/library/39e016aa9e819f203ebc1809245a5818:latest@sha256:43a6b8a656b4d087c7baad939091f8a4e19bfade899129aaa2d7fd409433266e 0.0s done
#3 DONE 0.0s

#4 [internal] load .dockerignore
#4 transferring context: 2B done
#4 DONE 0.1s
#5 transferring context: 7.58kB done
#5 DONE 0.1s

#5 [internal] load build context
#5 transferring context: 7.58kB done
#5 DONE 0.1s
#20 DONE 1.1s
#20 DONE 1.1s
#19 DONE 1.3s
#20 DONE 1.1s
#20 DONE 1.1s
#20 DONE 1.1s

#21 exporting to image

#21 exporting to image

#21 exporting to image

#21 exporting to image

#21 exporting to image
#21 exporting layers
#21 exporting layers
#21 exporting layers
#21 exporting layers
#21 exporting layers
#21 exporting layers 0.2s done
#21 exporting layers 0.2s done
#21 exporting layers 0.2s done
#21 exporting layers 0.2s done
#21 exporting layers 0.2s done
#21 exporting manifest sha256:9c46e6cfb82b5a97f7052b9c065ad76061c833c8d61c522bf55d3f9333c2d64d 0.0s done
#21 exporting config sha256:f253f03b2bd3b47dd6d21fcad16804281385fcd9925ed33863412775baf85e00 0.1s done
#21 exporting attestation manifest sha256:c1585280e38000d97da9fad3e79098112f908b64678068663e1e4be7f6df794f
#21 exporting manifest sha256:aee7cba4f9d667d17c3ee94b71fa5f076896b0ea1ae176111ae6ab7e673440f1 0.0s done
#21 exporting config sha256:d3967e9a57861830617d9b991705ebe81ee1682014eb851abe1c319a548daff2 0.1s done
#21 exporting attestation manifest sha256:e0eb452f76b6f89b2d2db2f6b6ffe0a031c10120158b4ceaf805079582184e63
#21 exporting manifest sha256:3415dbc005c9bb11a48958603552f0d5b6afd34bb676bd96e1f08bc95001a388 0.0s done
#21 exporting config sha256:286d0579ca0f186aef5c71ded723cfc4aa7bbcc89242387bd4e3fa008e1b19c2 0.1s done
#21 exporting attestation manifest sha256:643fa20bc45a8d489d6f115a2079a7b10cba59acccb37b6a1670a3d3139d6637
#21 exporting manifest sha256:bf576d35605995b8e39a4e8f19053a6274d1fa63360c095a3cf97efbb474199c 0.0s done
#21 exporting config sha256:11c8ffc112a8d77d6511a0ccc398b654f77737d110e579606a56a22c31727b35 0.1s done
#21 exporting attestation manifest sha256:25116ba82ec073c8c7c6f8dce627066bdb102fb033ec6b17418e3b1013918d1c
#21 exporting manifest sha256:629abff29f9ccecf0243340629a1ce35623e99ef21047bc8519a463458eb8636 0.0s done
#21 exporting config sha256:b5ab5fc13dcc92bee6e4aa5ab8d8ec457fe9ce8dc04dcff7d58238c38a248939 0.1s done
#21 exporting attestation manifest sha256:93c87b663611ad832d5d178db1e9c65195a9fe78d722651ec7db264ed3805404
#21 exporting attestation manifest sha256:c1585280e38000d97da9fad3e79098112f908b64678068663e1e4be7f6df794f 0.1s done
#21 exporting attestation manifest sha256:e0eb452f76b6f89b2d2db2f6b6ffe0a031c10120158b4ceaf805079582184e63 0.1s done
#21 exporting attestation manifest sha256:643fa20bc45a8d489d6f115a2079a7b10cba59acccb37b6a1670a3d3139d6637 0.1s done
#21 exporting manifest list sha256:52cff10b7dc55570e367e505dfbd3c059eaa96d347beb0543374dc4a8da1dd79
#21 exporting attestation manifest sha256:25116ba82ec073c8c7c6f8dce627066bdb102fb033ec6b17418e3b1013918d1c 0.1s done
#21 exporting manifest list sha256:5f6f693b6d55262d84bad6bda6a22551e0e0a8a0aa027f2fa1e7bf8645e44f34
#21 exporting attestation manifest sha256:93c87b663611ad832d5d178db1e9c65195a9fe78d722651ec7db264ed3805404 0.1s done
#21 exporting manifest list sha256:25e5020c334de6902a26f1dc3932e577f4415813508558e08a72a402269f7f71
#21 exporting manifest list sha256:34f32e08d30d97405742b03c6895511eb50a5f28cedeb174492319b2d2f4c122 0.0s done
#21 naming to 192.168.122.110:5000/brdnode_1439_r13:latest 0.0s done
#21 unpacking to 192.168.122.110:5000/brdnode_1439_r13:latest 0.1s done
#21 exporting manifest list sha256:1298b3326d9c40b78bda82c3dbacd7b4dcd1e940989f982c36d726fc86a1fa73 0.1s done
#21 naming to 192.168.122.110:5000/brdnode_1439_r7:latest 0.0s done
#21 unpacking to 192.168.122.110:5000/brdnode_1439_r7:latest 0.1s done
#21 exporting manifest list sha256:52cff10b7dc55570e367e505dfbd3c059eaa96d347beb0543374dc4a8da1dd79 0.1s done
#21 naming to 192.168.122.110:5000/brdnode_1439_r12:latest 0.0s done
#21 unpacking to 192.168.122.110:5000/brdnode_1439_r12:latest 0.1s done
#21 exporting manifest list sha256:5f6f693b6d55262d84bad6bda6a22551e0e0a8a0aa027f2fa1e7bf8645e44f34 0.1s done
#21 naming to 192.168.122.110:5000/brdnode_1439_r16:latest 0.0s done
#21 unpacking to 192.168.122.110:5000/brdnode_1439_r16:latest 0.1s done
#21 exporting manifest list sha256:25e5020c334de6902a26f1dc3932e577f4415813508558e08a72a402269f7f71 0.1s done
#21 naming to 192.168.122.110:5000/brdnode_1439_r10:latest done
#21 unpacking to 192.168.122.110:5000/brdnode_1439_r10:latest 0.1s done
#21 DONE 0.8s
#21 DONE 0.8s
#21 DONE 0.8s
#21 DONE 0.8s
#21 DONE 0.8s

#20 [16/16] COPY 8e9a384ab59c7626a3ffab63886cc30f /etc/bird/conf/kernel.conf

#6 [12/16] RUN chmod +x /seedemu_worker
#6 CACHED

#7 [13/16] COPY 2b0ae038330eccd43095538618caee7d /etc/bird/bird.conf
#7 CACHED

#8 [ 4/16] RUN touch /usr/share/doc/bird2/examples/bird.conf
#8 CACHED

#9 [ 5/16] COPY 92872f20cfb75af4e3e1c588b00d6484 /replace_address.sh
#9 CACHED

#10 [ 6/16] COPY 365d27384adc9719099d1f63f2d15824 /root/.zshrc.pre
#10 CACHED

#11 [ 7/16] COPY 082b96ec819c95ae773daebde675ef80 /start.sh
#11 CACHED

#12 [11/16] RUN chmod +x /seedemu_sniffer
#12 CACHED

#13 [ 2/16] RUN apt-get update && apt-get install -y --no-install-recommends netcat-openbsd
#13 CACHED

#14 [ 3/16] RUN mkdir -p /usr/share/doc/bird2/examples/
#14 CACHED

#15 [14/16] COPY e01e36443f9f72c6204189260d0bd276 /ifinfo.txt
#15 CACHED

#16 [ 8/16] COPY d18858afc6bb66ec3a19d872077acfd2 /seedemu_sniffer
#16 CACHED

#17 [ 9/16] COPY 17ac2d812a99a91e7f747e1defb72a29 /seedemu_worker
#17 CACHED

#18 [10/16] RUN chmod +x /start.sh
#18 CACHED

#19 [15/16] COPY d3d51fdf7f4bad30dc5db560a01ce629 /interface_setup

#6 [14/16] COPY e01e36443f9f72c6204189260d0bd276 /ifinfo.txt
#6 CACHED

#7 [ 4/16] RUN touch /usr/share/doc/bird2/examples/bird.conf
#7 CACHED

#8 [ 8/16] COPY d18858afc6bb66ec3a19d872077acfd2 /seedemu_sniffer
#8 CACHED

#9 [10/16] RUN chmod +x /start.sh
#9 CACHED

#10 [11/16] RUN chmod +x /seedemu_sniffer
#10 CACHED

#11 [12/16] RUN chmod +x /seedemu_worker
#11 CACHED

#12 [ 2/16] RUN apt-get update && apt-get install -y --no-install-recommends netcat-openbsd
#12 CACHED

#13 [ 6/16] COPY 365d27384adc9719099d1f63f2d15824 /root/.zshrc.pre
#13 CACHED

#14 [13/16] COPY 2b0ae038330eccd43095538618caee7d /etc/bird/bird.conf
#14 CACHED

#15 [ 3/16] RUN mkdir -p /usr/share/doc/bird2/examples/
#15 CACHED

#16 [ 5/16] COPY 92872f20cfb75af4e3e1c588b00d6484 /replace_address.sh
#16 CACHED

#17 [ 7/16] COPY 082b96ec819c95ae773daebde675ef80 /start.sh
#17 CACHED

#18 [ 9/16] COPY 17ac2d812a99a91e7f747e1defb72a29 /seedemu_worker
#18 CACHED

#19 [15/16] COPY d3d51fdf7f4bad30dc5db560a01ce629 /interface_setup
#19 CACHED

#20 [16/16] COPY 8e9a384ab59c7626a3ffab63886cc30f /etc/bird/conf/kernel.conf
#19 CACHED

#20 [16/16] COPY 8e9a384ab59c7626a3ffab63886cc30f /etc/bird/conf/kernel.conf
+ seedemu_build_and_push 192.168.122.110:5000/brdnode_1439_r21:latest ./brdnode_1439_r21
#0 building with "default" instance using docker driver

#1 [internal] load build definition from Dockerfile
#1 transferring dockerfile: 884B done
#1 DONE 0.1s

#2 [internal] load metadata for docker.io/library/39e016aa9e819f203ebc1809245a5818:latest
#20 DONE 1.0s
#20 DONE 0.9s
#20 DONE 0.9s
#2 DONE 0.1s

#21 exporting to image
#21 exporting layers

#21 exporting to image
#21 exporting layers

#3 [internal] load .dockerignore
#3 transferring context: 2B done
#3 DONE 0.0s

#21 exporting to image
#21 exporting layers
#21 exporting layers 0.3s done
#21 exporting layers 0.3s done

#4 [ 1/16] FROM docker.io/library/39e016aa9e819f203ebc1809245a5818:latest@sha256:43a6b8a656b4d087c7baad939091f8a4e19bfade899129aaa2d7fd409433266e
#4 resolve docker.io/library/39e016aa9e819f203ebc1809245a5818:latest@sha256:43a6b8a656b4d087c7baad939091f8a4e19bfade899129aaa2d7fd409433266e 0.0s done
#4 DONE 0.0s
#21 exporting layers 0.3s done
+ seedemu_build_and_push 192.168.122.110:5000/brdnode_1439_r22:latest ./brdnode_1439_r22
+ seedemu_build_and_push 192.168.122.110:5000/brdnode_1439_r23:latest ./brdnode_1439_r23
+ seedemu_build_and_push 192.168.122.110:5000/brdnode_1439_r24:latest ./brdnode_1439_r24
+ seedemu_build_and_push 192.168.122.110:5000/brdnode_1439_r25:latest ./brdnode_1439_r25
#21 exporting manifest sha256:40b00d6a1d6ce8c25fd8691e53e0e0dc4124880262a9a86eed9d94da9de5cac6 0.0s done
#21 exporting config sha256:30a8884f2c792409b8ae51b12fc3f7c0bb53046d3ab2888b3d82508f7e5e340b 0.0s done
#21 exporting attestation manifest sha256:de93a7d8d21de5fa2593758db9dab25899ff26877d916206b83f81b9493032a2 0.1s done

#5 [internal] load build context
#5 transferring context: 7.58kB done
#5 DONE 0.0s
#21 exporting manifest sha256:f88c16dd735492df169734783f776c95117632a41fc14c302e63af8f29ce0dc9 0.0s done
#21 exporting config sha256:11b3e741f1ac0b4a774a7746d42bcadc929d9949279935b938211348e4f698d3 0.0s done
#21 exporting attestation manifest sha256:158cc8dbcbab933c343a9ab0143ef94d32cc10a1c0b70fb4483b680775f8a990 0.1s done
#21 exporting manifest list sha256:9895545a4343277c3f6c3d7165bbb0f2c26c7a791b4ad723ce0104647811bd45
#21 exporting manifest sha256:60af508369b3c9a736d43491cbddefd9d950830c9fc3131bb10623776ab9ebca 0.0s done
#21 exporting config sha256:55d6a0383b11e4ac280a570e124f8dbf50f43d827de9d5e07318fd65eed2de1e 0.0s done
#21 exporting attestation manifest sha256:1d9ab6c4b21b13bc685cfbe83a9a9021bcf60b052d48c96eab892014f135a26e 0.1s done
#21 exporting manifest list sha256:43cef6f6b319021853a7322abac315a7f1db4d5448fb1733b396a6d8357dba17
#21 exporting manifest list sha256:ff8a9687efff7751a5eec285d1fff060df5a3ddcc580c3d2cf716edc06cd680b 0.0s done
#21 naming to 192.168.122.110:5000/brdnode_1439_r18:latest 0.0s done
#21 unpacking to 192.168.122.110:5000/brdnode_1439_r18:latest 0.1s done
#21 exporting manifest list sha256:9895545a4343277c3f6c3d7165bbb0f2c26c7a791b4ad723ce0104647811bd45 0.0s done
#21 naming to 192.168.122.110:5000/brdnode_1439_r19:latest done
#21 unpacking to 192.168.122.110:5000/brdnode_1439_r19:latest 0.1s done
#21 exporting manifest list sha256:43cef6f6b319021853a7322abac315a7f1db4d5448fb1733b396a6d8357dba17 0.0s done
#21 naming to 192.168.122.110:5000/brdnode_1439_r3:latest done
#21 unpacking to 192.168.122.110:5000/brdnode_1439_r3:latest 0.1s done
#21 DONE 0.7s
#21 DONE 0.7s
#21 DONE 0.8s
+ seedemu_build_and_push 192.168.122.110:5000/brdnode_1439_r43:latest ./brdnode_1439_r43
+ seedemu_build_and_push 192.168.122.110:5000/brdnode_1439_r71:latest ./brdnode_1439_r71
+ seedemu_build_and_push 192.168.122.110:5000/brdnode_1439_r74:latest ./brdnode_1439_r74
#0 building with "default" instance using docker driver

#1 [internal] load build definition from Dockerfile
#1 DONE 0.0s
#0 building with "default" instance using docker driver

#1 [internal] load build definition from Dockerfile
#1 DONE 0.0s
#0 building with "default" instance using docker driver

#1 [internal] load build definition from Dockerfile
#1 DONE 0.0s
#0 building with "default" instance using docker driver

#1 [internal] load build definition from Dockerfile
#1 DONE 0.0s
#0 building with "default" instance using docker driver

#1 [internal] load build definition from Dockerfile

#6 [ 4/16] RUN touch /usr/share/doc/bird2/examples/bird.conf
#6 CACHED

#7 [ 6/16] COPY 365d27384adc9719099d1f63f2d15824 /root/.zshrc.pre
#7 CACHED

#8 [11/16] RUN chmod +x /seedemu_sniffer
#8 CACHED

#9 [ 5/16] COPY 92872f20cfb75af4e3e1c588b00d6484 /replace_address.sh
#9 CACHED

#10 [12/16] RUN chmod +x /seedemu_worker
#10 CACHED

#11 [14/16] COPY e01e36443f9f72c6204189260d0bd276 /ifinfo.txt
#11 CACHED

#12 [ 3/16] RUN mkdir -p /usr/share/doc/bird2/examples/
#12 CACHED

#13 [10/16] RUN chmod +x /start.sh
#13 CACHED

#14 [ 2/16] RUN apt-get update && apt-get install -y --no-install-recommends netcat-openbsd
#14 CACHED

#15 [ 7/16] COPY 082b96ec819c95ae773daebde675ef80 /start.sh
#15 CACHED

#16 [ 8/16] COPY d18858afc6bb66ec3a19d872077acfd2 /seedemu_sniffer
#16 CACHED

#17 [ 9/16] COPY 17ac2d812a99a91e7f747e1defb72a29 /seedemu_worker
#17 CACHED

#18 [13/16] COPY 2b0ae038330eccd43095538618caee7d /etc/bird/bird.conf
#18 CACHED

#19 [15/16] COPY d3d51fdf7f4bad30dc5db560a01ce629 /interface_setup
#0 building with "default" instance using docker driver

#1 [internal] load build definition from Dockerfile
#1 DONE 0.0s
#0 building with "default" instance using docker driver

#1 [internal] load build definition from Dockerfile


#1 [internal] load build definition from Dockerfile
#1 [internal] load build definition from Dockerfile

#1 transferring dockerfile: 884B done
#1 [internal] load build definition from Dockerfile
#1 transferring dockerfile: 884B done
#1 DONE 0.0s

#1 DONE 0.1s
#1 transferring dockerfile: 884B done
#2 [internal] load metadata for docker.io/library/39e016aa9e819f203ebc1809245a5818:latest

#2 [internal] load metadata for docker.io/library/39e016aa9e819f203ebc1809245a5818:latest
#2 DONE 0.0s
#1 DONE 0.0s
#2 DONE 0.0s



#3 [internal] load .dockerignore
#2 [internal] load metadata for docker.io/library/39e016aa9e819f203ebc1809245a5818:latest
#3 [internal] load .dockerignore
#2 DONE 0.1s

#3 [internal] load .dockerignore

#1 [internal] load build definition from Dockerfile
#1 transferring dockerfile: 884B done
#1 DONE 0.0s

#2 [internal] load metadata for docker.io/library/39e016aa9e819f203ebc1809245a5818:latest
#2 DONE 0.1s

#3 [internal] load .dockerignore
#3 DONE 0.0s

#1 [internal] load build definition from Dockerfile
#1 transferring dockerfile: 884B done
#1 DONE 0.0s

#2 [internal] load metadata for docker.io/library/39e016aa9e819f203ebc1809245a5818:latest
#2 DONE 0.0s

#3 [internal] load .dockerignore
#1 transferring dockerfile: 884B done
#1 DONE 0.1s
#1 transferring dockerfile: 884B done

#2 [internal] load metadata for docker.io/library/39e016aa9e819f203ebc1809245a5818:latest
#1 DONE 0.1s

#2 [internal] load metadata for docker.io/library/39e016aa9e819f203ebc1809245a5818:latest
#19 CACHED

#20 [16/16] COPY 8e9a384ab59c7626a3ffab63886cc30f /etc/bird/conf/kernel.conf
#20 DONE 0.2s
#3 transferring context: 2B done
#3 DONE 0.1s

#4 [ 1/16] FROM docker.io/library/39e016aa9e819f203ebc1809245a5818:latest@sha256:43a6b8a656b4d087c7baad939091f8a4e19bfade899129aaa2d7fd409433266e
#4 resolve docker.io/library/39e016aa9e819f203ebc1809245a5818:latest@sha256:43a6b8a656b4d087c7baad939091f8a4e19bfade899129aaa2d7fd409433266e 0.0s done
#4 DONE 0.0s

#5 [internal] load build context
#3 transferring context: 2B done
#3 DONE 0.1s

#4 [ 1/16] FROM docker.io/library/39e016aa9e819f203ebc1809245a5818:latest@sha256:43a6b8a656b4d087c7baad939091f8a4e19bfade899129aaa2d7fd409433266e
#4 resolve docker.io/library/39e016aa9e819f203ebc1809245a5818:latest@sha256:43a6b8a656b4d087c7baad939091f8a4e19bfade899129aaa2d7fd409433266e 0.0s done
#4 DONE 0.0s

#5 [internal] load build context
#5 DONE 0.0s
#3 transferring context: 2B done
#3 DONE 0.1s

#4 [ 1/16] FROM docker.io/library/39e016aa9e819f203ebc1809245a5818:latest@sha256:43a6b8a656b4d087c7baad939091f8a4e19bfade899129aaa2d7fd409433266e
#4 resolve docker.io/library/39e016aa9e819f203ebc1809245a5818:latest@sha256:43a6b8a656b4d087c7baad939091f8a4e19bfade899129aaa2d7fd409433266e 0.0s done
#4 DONE 0.0s
#3 transferring context: 2B done
#3 DONE 0.1s

#4 [ 1/16] FROM docker.io/library/39e016aa9e819f203ebc1809245a5818:latest@sha256:43a6b8a656b4d087c7baad939091f8a4e19bfade899129aaa2d7fd409433266e
#4 resolve docker.io/library/39e016aa9e819f203ebc1809245a5818:latest@sha256:43a6b8a656b4d087c7baad939091f8a4e19bfade899129aaa2d7fd409433266e 0.0s done
#4 DONE 0.0s
#2 DONE 0.1s

#3 [internal] load .dockerignore
#2 DONE 0.1s

#3 [internal] load .dockerignore

#4 [ 1/16] FROM docker.io/library/39e016aa9e819f203ebc1809245a5818:latest@sha256:43a6b8a656b4d087c7baad939091f8a4e19bfade899129aaa2d7fd409433266e
#4 resolve docker.io/library/39e016aa9e819f203ebc1809245a5818:latest@sha256:43a6b8a656b4d087c7baad939091f8a4e19bfade899129aaa2d7fd409433266e 0.0s done
#4 DONE 0.0s

#3 [internal] load .dockerignore
#3 transferring context: 2B done
#3 DONE 0.1s

#21 exporting to image
#21 exporting layers 0.1s done
#5 transferring context: 7.58kB done
#5 DONE 0.0s
#3 transferring context: 2B done
#3 DONE 0.0s
#3 transferring context: 2B done
#3 DONE 0.0s

#5 [internal] load build context
#5 transferring context: 7.96kB done
#5 DONE 0.0s

#5 [internal] load build context
#5 transferring context: 7.58kB done
#5 DONE 0.0s

#5 [internal] load build context
#5 transferring context: 7.57kB done
#5 DONE 0.0s
#21 exporting manifest sha256:7897e41d3e224eebc6333d17aaa2f4ede281ed574c7fe1d47a2cfe9f12a8510d 0.0s done
#21 exporting config sha256:b98c5eddeed919e1c191cb63fdd7a8aeeb6d342de46641a85e9515a9a75bf324 0.0s done
#21 exporting attestation manifest sha256:82694a36cd3e14503540c82b38bd99733a1656d6d25bd80329cecd41346a7ef5 0.0s done
#21 exporting manifest list sha256:1e487342bf22cb1939646a1c2ac9e606b55e2a838e534a82ec76695354194755 0.0s done
#21 naming to 192.168.122.110:5000/brdnode_1439_r21:latest done
#21 unpacking to 192.168.122.110:5000/brdnode_1439_r21:latest 0.1s done
#21 DONE 0.4s
+ seedemu_build_and_push 192.168.122.110:5000/brdnode_1439_r122:latest ./brdnode_1439_r122

#4 [ 1/16] FROM docker.io/library/39e016aa9e819f203ebc1809245a5818:latest@sha256:43a6b8a656b4d087c7baad939091f8a4e19bfade899129aaa2d7fd409433266e
#4 resolve docker.io/library/39e016aa9e819f203ebc1809245a5818:latest@sha256:43a6b8a656b4d087c7baad939091f8a4e19bfade899129aaa2d7fd409433266e 0.0s done
#4 DONE 0.0s

#4 [ 1/16] FROM docker.io/library/39e016aa9e819f203ebc1809245a5818:latest@sha256:43a6b8a656b4d087c7baad939091f8a4e19bfade899129aaa2d7fd409433266e
#4 resolve docker.io/library/39e016aa9e819f203ebc1809245a5818:latest@sha256:43a6b8a656b4d087c7baad939091f8a4e19bfade899129aaa2d7fd409433266e 0.0s done
#4 DONE 0.0s

#6 [11/16] RUN chmod +x /seedemu_sniffer
#6 CACHED

#7 [14/16] COPY e01e36443f9f72c6204189260d0bd276 /ifinfo.txt
#7 CACHED

#8 [ 4/16] RUN touch /usr/share/doc/bird2/examples/bird.conf
#8 CACHED

#9 [ 6/16] COPY 365d27384adc9719099d1f63f2d15824 /root/.zshrc.pre
#9 CACHED

#10 [ 8/16] COPY d18858afc6bb66ec3a19d872077acfd2 /seedemu_sniffer
#10 CACHED

#11 [13/16] COPY 2b0ae038330eccd43095538618caee7d /etc/bird/bird.conf
#11 CACHED

#12 [ 9/16] COPY 17ac2d812a99a91e7f747e1defb72a29 /seedemu_worker
#12 CACHED

#13 [10/16] RUN chmod +x /start.sh
#13 CACHED

#14 [12/16] RUN chmod +x /seedemu_worker
#14 CACHED

#15 [ 5/16] COPY 92872f20cfb75af4e3e1c588b00d6484 /replace_address.sh
#15 CACHED

#16 [ 7/16] COPY 082b96ec819c95ae773daebde675ef80 /start.sh
#16 CACHED

#17 [ 2/16] RUN apt-get update && apt-get install -y --no-install-recommends netcat-openbsd
#17 CACHED

#18 [ 3/16] RUN mkdir -p /usr/share/doc/bird2/examples/
#18 CACHED

#19 [15/16] COPY d3d51fdf7f4bad30dc5db560a01ce629 /interface_setup
#19 CACHED

#6 [ 3/16] RUN mkdir -p /usr/share/doc/bird2/examples/
#6 CACHED

#7 [ 6/16] COPY 365d27384adc9719099d1f63f2d15824 /root/.zshrc.pre
#7 CACHED

#8 [ 7/16] COPY 082b96ec819c95ae773daebde675ef80 /start.sh
#8 CACHED

#9 [ 9/16] COPY 17ac2d812a99a91e7f747e1defb72a29 /seedemu_worker
#9 CACHED

#10 [11/16] RUN chmod +x /seedemu_sniffer
#10 CACHED

#11 [ 2/16] RUN apt-get update && apt-get install -y --no-install-recommends netcat-openbsd
#11 CACHED

#12 [12/16] RUN chmod +x /seedemu_worker
#12 CACHED

#13 [14/16] COPY e01e36443f9f72c6204189260d0bd276 /ifinfo.txt
#13 CACHED

#14 [ 4/16] RUN touch /usr/share/doc/bird2/examples/bird.conf
#14 CACHED

#15 [10/16] RUN chmod +x /start.sh
#15 CACHED

#16 [13/16] COPY 2b0ae038330eccd43095538618caee7d /etc/bird/bird.conf
#16 CACHED

#17 [ 5/16] COPY 92872f20cfb75af4e3e1c588b00d6484 /replace_address.sh
#17 CACHED

#18 [ 8/16] COPY d18858afc6bb66ec3a19d872077acfd2 /seedemu_sniffer
#18 CACHED

#19 [15/16] COPY d3d51fdf7f4bad30dc5db560a01ce629 /interface_setup
#19 CACHED

#20 [16/16] COPY 8e9a384ab59c7626a3ffab63886cc30f /etc/bird/conf/kernel.conf

#20 [16/16] COPY 8e9a384ab59c7626a3ffab63886cc30f /etc/bird/conf/kernel.conf

#6 [14/16] COPY e01e36443f9f72c6204189260d0bd276 /ifinfo.txt
#6 CACHED

#7 [ 8/16] COPY d18858afc6bb66ec3a19d872077acfd2 /seedemu_sniffer
#7 CACHED

#8 [ 9/16] COPY 17ac2d812a99a91e7f747e1defb72a29 /seedemu_worker
#8 CACHED

#9 [11/16] RUN chmod +x /seedemu_sniffer
#9 CACHED

#10 [13/16] COPY 2b0ae038330eccd43095538618caee7d /etc/bird/bird.conf
#10 CACHED

#11 [ 2/16] RUN apt-get update && apt-get install -y --no-install-recommends netcat-openbsd
#11 CACHED

#12 [ 3/16] RUN mkdir -p /usr/share/doc/bird2/examples/
#12 CACHED

#13 [12/16] RUN chmod +x /seedemu_worker
#13 CACHED

#14 [ 4/16] RUN touch /usr/share/doc/bird2/examples/bird.conf
#14 CACHED

#15 [ 6/16] COPY 365d27384adc9719099d1f63f2d15824 /root/.zshrc.pre
#15 CACHED

#16 [10/16] RUN chmod +x /start.sh
#16 CACHED

#17 [ 5/16] COPY 92872f20cfb75af4e3e1c588b00d6484 /replace_address.sh
#17 CACHED

#18 [ 7/16] COPY 082b96ec819c95ae773daebde675ef80 /start.sh
#18 CACHED

#19 [15/16] COPY d3d51fdf7f4bad30dc5db560a01ce629 /interface_setup

#6 [ 9/16] COPY 17ac2d812a99a91e7f747e1defb72a29 /seedemu_worker
#6 CACHED

#7 [13/16] COPY 2b0ae038330eccd43095538618caee7d /etc/bird/bird.conf
#7 CACHED

#8 [14/16] COPY e01e36443f9f72c6204189260d0bd276 /ifinfo.txt
#8 CACHED

#9 [ 7/16] COPY 082b96ec819c95ae773daebde675ef80 /start.sh
#9 CACHED

#10 [ 8/16] COPY d18858afc6bb66ec3a19d872077acfd2 /seedemu_sniffer
#10 CACHED

#11 [10/16] RUN chmod +x /start.sh
#11 CACHED

#12 [11/16] RUN chmod +x /seedemu_sniffer
#12 CACHED

#13 [ 3/16] RUN mkdir -p /usr/share/doc/bird2/examples/
#13 CACHED

#14 [ 5/16] COPY 92872f20cfb75af4e3e1c588b00d6484 /replace_address.sh
#14 CACHED

#15 [ 6/16] COPY 365d27384adc9719099d1f63f2d15824 /root/.zshrc.pre
#15 CACHED

#16 [12/16] RUN chmod +x /seedemu_worker
#16 CACHED

#17 [ 2/16] RUN apt-get update && apt-get install -y --no-install-recommends netcat-openbsd
#17 CACHED

#18 [ 4/16] RUN touch /usr/share/doc/bird2/examples/bird.conf
#18 CACHED

#19 [15/16] COPY d3d51fdf7f4bad30dc5db560a01ce629 /interface_setup

#5 [internal] load build context
#5 DONE 0.0s
#0 building with "default" instance using docker driver

#1 [internal] load build definition from Dockerfile
#1 DONE 0.0s

#5 [internal] load build context
#5 DONE 0.0s

#5 [internal] load build context
#5 DONE 0.0s

#5 [internal] load build context
#5 transferring context:

#5 [internal] load build context
#5 transferring context: 7.58kB done
#5 DONE 0.1s
#19 CACHED

#20 [16/16] COPY 8e9a384ab59c7626a3ffab63886cc30f /etc/bird/conf/kernel.conf

#1 [internal] load build definition from Dockerfile
#1 transferring dockerfile: 884B done
#1 DONE 0.2s
#19 CACHED

#20 [16/16] COPY 8e9a384ab59c7626a3ffab63886cc30f /etc/bird/conf/kernel.conf

#5 [internal] load build context
#5 transferring context: 6.76kB done
#5 DONE 0.2s
#5 transferring context: 6.76kB done
#5 DONE 0.2s
#20 DONE 1.6s
#20 DONE 1.7s
#20 DONE 1.6s
#20 DONE 1.6s

#21 exporting to image

#2 [internal] load metadata for docker.io/library/39e016aa9e819f203ebc1809245a5818:latest

#21 exporting to image

#21 exporting to image

#21 exporting to image
#2 DONE 0.1s
#21 exporting layers
#21 exporting layers
#21 exporting layers
#21 exporting layers
#21 exporting layers 0.4s done
#21 exporting manifest sha256:f468faffbee339ad3e98eed1970a3aadb124c997283f79fcf412ad7a901b2e54
#21 exporting layers 0.4s done
#21 exporting layers 0.4s done
#21 exporting layers 0.4s done
#21 exporting manifest sha256:f468faffbee339ad3e98eed1970a3aadb124c997283f79fcf412ad7a901b2e54 0.0s done
#21 exporting config sha256:010dd0d08d9fc5c8474a0d2f7f5b8873489da20daeff282ec3a72985bd3ef486 0.0s done
#21 exporting attestation manifest sha256:9596bcd8e9aeefc1fe7991e12e0b3ff2ade7d580a8285be8030706b5dddef5a1
#21 exporting manifest sha256:c30c3ed16185c95563c135793efb567bd5c43f01f8ba6e5b8426dad91032867d 0.0s done
#21 exporting config sha256:016b4f388757f31603ac46599a0c78fa4767e561530e59bd73f51d7ff704f97a 0.0s done
#21 exporting attestation manifest sha256:56462e38909297dddabe5fffe51bd0fa521bfea7a67cd06e07ca5a03a7b2cdde
#21 exporting manifest sha256:c91fa57aa798cb708bb7cf4ede4fb9de54b8a63c9f226ad955447bf7e4d60010 0.0s done
#21 exporting config sha256:8cd3e6171e8f292d0c3e7ebb5e3e4eefda1589aab651f97f0988204df279b31b 0.0s done
#21 exporting attestation manifest sha256:56fe5ed250fe83ae3d8d564bbfe7998f697140a767b29783d8e99b326c7191f7
#21 exporting manifest sha256:890d44332cf4ee2e29793dba5700044cc88c85553b0e9610ee20f8e7f05625fe 0.0s done
#21 exporting config sha256:3bbdcda45d57c3c2bf04b6d3d0a672e4332d03026aaf5da50c32060ba063f53c 0.0s done
#21 exporting attestation manifest sha256:6e87b3194ebdd4914b5f4a227235fd1f3cc41160cd5fdbc4790abf9050004d7e
#21 exporting attestation manifest sha256:9596bcd8e9aeefc1fe7991e12e0b3ff2ade7d580a8285be8030706b5dddef5a1 0.1s done
#21 exporting manifest list sha256:0b792339faf756f98cad0befcecd7ca4e1581c13f64be3b1d31333d9cde7c9f9
#21 exporting attestation manifest sha256:56462e38909297dddabe5fffe51bd0fa521bfea7a67cd06e07ca5a03a7b2cdde 0.1s done
#21 exporting manifest list sha256:83ede94dec8a27fa88527f0db0be1377eb7bea1e9d477e7b551bb8f02effecbe 0.0s done
#21 naming to 192.168.122.110:5000/brdnode_1439_r43:latest
#21 exporting attestation manifest sha256:56fe5ed250fe83ae3d8d564bbfe7998f697140a767b29783d8e99b326c7191f7 0.1s done
#21 exporting manifest list sha256:1b288415b33e8db78eff53f51b8ba2d75466a8388852d1c69e8fa81ecc581f3b 0.0s done
#21 naming to 192.168.122.110:5000/brdnode_1439_r22:latest
#21 exporting attestation manifest sha256:6e87b3194ebdd4914b5f4a227235fd1f3cc41160cd5fdbc4790abf9050004d7e 0.1s done
#21 exporting manifest list sha256:0bf4129610f85b695e797fd405b0d6b27fa0388186c849b817d2af06779265a0 0.0s done
#21 naming to 192.168.122.110:5000/brdnode_1439_r25:latest
#21 exporting manifest list sha256:0b792339faf756f98cad0befcecd7ca4e1581c13f64be3b1d31333d9cde7c9f9 0.0s done
#21 naming to 192.168.122.110:5000/brdnode_1439_r23:latest 0.0s done
#21 unpacking to 192.168.122.110:5000/brdnode_1439_r23:latest 0.1s done
#21 naming to 192.168.122.110:5000/brdnode_1439_r22:latest done
#21 unpacking to 192.168.122.110:5000/brdnode_1439_r22:latest 0.1s done
#21 naming to 192.168.122.110:5000/brdnode_1439_r43:latest 0.0s done
#21 unpacking to 192.168.122.110:5000/brdnode_1439_r43:latest 0.1s done
#21 naming to 192.168.122.110:5000/brdnode_1439_r25:latest done
#21 unpacking to 192.168.122.110:5000/brdnode_1439_r25:latest 0.1s done
#21 DONE 0.9s
#21 DONE 1.0s
#21 DONE 0.9s
#21 DONE 1.0s
+ seedemu_build_and_push 192.168.122.110:5000/brdnode_1439_r156:latest ./brdnode_1439_r156
+ seedemu_build_and_push 192.168.122.110:5000/brdnode_1439_r237:latest ./brdnode_1439_r237
+ seedemu_build_and_push 192.168.122.110:5000/brdnode_1439_r352:latest ./brdnode_1439_r352
+ seedemu_build_and_push 192.168.122.110:5000/brdnode_1439_r403:latest ./brdnode_1439_r403

#6 [13/16] COPY 2b0ae038330eccd43095538618caee7d /etc/bird/bird.conf
#6 CACHED

#7 [ 5/16] COPY 92872f20cfb75af4e3e1c588b00d6484 /replace_address.sh
#7 CACHED

#8 [ 8/16] COPY d18858afc6bb66ec3a19d872077acfd2 /seedemu_sniffer
#8 CACHED

#9 [ 3/16] RUN mkdir -p /usr/share/doc/bird2/examples/
#9 CACHED

#10 [ 7/16] COPY 082b96ec819c95ae773daebde675ef80 /start.sh
#10 CACHED

#11 [ 6/16] COPY 365d27384adc9719099d1f63f2d15824 /root/.zshrc.pre
#11 CACHED

#12 [10/16] RUN chmod +x /start.sh
#12 CACHED

#13 [11/16] RUN chmod +x /seedemu_sniffer
#13 CACHED

#14 [14/16] COPY e01e36443f9f72c6204189260d0bd276 /ifinfo.txt
#14 CACHED

#15 [ 2/16] RUN apt-get update && apt-get install -y --no-install-recommends netcat-openbsd
#15 CACHED

#16 [ 4/16] RUN touch /usr/share/doc/bird2/examples/bird.conf
#16 CACHED

#17 [ 9/16] COPY 17ac2d812a99a91e7f747e1defb72a29 /seedemu_worker
#17 CACHED

#18 [12/16] RUN chmod +x /seedemu_worker
#18 CACHED

#19 [15/16] COPY d3d51fdf7f4bad30dc5db560a01ce629 /interface_setup


#0 building with "default" instance using docker driver

#3 [internal] load .dockerignore
#1 [internal] load build definition from Dockerfile
#6 [12/16] RUN chmod +x /seedemu_worker
#3 DONE 0.0s
#6 CACHED

#7 [ 2/16] RUN apt-get update && apt-get install -y --no-install-recommends netcat-openbsd
#7 CACHED

#8 [10/16] RUN chmod +x /start.sh
#8 CACHED

#9 [14/16] COPY e01e36443f9f72c6204189260d0bd276 /ifinfo.txt
#9 CACHED

#10 [ 8/16] COPY d18858afc6bb66ec3a19d872077acfd2 /seedemu_sniffer
#10 CACHED

#11 [13/16] COPY 2b0ae038330eccd43095538618caee7d /etc/bird/bird.conf
#11 CACHED

#12 [ 5/16] COPY 92872f20cfb75af4e3e1c588b00d6484 /replace_address.sh
#12 CACHED

#13 [ 6/16] COPY 365d27384adc9719099d1f63f2d15824 /root/.zshrc.pre
#13 CACHED

#14 [ 7/16] COPY 082b96ec819c95ae773daebde675ef80 /start.sh
#14 CACHED


#15 [ 9/16] COPY 17ac2d812a99a91e7f747e1defb72a29 /seedemu_worker
#15 CACHED

#16 [11/16] RUN chmod +x /seedemu_sniffer
#6 [ 6/16] COPY 365d27384adc9719099d1f63f2d15824 /root/.zshrc.pre
#16 CACHED

#6 CACHED
#17 [ 3/16] RUN mkdir -p /usr/share/doc/bird2/examples/

#17 CACHED
#7 [13/16] COPY 2b0ae038330eccd43095538618caee7d /etc/bird/bird.conf

#7 CACHED
#18 [ 4/16] RUN touch /usr/share/doc/bird2/examples/bird.conf

#18 CACHED
#8 [ 3/16] RUN mkdir -p /usr/share/doc/bird2/examples/
#8 CACHED


#19 [15/16] COPY d3d51fdf7f4bad30dc5db560a01ce629 /interface_setup
#9 [ 4/16] RUN touch /usr/share/doc/bird2/examples/bird.conf
#9 CACHED

#10 [ 8/16] COPY d18858afc6bb66ec3a19d872077acfd2 /seedemu_sniffer
#10 CACHED

#11 [12/16] RUN chmod +x /seedemu_worker
#11 CACHED

#12 [ 2/16] RUN apt-get update && apt-get install -y --no-install-recommends netcat-openbsd
#12 CACHED

#13 [ 5/16] COPY 92872f20cfb75af4e3e1c588b00d6484 /replace_address.sh
#13 CACHED

#14 [10/16] RUN chmod +x /start.sh
#14 CACHED

#15 [ 7/16] COPY 082b96ec819c95ae773daebde675ef80 /start.sh
#15 CACHED

#16 [ 9/16] COPY 17ac2d812a99a91e7f747e1defb72a29 /seedemu_worker
#16 CACHED

#17 [11/16] RUN chmod +x /seedemu_sniffer
#17 CACHED

#18 [14/16] COPY e01e36443f9f72c6204189260d0bd276 /ifinfo.txt
#18 CACHED

#19 [15/16] COPY d3d51fdf7f4bad30dc5db560a01ce629 /interface_setup
#0 building with "default" instance using docker driver

#1 [internal] load build definition from Dockerfile
#1 DONE 0.0s
#0 building with "default" instance using docker driver

#1 [internal] load build definition from Dockerfile
#1 DONE 0.0s
#0 building with "default" instance using docker driver

#1 [internal] load build definition from Dockerfile
#1 DONE 0.0s
#1 transferring dockerfile: 884B done
#1 DONE 0.1s

#1 [internal] load build definition from Dockerfile
#1 transferring dockerfile: 884B done
#1 DONE 0.1s
#19 CACHED

#20 [16/16] COPY 8e9a384ab59c7626a3ffab63886cc30f /etc/bird/conf/kernel.conf
#19 CACHED

#20 [16/16] COPY 8e9a384ab59c7626a3ffab63886cc30f /etc/bird/conf/kernel.conf

#1 [internal] load build definition from Dockerfile
#1 transferring dockerfile: 884B done
#1 DONE 0.2s
#19 CACHED

#20 [16/16] COPY 8e9a384ab59c7626a3ffab63886cc30f /etc/bird/conf/kernel.conf

#1 [internal] load build definition from Dockerfile
#1 transferring dockerfile: 884B done
#1 DONE 0.2s

#4 [ 1/16] FROM docker.io/library/39e016aa9e819f203ebc1809245a5818:latest@sha256:43a6b8a656b4d087c7baad939091f8a4e19bfade899129aaa2d7fd409433266e
#4 resolve docker.io/library/39e016aa9e819f203ebc1809245a5818:latest@sha256:43a6b8a656b4d087c7baad939091f8a4e19bfade899129aaa2d7fd409433266e 0.0s done
#4 DONE 0.0s

#3 [internal] load .dockerignore
#3 transferring context: 2B done
#3 DONE 0.1s

#5 [internal] load build context

#2 [internal] load metadata for docker.io/library/39e016aa9e819f203ebc1809245a5818:latest
#2 DONE 0.1s

#2 [internal] load metadata for docker.io/library/39e016aa9e819f203ebc1809245a5818:latest
#2 DONE 0.0s

#3 [internal] load .dockerignore
#3 transferring context:

#2 [internal] load metadata for docker.io/library/39e016aa9e819f203ebc1809245a5818:latest
#2 DONE 0.1s

#2 [internal] load metadata for docker.io/library/39e016aa9e819f203ebc1809245a5818:latest
#2 DONE 0.0s

#3 [internal] load .dockerignore
#3 transferring context: 2B done
#3 DONE 0.1s

#3 [internal] load .dockerignore
#3 transferring context: 2B done
#3 DONE 0.1s
#5 transferring context: 7.59kB done
#5 DONE 0.2s
#3 transferring context: 2B done
#3 DONE 0.2s
#20 DONE 1.4s
#20 DONE 1.4s
#20 DONE 1.4s

#21 exporting to image

#4 [ 1/16] FROM docker.io/library/39e016aa9e819f203ebc1809245a5818:latest@sha256:43a6b8a656b4d087c7baad939091f8a4e19bfade899129aaa2d7fd409433266e
#4 resolve docker.io/library/39e016aa9e819f203ebc1809245a5818:latest@sha256:43a6b8a656b4d087c7baad939091f8a4e19bfade899129aaa2d7fd409433266e 0.0s done
#4 DONE 0.0s

#21 exporting to image

#4 [ 1/16] FROM docker.io/library/39e016aa9e819f203ebc1809245a5818:latest@sha256:43a6b8a656b4d087c7baad939091f8a4e19bfade899129aaa2d7fd409433266e

#4 resolve docker.io/library/39e016aa9e819f203ebc1809245a5818:latest@sha256:43a6b8a656b4d087c7baad939091f8a4e19bfade899129aaa2d7fd409433266e 0.0s done
#4 [ 1/16] FROM docker.io/library/39e016aa9e819f203ebc1809245a5818:latest@sha256:43a6b8a656b4d087c7baad939091f8a4e19bfade899129aaa2d7fd409433266e
#4 DONE 0.0s
#4 resolve docker.io/library/39e016aa9e819f203ebc1809245a5818:latest@sha256:43a6b8a656b4d087c7baad939091f8a4e19bfade899129aaa2d7fd409433266e 0.0s done
#4 DONE 0.0s

#21 exporting to image

#3 [internal] load .dockerignore
#3 DONE 0.0s

#5 [internal] load build context
#5 DONE 0.0s


#5 [internal] load build context
#5 [internal] load build context
#5 DONE 0.0s
#5 DONE 0.0s

#6 [ 5/16] COPY 92872f20cfb75af4e3e1c588b00d6484 /replace_address.sh
#6 CACHED

#7 [ 8/16] COPY d18858afc6bb66ec3a19d872077acfd2 /seedemu_sniffer
#7 CACHED

#8 [11/16] RUN chmod +x /seedemu_sniffer
#8 CACHED

#9 [14/16] COPY e01e36443f9f72c6204189260d0bd276 /ifinfo.txt
#9 CACHED

#10 [ 3/16] RUN mkdir -p /usr/share/doc/bird2/examples/
#10 CACHED

#11 [ 4/16] RUN touch /usr/share/doc/bird2/examples/bird.conf
#11 CACHED

#12 [ 7/16] COPY 082b96ec819c95ae773daebde675ef80 /start.sh
#12 CACHED

#13 [ 9/16] COPY 17ac2d812a99a91e7f747e1defb72a29 /seedemu_worker
#13 CACHED

#14 [ 2/16] RUN apt-get update && apt-get install -y --no-install-recommends netcat-openbsd
#14 CACHED

#15 [10/16] RUN chmod +x /start.sh
#15 CACHED

#16 [12/16] RUN chmod +x /seedemu_worker
#16 CACHED

#17 [13/16] COPY 2b0ae038330eccd43095538618caee7d /etc/bird/bird.conf
#17 CACHED

#18 [ 6/16] COPY 365d27384adc9719099d1f63f2d15824 /root/.zshrc.pre
#18 CACHED

#19 [15/16] COPY d3d51fdf7f4bad30dc5db560a01ce629 /interface_setup
#21 exporting layers
#21 exporting layers
#21 exporting layers
#21 exporting layers 0.2s done
#21 exporting layers 0.2s done
#21 exporting layers 0.2s done
#21 exporting manifest sha256:859dd1409e8765f3d3972647ef0879af66112d7859abd699448c062374482c2c 0.1s done
#21 exporting config sha256:f1c85d7ed01b0a91988c8f047011c7889a150df9de3188866ae43c9c4317fb80
#19 CACHED

#20 [16/16] COPY 8e9a384ab59c7626a3ffab63886cc30f /etc/bird/conf/kernel.conf

#5 [internal] load build context
#5 transferring context: 6.78kB done
#5 DONE 0.0s

#5 [internal] load build context
#5 transferring context: 6.78kB done
#5 DONE 0.0s

#4 [ 1/16] FROM docker.io/library/39e016aa9e819f203ebc1809245a5818:latest@sha256:43a6b8a656b4d087c7baad939091f8a4e19bfade899129aaa2d7fd409433266e
#4 resolve docker.io/library/39e016aa9e819f203ebc1809245a5818:latest@sha256:43a6b8a656b4d087c7baad939091f8a4e19bfade899129aaa2d7fd409433266e 0.0s done
#4 DONE 0.0s

#3 [internal] load .dockerignore
#3 transferring context: 2B done
#3 DONE 0.0s

#5 [internal] load build context
#5 DONE 0.0s

#5 [internal] load build context
#5 transferring context: 6.78kB done
#5 DONE 0.0s
#21 exporting manifest sha256:aa4aafc70157c30cd826a77e6e20251d8be34ddae60845dad53639d5258c4785 0.1s done
#21 exporting config sha256:42a2dc461a53ce2568e50e708985cb6145e19feff5cd2c60c70d36d28a01b582
#21 exporting config sha256:42a2dc461a53ce2568e50e708985cb6145e19feff5cd2c60c70d36d28a01b582 0.2s done
#21 exporting manifest sha256:42de8754660ac58fec8b2e315174f027b71659c0e2f0638afc3d86a602a1a332 0.1s done
#21 exporting config sha256:7231814decdad53b8e3ee9bb5f63aa7b98a5dcb2ad184131eb4f5af61218cf4b
#21 exporting config sha256:7231814decdad53b8e3ee9bb5f63aa7b98a5dcb2ad184131eb4f5af61218cf4b 0.2s done
#21 exporting config sha256:f1c85d7ed01b0a91988c8f047011c7889a150df9de3188866ae43c9c4317fb80 0.2s done
#21 exporting attestation manifest sha256:8f5c662e6d8218b94070ba6b5410d04a09022ede4870f5549d32e364ede664ac
#21 exporting attestation manifest sha256:ccfc4c7b233ffa2b078e20b828206a0de8a95bd3b5a8e3a927514a50c79054d1
#21 exporting attestation manifest sha256:679f9674ea98aa0037a936e2aabc945ca03029a55747396dc7b29647b8e50452
#20 DONE 0.7s
#21 exporting attestation manifest sha256:8f5c662e6d8218b94070ba6b5410d04a09022ede4870f5549d32e364ede664ac 0.2s done
#21 exporting manifest list sha256:b2b66623730a0b0afbcc662699586d437634fcdf10c5d073a9028e703793de7d
#21 exporting attestation manifest sha256:ccfc4c7b233ffa2b078e20b828206a0de8a95bd3b5a8e3a927514a50c79054d1 0.2s done
#21 exporting manifest list sha256:dd2603730f167e72a011ab75a3d478be51655dd844782a6de7eb00a2523e464d
#21 exporting attestation manifest sha256:679f9674ea98aa0037a936e2aabc945ca03029a55747396dc7b29647b8e50452 0.1s done
#21 exporting manifest list sha256:9e3e337829ecb9597f3a6beb6b3ba9ea59b5e15f54d216e072aa9c8b20791941
#21 exporting manifest list sha256:dd2603730f167e72a011ab75a3d478be51655dd844782a6de7eb00a2523e464d 0.0s done
#21 naming to 192.168.122.110:5000/brdnode_1439_r24:latest done
#21 unpacking to 192.168.122.110:5000/brdnode_1439_r24:latest 0.1s done
#21 exporting manifest list sha256:9e3e337829ecb9597f3a6beb6b3ba9ea59b5e15f54d216e072aa9c8b20791941 0.0s done
#21 naming to 192.168.122.110:5000/brdnode_1439_r71:latest done
#21 unpacking to 192.168.122.110:5000/brdnode_1439_r71:latest 0.1s done
#21 exporting manifest list sha256:b2b66623730a0b0afbcc662699586d437634fcdf10c5d073a9028e703793de7d 0.0s done
#21 naming to 192.168.122.110:5000/brdnode_1439_r74:latest 0.0s done
#21 unpacking to 192.168.122.110:5000/brdnode_1439_r74:latest 0.1s done
#21 DONE 1.1s
#21 DONE 1.1s
#21 DONE 1.1s

#5 [internal] load build context

#21 exporting to image
#21 exporting layers 0.1s done
#5 transferring context: 6.78kB done
#5 DONE 0.1s
#21 exporting manifest sha256:5e14b7aac7dab041188a5c89b007c69c155f75472b341df21b5174537b1aae40 0.0s done
#21 exporting config sha256:b4d4fbbd2f0397b19bc4ac9590607e2772ed7e436227f815458716f2a2ad88c8 0.0s done
#21 exporting attestation manifest sha256:5a1167f041e66c987dbe6a32ad77af37da9739618c0f67dcb1e40665f21f3d06 0.0s done
#21 exporting manifest list sha256:ef85f5134102bdb5b8c39510a23534d1b1768e5921bcf4f05c2dcd54f15c9164 0.0s done
#21 naming to 192.168.122.110:5000/brdnode_1439_r122:latest done
#21 unpacking to 192.168.122.110:5000/brdnode_1439_r122:latest
+ seedemu_build_and_push 192.168.122.110:5000/brdnode_1439_r495:latest ./brdnode_1439_r495
+ seedemu_build_and_push 192.168.122.110:5000/brdnode_1439_r518:latest ./brdnode_1439_r518
+ seedemu_build_and_push 192.168.122.110:5000/brdnode_2010_r23:latest ./brdnode_2010_r23
#21 unpacking to 192.168.122.110:5000/brdnode_1439_r122:latest 0.1s done
#21 DONE 0.4s
+ seedemu_build_and_push 192.168.122.110:5000/brdnode_2010_r106:latest ./brdnode_2010_r106

#6 [10/16] RUN chmod +x /start.sh
#6 CACHED

#7 [11/16] RUN chmod +x /seedemu_sniffer
#7 CACHED

#8 [12/16] RUN chmod +x /seedemu_worker
#8 CACHED

#9 [ 2/16] RUN apt-get update && apt-get install -y --no-install-recommends netcat-openbsd
#9 CACHED

#10 [ 4/16] RUN touch /usr/share/doc/bird2/examples/bird.conf
#10 CACHED

#11 [ 5/16] COPY 92872f20cfb75af4e3e1c588b00d6484 /replace_address.sh
#11 CACHED

#12 [ 8/16] COPY d18858afc6bb66ec3a19d872077acfd2 /seedemu_sniffer
#12 CACHED

#13 [13/16] COPY 2b0ae038330eccd43095538618caee7d /etc/bird/bird.conf
#13 CACHED

#14 [14/16] COPY e01e36443f9f72c6204189260d0bd276 /ifinfo.txt
#14 CACHED

#15 [ 6/16] COPY 365d27384adc9719099d1f63f2d15824 /root/.zshrc.pre
#15 CACHED

#16 [ 7/16] COPY 082b96ec819c95ae773daebde675ef80 /start.sh
#16 CACHED

#17 [ 3/16] RUN mkdir -p /usr/share/doc/bird2/examples/
#17 CACHED

#18 [ 9/16] COPY 17ac2d812a99a91e7f747e1defb72a29 /seedemu_worker
#18 CACHED

#19 [15/16] COPY d3d51fdf7f4bad30dc5db560a01ce629 /interface_setup

#6 [ 2/16] RUN apt-get update && apt-get install -y --no-install-recommends netcat-openbsd
#6 CACHED

#7 [ 3/16] RUN mkdir -p /usr/share/doc/bird2/examples/
#7 CACHED

#8 [ 7/16] COPY 082b96ec819c95ae773daebde675ef80 /start.sh
#8 CACHED

#9 [ 8/16] COPY d18858afc6bb66ec3a19d872077acfd2 /seedemu_sniffer
#9 CACHED

#10 [ 9/16] COPY 17ac2d812a99a91e7f747e1defb72a29 /seedemu_worker
#10 CACHED

#11 [10/16] RUN chmod +x /start.sh
#11 CACHED

#12 [14/16] COPY e01e36443f9f72c6204189260d0bd276 /ifinfo.txt
#12 CACHED
#0 building with "default" instance using docker driver


#13 [ 4/16] RUN touch /usr/share/doc/bird2/examples/bird.conf
#13 CACHED
#1 [internal] load build definition from Dockerfile

#14 [ 5/16] COPY 92872f20cfb75af4e3e1c588b00d6484 /replace_address.sh
#14 CACHED

#1 DONE 0.0s
#15 [ 6/16] COPY 365d27384adc9719099d1f63f2d15824 /root/.zshrc.pre
#15 CACHED

#16 [11/16] RUN chmod +x /seedemu_sniffer
#16 CACHED

#17 [12/16] RUN chmod +x /seedemu_worker

#17 CACHED

#18 [13/16] COPY 2b0ae038330eccd43095538618caee7d /etc/bird/bird.conf
#18 CACHED
#6 [12/16] RUN chmod +x /seedemu_worker
#6 CACHED


#19 [15/16] COPY d3d51fdf7f4bad30dc5db560a01ce629 /interface_setup
#7 [ 4/16] RUN touch /usr/share/doc/bird2/examples/bird.conf
#7 CACHED

#8 [ 8/16] COPY d18858afc6bb66ec3a19d872077acfd2 /seedemu_sniffer
#8 CACHED

#9 [13/16] COPY 2b0ae038330eccd43095538618caee7d /etc/bird/bird.conf
#9 CACHED

#10 [14/16] COPY e01e36443f9f72c6204189260d0bd276 /ifinfo.txt
#10 CACHED

#11 [ 5/16] COPY 92872f20cfb75af4e3e1c588b00d6484 /replace_address.sh
#11 CACHED

#12 [ 6/16] COPY 365d27384adc9719099d1f63f2d15824 /root/.zshrc.pre
#12 CACHED

#13 [ 7/16] COPY 082b96ec819c95ae773daebde675ef80 /start.sh
#13 CACHED

#14 [ 3/16] RUN mkdir -p /usr/share/doc/bird2/examples/
#14 CACHED

#15 [ 2/16] RUN apt-get update && apt-get install -y --no-install-recommends netcat-openbsd
#15 CACHED

#16 [ 9/16] COPY 17ac2d812a99a91e7f747e1defb72a29 /seedemu_worker
#16 CACHED

#17 [10/16] RUN chmod +x /start.sh
#17 CACHED

#18 [11/16] RUN chmod +x /seedemu_sniffer
#18 CACHED

#19 [15/16] COPY d3d51fdf7f4bad30dc5db560a01ce629 /interface_setup
#19 CACHED

#20 [16/16] COPY 8e9a384ab59c7626a3ffab63886cc30f /etc/bird/conf/kernel.conf
#19 CACHED
#19 CACHED

#1 [internal] load build definition from Dockerfile
#1 transferring dockerfile:

#20 [16/16] COPY 8e9a384ab59c7626a3ffab63886cc30f /etc/bird/conf/kernel.conf

#20 [16/16] COPY 8e9a384ab59c7626a3ffab63886cc30f /etc/bird/conf/kernel.conf
#0 building with "default" instance using docker driver

#0 building with "default" instance using docker driver

#0 building with "default" instance using docker driver


#1 [internal] load build definition from Dockerfile
#1 [internal] load build definition from Dockerfile
#1 [internal] load build definition from Dockerfile
#1 DONE 0.0s
#1 DONE 0.0s
#1 DONE 0.0s
#6 [ 9/16] COPY 17ac2d812a99a91e7f747e1defb72a29 /seedemu_worker
#6 CACHED

#7 [ 3/16] RUN mkdir -p /usr/share/doc/bird2/examples/
#7 CACHED

#8 [11/16] RUN chmod +x /seedemu_sniffer
#8 CACHED

#9 [12/16] RUN chmod +x /seedemu_worker
#9 CACHED

#10 [13/16] COPY 2b0ae038330eccd43095538618caee7d /etc/bird/bird.conf
#10 CACHED

#11 [ 2/16] RUN apt-get update && apt-get install -y --no-install-recommends netcat-openbsd
#11 CACHED

#12 [ 8/16] COPY d18858afc6bb66ec3a19d872077acfd2 /seedemu_sniffer
#12 CACHED

#13 [10/16] RUN chmod +x /start.sh
#13 CACHED

#14 [14/16] COPY e01e36443f9f72c6204189260d0bd276 /ifinfo.txt
#14 CACHED

#15 [ 4/16] RUN touch /usr/share/doc/bird2/examples/bird.conf
#15 CACHED

#16 [ 5/16] COPY 92872f20cfb75af4e3e1c588b00d6484 /replace_address.sh
#16 CACHED

#17 [ 6/16] COPY 365d27384adc9719099d1f63f2d15824 /root/.zshrc.pre
#17 CACHED

#18 [ 7/16] COPY 082b96ec819c95ae773daebde675ef80 /start.sh
#18 CACHED

#19 [15/16] COPY d3d51fdf7f4bad30dc5db560a01ce629 /interface_setup
#1 transferring dockerfile: 884B done
#1 DONE 0.4s

#2 [internal] load metadata for docker.io/library/39e016aa9e819f203ebc1809245a5818:latest
#2 DONE 0.1s

#1 [internal] load build definition from Dockerfile
#1 transferring dockerfile: 884B done
#1 DONE 0.1s

#2 [internal] load metadata for docker.io/library/39e016aa9e819f203ebc1809245a5818:latest

#3 [ 1/16] FROM docker.io/library/39e016aa9e819f203ebc1809245a5818:latest@sha256:43a6b8a656b4d087c7baad939091f8a4e19bfade899129aaa2d7fd409433266e
#3 resolve docker.io/library/39e016aa9e819f203ebc1809245a5818:latest@sha256:43a6b8a656b4d087c7baad939091f8a4e19bfade899129aaa2d7fd409433266e 0.0s done
#3 DONE 0.0s

#4 [internal] load .dockerignore
#4 transferring context: 2B done
#4 DONE 0.1s
#19 CACHED

#20 [16/16] COPY 8e9a384ab59c7626a3ffab63886cc30f /etc/bird/conf/kernel.conf

#1 [internal] load build definition from Dockerfile
#1 transferring dockerfile: 884B done
#1 DONE 0.2s

#1 [internal] load build definition from Dockerfile
#1 transferring dockerfile: 884B done
#2 DONE 0.1s
#1 DONE 0.2s

#5 [internal] load build context

#2 [internal] load metadata for docker.io/library/39e016aa9e819f203ebc1809245a5818:latest
#2 DONE 0.0s

#3 [internal] load .dockerignore
#3 transferring context: 2B done
#3 DONE 0.1s

#3 [ 1/16] FROM docker.io/library/39e016aa9e819f203ebc1809245a5818:latest@sha256:43a6b8a656b4d087c7baad939091f8a4e19bfade899129aaa2d7fd409433266e
#3 resolve docker.io/library/39e016aa9e819f203ebc1809245a5818:latest@sha256:43a6b8a656b4d087c7baad939091f8a4e19bfade899129aaa2d7fd409433266e 0.0s done
#3 DONE 0.0s

#4 [internal] load .dockerignore
#4 transferring context: 2B done
#4 DONE 0.0s

#5 [internal] load build context
#5 transferring context: 6.77kB done

#2 [internal] load metadata for docker.io/library/39e016aa9e819f203ebc1809245a5818:latest
#2 DONE 0.1s

#3 [internal] load .dockerignore
#3 transferring context: 2B done
#3 DONE 0.0s
#5 transferring context: 6.78kB done
#5 DONE 0.1s

#4 [ 1/16] FROM docker.io/library/39e016aa9e819f203ebc1809245a5818:latest@sha256:43a6b8a656b4d087c7baad939091f8a4e19bfade899129aaa2d7fd409433266e
#4 resolve docker.io/library/39e016aa9e819f203ebc1809245a5818:latest@sha256:43a6b8a656b4d087c7baad939091f8a4e19bfade899129aaa2d7fd409433266e 0.0s done
#4 DONE 0.0s
#5 DONE 0.0s
#20 DONE 1.4s
#20 DONE 0.7s
#20 DONE 0.8s
#20 DONE 0.6s

#21 exporting to image

#21 exporting to image

#4 [ 1/16] FROM docker.io/library/39e016aa9e819f203ebc1809245a5818:latest@sha256:43a6b8a656b4d087c7baad939091f8a4e19bfade899129aaa2d7fd409433266e
#4 resolve docker.io/library/39e016aa9e819f203ebc1809245a5818:latest@sha256:43a6b8a656b4d087c7baad939091f8a4e19bfade899129aaa2d7fd409433266e 0.0s done
#4 DONE 0.0s

#21 exporting to image

#21 exporting to image
#21 exporting layers
#21 exporting layers
#21 exporting layers
#21 exporting layers

#6 [11/16] RUN chmod +x /seedemu_sniffer
#6 CACHED

#7 [ 8/16] COPY d18858afc6bb66ec3a19d872077acfd2 /seedemu_sniffer
#7 CACHED

#8 [10/16] RUN chmod +x /start.sh
#8 CACHED

#9 [12/16] RUN chmod +x /seedemu_worker
#9 CACHED

#10 [13/16] COPY 2b0ae038330eccd43095538618caee7d /etc/bird/bird.conf
#10 CACHED

#11 [ 2/16] RUN apt-get update && apt-get install -y --no-install-recommends netcat-openbsd
#11 CACHED

#12 [ 3/16] RUN mkdir -p /usr/share/doc/bird2/examples/
#12 CACHED

#13 [ 4/16] RUN touch /usr/share/doc/bird2/examples/bird.conf
#13 CACHED

#14 [ 5/16] COPY 92872f20cfb75af4e3e1c588b00d6484 /replace_address.sh
#14 CACHED

#15 [ 9/16] COPY 17ac2d812a99a91e7f747e1defb72a29 /seedemu_worker
#15 CACHED

#16 [14/16] COPY e01e36443f9f72c6204189260d0bd276 /ifinfo.txt
#16 CACHED

#17 [ 6/16] COPY 365d27384adc9719099d1f63f2d15824 /root/.zshrc.pre
#17 CACHED

#18 [ 7/16] COPY 082b96ec819c95ae773daebde675ef80 /start.sh
#18 CACHED

#19 [15/16] COPY d3d51fdf7f4bad30dc5db560a01ce629 /interface_setup
#21 exporting layers 0.2s done
#21 exporting layers 0.2s done
#21 exporting layers 0.2s done
#21 exporting layers 0.2s done
#21 exporting manifest sha256:2d053f350b94611f47d8fe428b26d6aa300425a2b91839bc29c45890a081f13a 0.1s done
#21 exporting config sha256:cd9d156aeb31119e0728422b38261d214a11485ac3682f00690b5c330e9ad2f1
#19 CACHED
#21 exporting manifest sha256:f4ccdd8a7438de839c445c3177ce2b7122a0a4b451b90947aab4109cf9ffe901
#21 exporting manifest sha256:56f89d1169fbce9ba7af15eb19d2ceb7dba51c8fd017947f6f3bdcec506178d9 0.0s done
#21 exporting config sha256:aebd5ecd75e3e3042ad1bf4ad72792950b2d75a51fe9c50c357687217d0ab024
#21 exporting manifest sha256:f4ccdd8a7438de839c445c3177ce2b7122a0a4b451b90947aab4109cf9ffe901 0.2s done
#21 exporting config sha256:897198ddb9a6b28f42cc4396d78aab0359ebdfb70a2ae182e715b71ba6412baf
#21 exporting manifest sha256:e454d019b17cd7dbfea9f9db8b8962ea98315f7e0734b4af7fea5ce23c96b1a0 0.1s done
#21 exporting config sha256:e25cf60c60d9f0538b399ad219e420eabcb81a10a9ce1d3fe967683873a74f49
#21 exporting config sha256:aebd5ecd75e3e3042ad1bf4ad72792950b2d75a51fe9c50c357687217d0ab024 0.3s done
#21 exporting config sha256:e25cf60c60d9f0538b399ad219e420eabcb81a10a9ce1d3fe967683873a74f49 0.4s done
#21 exporting config sha256:cd9d156aeb31119e0728422b38261d214a11485ac3682f00690b5c330e9ad2f1 0.3s done
#21 exporting config sha256:897198ddb9a6b28f42cc4396d78aab0359ebdfb70a2ae182e715b71ba6412baf 0.3s done
#21 exporting attestation manifest sha256:a6edc56c804ad5f84cd70633480663c4c21372287446e12eb963f7adb3e5e0bc
#21 exporting attestation manifest sha256:cc56e8b442226ba64ad0d80b2518cf55323752d73caa827f0965e5026ddeb66b
#21 exporting attestation manifest sha256:2aaec811ad1b98d579a0988080ff1517f8fc801f6546df1ff88d08b43870918c
#21 exporting attestation manifest sha256:e52509fa39e704d5391378eb0881bda1ca89960c322c5b4d937f0e58db04f743
#21 exporting attestation manifest sha256:a6edc56c804ad5f84cd70633480663c4c21372287446e12eb963f7adb3e5e0bc 0.1s done
#21 exporting manifest list sha256:c3c3d83255653ea3075a73e6e966754d41550da86f85d4d154a0e354a2cdd04c 0.1s done
#21 naming to 192.168.122.110:5000/brdnode_1439_r403:latest
#21 exporting attestation manifest sha256:cc56e8b442226ba64ad0d80b2518cf55323752d73caa827f0965e5026ddeb66b 0.1s done
#21 exporting manifest list sha256:25069383b14dfbe907127b8b5f31b3a31a71d5033501b311d837310489277e13 0.0s done
#21 naming to 192.168.122.110:5000/brdnode_1439_r156:latest
#21 exporting attestation manifest sha256:2aaec811ad1b98d579a0988080ff1517f8fc801f6546df1ff88d08b43870918c 0.1s done
#21 exporting manifest list sha256:b07b98cf1e5890fc3c24c519e88c5ae0e5a3a9d556220938d950b5eda6aebc47 0.0s done
#21 naming to 192.168.122.110:5000/brdnode_1439_r352:latest
#21 exporting attestation manifest sha256:e52509fa39e704d5391378eb0881bda1ca89960c322c5b4d937f0e58db04f743 0.1s done
#21 exporting manifest list sha256:4c08c3a16463dbef8b11f13f8721745590c7f9aeca7d0ef065ef2b25debc2e28 0.0s done
#21 naming to 192.168.122.110:5000/brdnode_1439_r237:latest
#21 naming to 192.168.122.110:5000/brdnode_1439_r156:latest 0.0s done
#21 unpacking to 192.168.122.110:5000/brdnode_1439_r156:latest 0.1s done
#21 DONE 1.2s
#21 naming to 192.168.122.110:5000/brdnode_1439_r403:latest 0.0s done
#21 unpacking to 192.168.122.110:5000/brdnode_1439_r403:latest 0.1s done
#21 DONE 1.2s
#21 naming to 192.168.122.110:5000/brdnode_1439_r352:latest 0.0s done
#21 unpacking to 192.168.122.110:5000/brdnode_1439_r352:latest 0.1s done
#21 naming to 192.168.122.110:5000/brdnode_1439_r237:latest done
#21 unpacking to 192.168.122.110:5000/brdnode_1439_r237:latest 0.1s done
#21 DONE 1.2s
#21 DONE 1.3s
+ seedemu_build_and_push 192.168.122.110:5000/brdnode_2010_r206:latest ./brdnode_2010_r206
+ seedemu_build_and_push 192.168.122.110:5000/brdnode_2010_r237:latest ./brdnode_2010_r237
+ seedemu_build_and_push 192.168.122.110:5000/brdnode_2010_r339:latest ./brdnode_2010_r339
+ seedemu_build_and_push 192.168.122.110:5000/brdnode_2010_r403:latest ./brdnode_2010_r403

#20 [16/16] COPY 8e9a384ab59c7626a3ffab63886cc30f /etc/bird/conf/kernel.conf

#6 [ 5/16] COPY 92872f20cfb75af4e3e1c588b00d6484 /replace_address.sh
#6 CACHED

#7 [ 6/16] COPY 365d27384adc9719099d1f63f2d15824 /root/.zshrc.pre
#7 CACHED

#8 [11/16] RUN chmod +x /seedemu_sniffer
#8 CACHED

#9 [13/16] COPY 2b0ae038330eccd43095538618caee7d /etc/bird/bird.conf
#9 CACHED

#10 [ 7/16] COPY 082b96ec819c95ae773daebde675ef80 /start.sh
#10 CACHED

#11 [10/16] RUN chmod +x /start.sh
#11 CACHED

#12 [ 9/16] COPY 17ac2d812a99a91e7f747e1defb72a29 /seedemu_worker
#12 CACHED

#13 [12/16] RUN chmod +x /seedemu_worker
#13 CACHED

#14 [14/16] COPY e01e36443f9f72c6204189260d0bd276 /ifinfo.txt
#14 CACHED

#15 [ 2/16] RUN apt-get update && apt-get install -y --no-install-recommends netcat-openbsd
#15 CACHED

#16 [ 4/16] RUN touch /usr/share/doc/bird2/examples/bird.conf
#16 CACHED

#17 [ 8/16] COPY d18858afc6bb66ec3a19d872077acfd2 /seedemu_sniffer
#17 CACHED

#18 [ 3/16] RUN mkdir -p /usr/share/doc/bird2/examples/
#18 CACHED

#19 [15/16] COPY d3d51fdf7f4bad30dc5db560a01ce629 /interface_setup

#5 [internal] load build context
#5 DONE 0.0s

#5 [internal] load build context
#5 DONE 0.0s
#0 building with "default" instance using docker driver

#1 [internal] load build definition from Dockerfile
#1 transferring dockerfile:

#5 [internal] load build context
#5 transferring context: 6.77kB done
#5 DONE 0.1s

#5 [internal] load build context
#5 transferring context: 9.33kB done
#5 DONE 0.2s
#19 CACHED

#20 [16/16] COPY 8e9a384ab59c7626a3ffab63886cc30f /etc/bird/conf/kernel.conf
#1 transferring dockerfile: 884B done
#1 DONE 0.1s

#2 [internal] load metadata for docker.io/library/39e016aa9e819f203ebc1809245a5818:latest
#2 DONE 0.1s
#0 building with "default" instance using docker driver

#1 [internal] load build definition from Dockerfile
#1 transferring dockerfile: 884B done
#1 DONE 0.1s
#20 DONE 1.2s
#20 DONE 1.2s

#2 [internal] load metadata for docker.io/library/39e016aa9e819f203ebc1809245a5818:latest

#21 exporting to image

#21 exporting to image
#21 exporting layers
#21 exporting layers
#21 exporting layers 0.2s done
#21 exporting layers 0.2s done
#2 DONE 0.1s
#21 exporting manifest sha256:c19a3ec6cb738d407ff2033047ea2c19ad8e0de260b7941b6ee97a62d803dcd2 0.0s done
#21 exporting config sha256:352cc24e9f29573196d3e513af7334c75dbf0ac67cf44c8b64e5586d7178e498 0.0s done
#21 exporting attestation manifest sha256:f2035cd2df09d8d9b4e6804b2f7b7c6179dc6da5336fdec61fdc2129ecf689f9 0.0s done
#21 exporting manifest list sha256:4f5405f2d7b56261dae4504655dace8ec5b89eb0417ecfc72f381dd2b2a10d3e 0.0s done
#21 naming to 192.168.122.110:5000/brdnode_1439_r495:latest
#21 exporting manifest sha256:c6d02d16fd4afb36ef8dc315c380ed1d55da716bc9fd4a081527a946b9a0b41b 0.0s done
#21 exporting config sha256:27e364370ed0795b33a4d1e3f54e5ba5c374cc29e8109eb259620561ec151ddc 0.0s done
#21 exporting attestation manifest sha256:9ab308885c09f7bfa171c9a4b32fbc2f166970354b23f77739cd3e982376bb0f 0.0s done
#21 exporting manifest list sha256:2b5667db1ac548bfc36f86276720a54069af705c53135f625125971d979a671f 0.0s done
#21 naming to 192.168.122.110:5000/brdnode_2010_r106:latest
#21 naming to 192.168.122.110:5000/brdnode_2010_r106:latest done
#21 unpacking to 192.168.122.110:5000/brdnode_2010_r106:latest 0.1s done
#21 naming to 192.168.122.110:5000/brdnode_1439_r495:latest done
#21 unpacking to 192.168.122.110:5000/brdnode_1439_r495:latest 0.1s done
#21 DONE 0.5s
#21 DONE 0.5s
+ seedemu_build_and_push 192.168.122.110:5000/brdnode_2010_r533:latest ./brdnode_2010_r533
+ seedemu_build_and_push 192.168.122.110:5000/rs_ix_ix259:latest ./rs_ix_ix259

#6 [ 5/16] COPY 92872f20cfb75af4e3e1c588b00d6484 /replace_address.sh
#6 CACHED

#6 [ 2/16] RUN apt-get update && apt-get install -y --no-install-recommends netcat-openbsd
#6 CACHED


#7 [ 4/16] RUN touch /usr/share/doc/bird2/examples/bird.conf
#7 CACHED
#7 [ 7/16] COPY 082b96ec819c95ae773daebde675ef80 /start.sh

#8 [ 7/16] COPY 082b96ec819c95ae773daebde675ef80 /start.sh
#7 CACHED
#8 CACHED


#9 [ 9/16] COPY 17ac2d812a99a91e7f747e1defb72a29 /seedemu_worker
#9 CACHED
#8 [10/16] RUN chmod +x /start.sh

#10 [10/16] RUN chmod +x /start.sh
#8 CACHED
#10 CACHED

#11 [ 3/16] RUN mkdir -p /usr/share/doc/bird2/examples/

#11 CACHED

#9 [11/16] RUN chmod +x /seedemu_sniffer
#12 [ 5/16] COPY 92872f20cfb75af4e3e1c588b00d6484 /replace_address.sh
#12 CACHED
#9 CACHED

#13 [12/16] RUN chmod +x /seedemu_worker
#13 CACHED


#14 [14/16] COPY e01e36443f9f72c6204189260d0bd276 /ifinfo.txt
#10 [ 2/16] RUN apt-get update && apt-get install -y --no-install-recommends netcat-openbsd
#14 CACHED

#10 CACHED
#15 [11/16] RUN chmod +x /seedemu_sniffer
#15 CACHED


#16 [ 6/16] COPY 365d27384adc9719099d1f63f2d15824 /root/.zshrc.pre
#11 [ 4/16] RUN touch /usr/share/doc/bird2/examples/bird.conf
#16 CACHED
#11 CACHED

#17 [ 8/16] COPY d18858afc6bb66ec3a19d872077acfd2 /seedemu_sniffer

#17 CACHED

#12 [ 8/16] COPY d18858afc6bb66ec3a19d872077acfd2 /seedemu_sniffer
#18 [13/16] COPY 2b0ae038330eccd43095538618caee7d /etc/bird/bird.conf
#18 CACHED
#12 CACHED

#19 [15/16] COPY d3d51fdf7f4bad30dc5db560a01ce629 /interface_setup

#13 [ 9/16] COPY 17ac2d812a99a91e7f747e1defb72a29 /seedemu_worker
#13 CACHED

#14 [ 3/16] RUN mkdir -p /usr/share/doc/bird2/examples/
#14 CACHED

#15 [ 6/16] COPY 365d27384adc9719099d1f63f2d15824 /root/.zshrc.pre
#15 CACHED

#16 [12/16] RUN chmod +x /seedemu_worker
#0 building with "default" instance using docker driver

#1 [internal] load build definition from Dockerfile

#1 DONE 0.0s
#3 [internal] load .dockerignore
#3 DONE 0.0s
#0 building with "default" instance using docker driver

#1 [internal] load build definition from Dockerfile
#1 DONE 0.0s

#3 [internal] load .dockerignore
#3 DONE 0.0s
#0 building with "default" instance using docker driver

#0 building with "default" instance using docker driver

#1 [internal] load build definition from Dockerfile
#1 [internal] load build definition from Dockerfile
#1 DONE 0.0s
#1 DONE 0.0s

#1 [internal] load build definition from Dockerfile

#1 [internal] load build definition from Dockerfile
#1 transferring dockerfile: 884B done
#1 transferring dockerfile: 884B done
#1 DONE 0.0s
#1 DONE 0.0s


#2 [internal] load metadata for docker.io/library/39e016aa9e819f203ebc1809245a5818:latest
#2 [internal] load metadata for docker.io/library/39e016aa9e819f203ebc1809245a5818:latest
#2 DONE 0.0s
#2 DONE 0.1s

#4 [ 1/16] FROM docker.io/library/39e016aa9e819f203ebc1809245a5818:latest@sha256:43a6b8a656b4d087c7baad939091f8a4e19bfade899129aaa2d7fd409433266e
#4 resolve docker.io/library/39e016aa9e819f203ebc1809245a5818:latest@sha256:43a6b8a656b4d087c7baad939091f8a4e19bfade899129aaa2d7fd409433266e 0.0s done
#4 DONE 0.0s

#3 [internal] load .dockerignore
#3 transferring context: 2B done
#3 DONE 0.1s

#5 [internal] load build context

#1 [internal] load build definition from Dockerfile
#1 transferring dockerfile: 884B done
#1 DONE 0.1s

#2 [internal] load metadata for docker.io/library/39e016aa9e819f203ebc1809245a5818:latest

#4 [ 1/16] FROM docker.io/library/39e016aa9e819f203ebc1809245a5818:latest@sha256:43a6b8a656b4d087c7baad939091f8a4e19bfade899129aaa2d7fd409433266e
#4 resolve docker.io/library/39e016aa9e819f203ebc1809245a5818:latest@sha256:43a6b8a656b4d087c7baad939091f8a4e19bfade899129aaa2d7fd409433266e 0.0s done
#4 DONE 0.0s

#3 [internal] load .dockerignore
#3 transferring context: 2B done
#3 DONE 0.1s

#1 [internal] load build definition from Dockerfile
#1 transferring dockerfile: 884B done
#1 DONE 0.1s
#16 CACHED

#17 [13/16] COPY 2b0ae038330eccd43095538618caee7d /etc/bird/bird.conf
#19 CACHED

#20 [16/16] COPY 8e9a384ab59c7626a3ffab63886cc30f /etc/bird/conf/kernel.conf
#2 DONE 0.0s

#3 [internal] load .dockerignore
#3 transferring context:

#2 [internal] load metadata for docker.io/library/39e016aa9e819f203ebc1809245a5818:latest
#2 DONE 0.0s

#3 [internal] load .dockerignore
#3 transferring context: 2B done
#3 DONE 0.1s
#5 transferring context: 6.78kB done
#5 DONE 0.1s

#3 [internal] load .dockerignore
#3 transferring context: 2B done
#3 DONE 0.1s

#3 [internal] load .dockerignore
#3 transferring context: 2B done
#3 DONE 0.1s

#5 [internal] load build context
#5 transferring context: 6.78kB done
#5 DONE 0.1s
#3 transferring context: 2B done
#3 DONE 0.1s
#17 DONE 1.0s
#20 DONE 1.0s

#21 exporting to image

#4 [ 1/16] FROM docker.io/library/39e016aa9e819f203ebc1809245a5818:latest@sha256:43a6b8a656b4d087c7baad939091f8a4e19bfade899129aaa2d7fd409433266e
#4 resolve docker.io/library/39e016aa9e819f203ebc1809245a5818:latest@sha256:43a6b8a656b4d087c7baad939091f8a4e19bfade899129aaa2d7fd409433266e 0.0s done
#4 DONE 0.0s

#4 [ 1/16] FROM docker.io/library/39e016aa9e819f203ebc1809245a5818:latest@sha256:43a6b8a656b4d087c7baad939091f8a4e19bfade899129aaa2d7fd409433266e
#4 resolve docker.io/library/39e016aa9e819f203ebc1809245a5818:latest@sha256:43a6b8a656b4d087c7baad939091f8a4e19bfade899129aaa2d7fd409433266e 0.0s done
#4 DONE 0.0s

#4 [ 1/16] FROM docker.io/library/39e016aa9e819f203ebc1809245a5818:latest@sha256:43a6b8a656b4d087c7baad939091f8a4e19bfade899129aaa2d7fd409433266e

#4 resolve docker.io/library/39e016aa9e819f203ebc1809245a5818:latest@sha256:43a6b8a656b4d087c7baad939091f8a4e19bfade899129aaa2d7fd409433266e 0.0s done
#4 [ 1/16] FROM docker.io/library/39e016aa9e819f203ebc1809245a5818:latest@sha256:43a6b8a656b4d087c7baad939091f8a4e19bfade899129aaa2d7fd409433266e
#4 DONE 0.0s
#4 resolve docker.io/library/39e016aa9e819f203ebc1809245a5818:latest@sha256:43a6b8a656b4d087c7baad939091f8a4e19bfade899129aaa2d7fd409433266e 0.0s done
#4 DONE 0.0s
#21 exporting layers 0.1s done
#21 exporting manifest sha256:980aadd021da97c83637dea58ea0e3382a4fe990c1aa48b8cfe85136792874fe 0.0s done
#21 exporting config sha256:333a86c7d1d705df2cd7b6ef183337ded5f4186571920f93bf48239585c4ae79 0.0s done
#21 exporting attestation manifest sha256:52b171810dda8270e35d7f725e289d362ac424a38f95a6da890a11ed913550bf 0.0s done
#21 exporting manifest list sha256:5167e262e8afb9cccf8e64b7f4334c310c44ed8a0f9d05acc8c1d6245fc11931 0.0s done
#21 naming to 192.168.122.110:5000/brdnode_1439_r518:latest 0.0s done
#21 unpacking to 192.168.122.110:5000/brdnode_1439_r518:latest 0.1s done
#21 DONE 0.4s
+ seedemu_build_and_push 192.168.122.110:5000/rs_ix_ix52:latest ./rs_ix_ix52

#18 [14/16] COPY e01e36443f9f72c6204189260d0bd276 /ifinfo.txt

#6 [ 9/16] COPY 17ac2d812a99a91e7f747e1defb72a29 /seedemu_worker
#6 CACHED

#7 [ 8/16] COPY d18858afc6bb66ec3a19d872077acfd2 /seedemu_sniffer
#7 CACHED

#8 [12/16] RUN chmod +x /seedemu_worker
#8 CACHED

#9 [13/16] COPY 2b0ae038330eccd43095538618caee7d /etc/bird/bird.conf
#9 CACHED

#10 [14/16] COPY e01e36443f9f72c6204189260d0bd276 /ifinfo.txt
#10 CACHED

#11 [ 3/16] RUN mkdir -p /usr/share/doc/bird2/examples/
#11 CACHED

#12 [ 7/16] COPY 082b96ec819c95ae773daebde675ef80 /start.sh
#12 CACHED

#13 [10/16] RUN chmod +x /start.sh
#13 CACHED

#14 [11/16] RUN chmod +x /seedemu_sniffer
#14 CACHED

#15 [ 2/16] RUN apt-get update && apt-get install -y --no-install-recommends netcat-openbsd
#15 CACHED

#16 [ 4/16] RUN touch /usr/share/doc/bird2/examples/bird.conf
#16 CACHED

#17 [ 5/16] COPY 92872f20cfb75af4e3e1c588b00d6484 /replace_address.sh
#17 CACHED

#18 [ 6/16] COPY 365d27384adc9719099d1f63f2d15824 /root/.zshrc.pre
#18 CACHED

#19 [15/16] COPY d3d51fdf7f4bad30dc5db560a01ce629 /interface_setup

#6 [ 9/16] COPY 17ac2d812a99a91e7f747e1defb72a29 /seedemu_worker
#6 CACHED

#7 [10/16] RUN chmod +x /start.sh
#7 CACHED

#8 [13/16] COPY 2b0ae038330eccd43095538618caee7d /etc/bird/bird.conf
#8 CACHED

#9 [14/16] COPY e01e36443f9f72c6204189260d0bd276 /ifinfo.txt
#9 CACHED

#10 [ 2/16] RUN apt-get update && apt-get install -y --no-install-recommends netcat-openbsd
#10 CACHED

#11 [ 6/16] COPY 365d27384adc9719099d1f63f2d15824 /root/.zshrc.pre
#11 CACHED

#12 [11/16] RUN chmod +x /seedemu_sniffer
#12 CACHED

#13 [ 4/16] RUN touch /usr/share/doc/bird2/examples/bird.conf
#13 CACHED


#14 [12/16] RUN chmod +x /seedemu_worker
#14 CACHED

#5 [internal] load build context
#15 [ 3/16] RUN mkdir -p /usr/share/doc/bird2/examples/
#15 CACHED

#5 DONE 0.0s
#16 [ 5/16] COPY 92872f20cfb75af4e3e1c588b00d6484 /replace_address.sh
#16 CACHED

#17 [ 7/16] COPY 082b96ec819c95ae773daebde675ef80 /start.sh
#17 CACHED

#18 [ 8/16] COPY d18858afc6bb66ec3a19d872077acfd2 /seedemu_sniffer
#18 CACHED

#19 [15/16] COPY d3d51fdf7f4bad30dc5db560a01ce629 /interface_setup
#0 building with "default" instance using docker driver

#1 [internal] load build definition from Dockerfile
#1 DONE 0.0s

#5 [internal] load build context

#5 DONE 0.0s
#5 [internal] load build context
#5 DONE 0.0s

#5 [internal] load build context
#5 DONE 0.0s

#1 [internal] load build definition from Dockerfile
#1 transferring dockerfile:

#5 [internal] load build context

#5 [internal] load build context

#5 [internal] load build context
#19 CACHED

#20 [16/16] COPY 8e9a384ab59c7626a3ffab63886cc30f /etc/bird/conf/kernel.conf

#5 [internal] load build context
#19 CACHED

#20 [16/16] COPY 8e9a384ab59c7626a3ffab63886cc30f /etc/bird/conf/kernel.conf
#1 transferring dockerfile: 884B done
#1 DONE 0.2s

#2 [internal] load metadata for docker.io/library/39e016aa9e819f203ebc1809245a5818:latest
#5 transferring context: 6.77kB done
#5 DONE 0.3s
#5 transferring context: 6.78kB done
#5 DONE 0.3s
#5 transferring context: 6.78kB done
#5 DONE 0.3s
#5 transferring context: 5.44kB done
#5 DONE 0.2s
#2 DONE 0.1s
#20 DONE 1.0s
#18 DONE 1.2s
#20 DONE 1.0s

#21 exporting to image
#21 exporting layers

#21 exporting to image
#21 exporting layers 0.1s done
#21 exporting layers 0.1s done
#21 exporting manifest sha256:b94d10ff38cc068e14d87b6798abb75d5fc9dd5fe75a400cb6f337500058c4a0 0.0s done
#21 exporting config sha256:812b6a9d8e7823ff1a466bedec42441d739e6f70844a0e7cce4b66b1a2d1862a 0.0s done
#21 exporting attestation manifest sha256:8dbab31fa5955e3718d42edd38729f1d83c0a725d5d7be9054be16ffefa65844 0.0s done
#21 exporting manifest list sha256:fe01be440457ddf9057c4389249980a24e9d3de76853f7099f24e8257e1c0839
#21 exporting manifest sha256:66b6522f0a979f6b35e2bbbf6ac84ace8ec51948a1db89dcf2e8443e27b4be64 0.0s done
#21 exporting config sha256:d48be58ce6273e454185efb6d0938c98a1b6577a22f62096da955115b3d5a4ae 0.1s done
#21 exporting attestation manifest sha256:c98352635830633a49829cc6f26f74ca28df37d967f973e7d20b3194b3088efd 0.0s done
#21 exporting manifest list sha256:67bf84bb34b64e194d44903200b6ecb6f95ad841e041dea1b1313d37d16b77e8
#21 exporting manifest list sha256:fe01be440457ddf9057c4389249980a24e9d3de76853f7099f24e8257e1c0839 0.0s done
#21 naming to 192.168.122.110:5000/brdnode_2010_r237:latest done
#21 unpacking to 192.168.122.110:5000/brdnode_2010_r237:latest 0.1s done
#21 DONE 0.5s
#21 exporting manifest list sha256:67bf84bb34b64e194d44903200b6ecb6f95ad841e041dea1b1313d37d16b77e8 0.0s done
#21 naming to 192.168.122.110:5000/brdnode_2010_r206:latest done
#21 unpacking to 192.168.122.110:5000/brdnode_2010_r206:latest 0.1s done
#21 DONE 0.5s
+ seedemu_build_and_push 192.168.122.110:5000/rs_ix_ix30:latest ./rs_ix_ix30
+ seedemu_build_and_push 192.168.122.110:5000/rs_ix_ix25:latest ./rs_ix_ix25

#19 [15/16] COPY d3d51fdf7f4bad30dc5db560a01ce629 /interface_setup

#6 [ 7/16] COPY 082b96ec819c95ae773daebde675ef80 /start.sh
#6 CACHED

#7 [11/16] RUN chmod +x /seedemu_sniffer
#7 CACHED

#8 [12/16] RUN chmod +x /seedemu_worker
#8 CACHED

#9 [13/16] COPY 2b0ae038330eccd43095538618caee7d /etc/bird/bird.conf
#9 CACHED

#10 [14/16] COPY e01e36443f9f72c6204189260d0bd276 /ifinfo.txt
#10 CACHED

#11 [ 2/16] RUN apt-get update && apt-get install -y --no-install-recommends netcat-openbsd
#11 CACHED

#12 [ 3/16] RUN mkdir -p /usr/share/doc/bird2/examples/
#12 CACHED

#13 [ 5/16] COPY 92872f20cfb75af4e3e1c588b00d6484 /replace_address.sh
#13 CACHED

#14 [ 8/16] COPY d18858afc6bb66ec3a19d872077acfd2 /seedemu_sniffer
#14 CACHED

#15 [ 9/16] COPY 17ac2d812a99a91e7f747e1defb72a29 /seedemu_worker
#15 CACHED

#16 [ 4/16] RUN touch /usr/share/doc/bird2/examples/bird.conf
#16 CACHED

#17 [10/16] RUN chmod +x /start.sh
#17 CACHED

#18 [ 6/16] COPY 365d27384adc9719099d1f63f2d15824 /root/.zshrc.pre
#18 CACHED

#19 [15/16] COPY d3d51fdf7f4bad30dc5db560a01ce629 /interface_setup
#0 building with "default" instance using docker driver

#0 building with "default" instance using docker driver


#1 [internal] load build definition from Dockerfile
#6 [ 7/16] COPY 082b96ec819c95ae773daebde675ef80 /start.sh
#6 CACHED
#1 DONE 0.0s

#7 [10/16] RUN chmod +x /start.sh
#7 CACHED

#8 [14/16] COPY e01e36443f9f72c6204189260d0bd276 /ifinfo.txt
#8 CACHED

#9 [ 5/16] COPY 92872f20cfb75af4e3e1c588b00d6484 /replace_address.sh
#9 CACHED

#10 [ 8/16] COPY d18858afc6bb66ec3a19d872077acfd2 /seedemu_sniffer
#10 CACHED

#11 [ 9/16] COPY 17ac2d812a99a91e7f747e1defb72a29 /seedemu_worker
#11 CACHED

#12 [11/16] RUN chmod +x /seedemu_sniffer

#12 CACHED

#3 [internal] load .dockerignore
#13 [12/16] RUN chmod +x /seedemu_worker
#13 CACHED
#3 DONE 0.0s

#14 [13/16] COPY 2b0ae038330eccd43095538618caee7d /etc/bird/bird.conf
#14 CACHED

#15 [ 3/16] RUN mkdir -p /usr/share/doc/bird2/examples/
#15 CACHED

#16 [ 6/16] COPY 365d27384adc9719099d1f63f2d15824 /root/.zshrc.pre
#16 CACHED

#17 [ 2/16] RUN apt-get update && apt-get install -y --no-install-recommends netcat-openbsd
#17 CACHED

#18 [ 4/16] RUN touch /usr/share/doc/bird2/examples/bird.conf
#18 CACHED

#19 [15/16] COPY d3d51fdf7f4bad30dc5db560a01ce629 /interface_setup
#1 [internal] load build definition from Dockerfile

#6 [12/16] RUN chmod +x /seedemu_worker
#6 CACHED

#7 [13/16] COPY 2b0ae038330eccd43095538618caee7d /etc/bird/bird.conf
#7 CACHED

#8 [ 9/16] COPY 17ac2d812a99a91e7f747e1defb72a29 /seedemu_worker
#8 CACHED


#9 [ 7/16] COPY 082b96ec819c95ae773daebde675ef80 /start.sh
#9 CACHED

#6 [14/16] COPY e01e36443f9f72c6204189260d0bd276 /ifinfo.txt
#10 [ 8/16] COPY d18858afc6bb66ec3a19d872077acfd2 /seedemu_sniffer
#6 CACHED
#10 CACHED


#7 [ 4/16] RUN touch /usr/share/doc/bird2/examples/bird.conf
#11 [11/16] RUN chmod +x /seedemu_sniffer
#7 CACHED
#11 CACHED


#12 [ 2/16] RUN apt-get update && apt-get install -y --no-install-recommends netcat-openbsd
#8 [ 9/16] COPY 17ac2d812a99a91e7f747e1defb72a29 /seedemu_worker
#12 CACHED

#8 CACHED
#13 [ 4/16] RUN touch /usr/share/doc/bird2/examples/bird.conf
#13 CACHED

#14 [ 6/16] COPY 365d27384adc9719099d1f63f2d15824 /root/.zshrc.pre
#14 CACHED

#15 [10/16] RUN chmod +x /start.sh
#15 CACHED

#16 [14/16] COPY e01e36443f9f72c6204189260d0bd276 /ifinfo.txt
#16 CACHED

#17 [ 3/16] RUN mkdir -p /usr/share/doc/bird2/examples/
#17 CACHED

#18 [ 5/16] COPY 92872f20cfb75af4e3e1c588b00d6484 /replace_address.sh

#18 CACHED
#9 [11/16] RUN chmod +x /seedemu_sniffer

#19 [15/16] COPY d3d51fdf7f4bad30dc5db560a01ce629 /interface_setup
#9 CACHED

#10 [13/16] COPY 2b0ae038330eccd43095538618caee7d /etc/bird/bird.conf
#10 CACHED

#11 [ 3/16] RUN mkdir -p /usr/share/doc/bird2/examples/
#11 CACHED

#12 [ 7/16] COPY 082b96ec819c95ae773daebde675ef80 /start.sh
#12 CACHED

#13 [10/16] RUN chmod +x /start.sh
#13 CACHED

#14 [ 2/16] RUN apt-get update && apt-get install -y --no-install-recommends netcat-openbsd
#14 CACHED

#15 [ 8/16] COPY d18858afc6bb66ec3a19d872077acfd2 /seedemu_sniffer
#15 CACHED

#16 [ 5/16] COPY 92872f20cfb75af4e3e1c588b00d6484 /replace_address.sh
#16 CACHED

#17 [ 6/16] COPY 365d27384adc9719099d1f63f2d15824 /root/.zshrc.pre
#17 CACHED

#18 [12/16] RUN chmod +x /seedemu_worker
#18 CACHED

#19 [15/16] COPY d3d51fdf7f4bad30dc5db560a01ce629 /interface_setup
#1 DONE 0.0s

#3 [internal] load .dockerignore

#1 [internal] load build definition from Dockerfile

#1 [internal] load build definition from Dockerfile
#19 CACHED

#20 [16/16] COPY 8e9a384ab59c7626a3ffab63886cc30f /etc/bird/conf/kernel.conf
#19 CACHED

#20 [16/16] COPY 8e9a384ab59c7626a3ffab63886cc30f /etc/bird/conf/kernel.conf
#19 CACHED

#20 [16/16] COPY 8e9a384ab59c7626a3ffab63886cc30f /etc/bird/conf/kernel.conf
#19 CACHED

#20 [16/16] COPY 8e9a384ab59c7626a3ffab63886cc30f /etc/bird/conf/kernel.conf
#1 transferring dockerfile:
#1 transferring dockerfile:
#3 transferring context:
#3 transferring context: 2B done
#3 DONE 0.3s

#4 [ 1/16] FROM docker.io/library/39e016aa9e819f203ebc1809245a5818:latest@sha256:43a6b8a656b4d087c7baad939091f8a4e19bfade899129aaa2d7fd409433266e
#4 resolve docker.io/library/39e016aa9e819f203ebc1809245a5818:latest@sha256:43a6b8a656b4d087c7baad939091f8a4e19bfade899129aaa2d7fd409433266e 0.0s done
#4 DONE 0.0s

#5 [internal] load build context
#1 transferring dockerfile: 884B done
#1 transferring dockerfile: 884B done
#1 DONE 0.2s
#1 DONE 0.3s


#2 [internal] load metadata for docker.io/library/39e016aa9e819f203ebc1809245a5818:latest
#2 [internal] load metadata for docker.io/library/39e016aa9e819f203ebc1809245a5818:latest
#2 DONE 0.1s
#2 DONE 0.1s
#5 transferring context: 5.45kB done
#5 DONE 0.1s

#3 [internal] load .dockerignore
#3 transferring context: 2B done
#3 DONE 0.1s

#3 [internal] load .dockerignore
#3 transferring context: 2B done
#3 DONE 0.1s
#19 DONE 1.6s
#20 DONE 1.4s
#20 DONE 1.5s
#20 DONE 1.5s
#20 DONE 1.5s

#21 exporting to image

#4 [ 1/16] FROM docker.io/library/39e016aa9e819f203ebc1809245a5818:latest@sha256:43a6b8a656b4d087c7baad939091f8a4e19bfade899129aaa2d7fd409433266e
#4 resolve docker.io/library/39e016aa9e819f203ebc1809245a5818:latest@sha256:43a6b8a656b4d087c7baad939091f8a4e19bfade899129aaa2d7fd409433266e 0.0s done
#4 DONE 0.0s

#21 exporting to image

#21 exporting to image

#4 [ 1/16] FROM docker.io/library/39e016aa9e819f203ebc1809245a5818:latest@sha256:43a6b8a656b4d087c7baad939091f8a4e19bfade899129aaa2d7fd409433266e
#4 resolve docker.io/library/39e016aa9e819f203ebc1809245a5818:latest@sha256:43a6b8a656b4d087c7baad939091f8a4e19bfade899129aaa2d7fd409433266e 0.0s done
#4 DONE 0.0s

#21 exporting to image

#20 [16/16] COPY 8e9a384ab59c7626a3ffab63886cc30f /etc/bird/conf/kernel.conf
#21 exporting layers
#21 exporting layers
#21 exporting layers
#21 exporting layers
#21 exporting layers 0.2s done

#5 [internal] load build context
#5 DONE 0.0s

#6 [12/16] RUN chmod +x /seedemu_worker
#6 CACHED

#7 [13/16] COPY 2b0ae038330eccd43095538618caee7d /etc/bird/bird.conf
#7 CACHED

#8 [ 2/16] RUN apt-get update && apt-get install -y --no-install-recommends netcat-openbsd
#8 CACHED

#9 [ 3/16] RUN mkdir -p /usr/share/doc/bird2/examples/
#9 CACHED

#10 [ 7/16] COPY 082b96ec819c95ae773daebde675ef80 /start.sh
#10 CACHED

#11 [10/16] RUN chmod +x /start.sh
#11 CACHED

#12 [11/16] RUN chmod +x /seedemu_sniffer
#12 CACHED

#13 [ 4/16] RUN touch /usr/share/doc/bird2/examples/bird.conf
#13 CACHED

#14 [14/16] COPY e01e36443f9f72c6204189260d0bd276 /ifinfo.txt
#14 CACHED

#15 [ 5/16] COPY 92872f20cfb75af4e3e1c588b00d6484 /replace_address.sh
#15 CACHED

#16 [ 8/16] COPY d18858afc6bb66ec3a19d872077acfd2 /seedemu_sniffer
#16 CACHED

#17 [ 9/16] COPY 17ac2d812a99a91e7f747e1defb72a29 /seedemu_worker
#17 CACHED

#18 [ 6/16] COPY 365d27384adc9719099d1f63f2d15824 /root/.zshrc.pre
#18 CACHED

#19 [15/16] COPY d3d51fdf7f4bad30dc5db560a01ce629 /interface_setup

#5 [internal] load build context
#5 DONE 0.0s
#21 exporting layers 0.2s done
#21 exporting layers 0.2s done
#21 exporting layers 0.3s done
#21 exporting manifest sha256:c4ded214c7c29f88f32c6af019f959cc7adbac64e837d23e0fc9f28bc26ce39d 0.1s done
#21 exporting config sha256:3f8beba4c6512a38fed7eba8a489dccda6920b4592bf5257953be765308be1a0
#19 CACHED

#20 [16/16] COPY 8e9a384ab59c7626a3ffab63886cc30f /etc/bird/conf/kernel.conf

#5 [internal] load build context
#5 transferring context: 5.45kB done
#5 DONE 0.0s
#21 exporting manifest sha256:6317bd83bfd155fcc57342c41c11b65cd5e230f6f6ea35463525bb691d3b4e5b
#21 exporting manifest sha256:6317bd83bfd155fcc57342c41c11b65cd5e230f6f6ea35463525bb691d3b4e5b 0.2s done
#21 exporting config sha256:499bd9aba5feeee5b5e4ae36989990b3ea095cdf3a2e236ea9d6a4627eb99420

#5 [internal] load build context
#5 transferring context: 5.45kB done
#5 DONE 0.1s
#21 exporting manifest sha256:5fd2630a0a62f0a84fa7ce850461d26d2d1d42e5442754ab6d5281a90bb0e7d9 0.1s done
#21 exporting config sha256:0bd78344c9ef4c72218398163f639794aee050953609db6921d39b8de7f357fc
#21 exporting manifest sha256:f836c1a40660d8ab840bdf828d7c1665eb47093fae08f1780aadc0b24d360a7f 0.1s done
#21 exporting config sha256:2c11c3ae6953919506055cf614bb60887e3268992bce5941b1092caf6bc809d4
#21 exporting config sha256:0bd78344c9ef4c72218398163f639794aee050953609db6921d39b8de7f357fc 0.2s done
#21 exporting config sha256:2c11c3ae6953919506055cf614bb60887e3268992bce5941b1092caf6bc809d4 0.2s done
#21 exporting config sha256:3f8beba4c6512a38fed7eba8a489dccda6920b4592bf5257953be765308be1a0 0.2s done
#21 exporting config sha256:499bd9aba5feeee5b5e4ae36989990b3ea095cdf3a2e236ea9d6a4627eb99420 0.3s done
#21 exporting attestation manifest sha256:b1539c73d2ad5fed4473c3bf83f6a38a5f1ad0069e97db935bef257a8ca85c02
#21 exporting attestation manifest sha256:fd79d398d546c215786cc18312727cf2e93054f688192e78882065e1582d7b04
#21 exporting attestation manifest sha256:240f7798e1c43fbe65c6e592713fbc9f7b14419b8733bf339c5549abfbb1c0c2
#21 exporting attestation manifest sha256:258a396aa981ae1ca762cd6586082f9ff2cb52434cfb5b035832244b6261216a
#21 exporting attestation manifest sha256:b1539c73d2ad5fed4473c3bf83f6a38a5f1ad0069e97db935bef257a8ca85c02 0.1s done
#21 exporting manifest list sha256:25f7b02d93941c380c18be9969ab747db88574516f101dadc381d227674070d7
#20 DONE 0.8s
#21 exporting attestation manifest sha256:fd79d398d546c215786cc18312727cf2e93054f688192e78882065e1582d7b04 0.1s done
#21 exporting manifest list sha256:3a10c30a215681837d4cee23ee4611d9273a1a6c1eab3355585fae0652eb46a8 0.0s done
#21 naming to 192.168.122.110:5000/rs_ix_ix259:latest
#20 DONE 1.0s
#21 exporting attestation manifest sha256:240f7798e1c43fbe65c6e592713fbc9f7b14419b8733bf339c5549abfbb1c0c2 0.1s done
#21 exporting manifest list sha256:4fd7894c16d2bde94122edc36e96d7ba9da3d076d554248d580c21f1151f726d 0.0s done
#21 naming to 192.168.122.110:5000/brdnode_2010_r339:latest
#21 exporting attestation manifest sha256:258a396aa981ae1ca762cd6586082f9ff2cb52434cfb5b035832244b6261216a 0.1s done
#21 exporting manifest list sha256:1b0c5e67c9a92b417bec342bb271a0e783b00f050a05bb16570688daea3049b1 0.0s done
#21 naming to 192.168.122.110:5000/brdnode_2010_r403:latest
#21 exporting manifest list sha256:25f7b02d93941c380c18be9969ab747db88574516f101dadc381d227674070d7 0.0s done
#21 naming to 192.168.122.110:5000/brdnode_2010_r533:latest 0.0s done
#21 unpacking to 192.168.122.110:5000/brdnode_2010_r533:latest
#21 naming to 192.168.122.110:5000/rs_ix_ix259:latest 0.0s done
#21 unpacking to 192.168.122.110:5000/rs_ix_ix259:latest
#21 naming to 192.168.122.110:5000/brdnode_2010_r339:latest 0.0s done
#21 unpacking to 192.168.122.110:5000/brdnode_2010_r339:latest
#21 naming to 192.168.122.110:5000/brdnode_2010_r403:latest 0.0s done
#21 unpacking to 192.168.122.110:5000/brdnode_2010_r403:latest

#6 [ 8/16] COPY d18858afc6bb66ec3a19d872077acfd2 /seedemu_sniffer
#6 CACHED

#7 [ 2/16] RUN apt-get update && apt-get install -y --no-install-recommends netcat-openbsd
#7 CACHED

#8 [ 3/16] RUN mkdir -p /usr/share/doc/bird2/examples/
#8 CACHED

#9 [11/16] RUN chmod +x /seedemu_sniffer
#9 CACHED

#10 [14/16] COPY e01e36443f9f72c6204189260d0bd276 /ifinfo.txt
#10 CACHED

#11 [13/16] COPY 2b0ae038330eccd43095538618caee7d /etc/bird/bird.conf
#11 CACHED

#12 [ 4/16] RUN touch /usr/share/doc/bird2/examples/bird.conf
#12 CACHED

#13 [ 9/16] COPY 17ac2d812a99a91e7f747e1defb72a29 /seedemu_worker
#13 CACHED

#14 [10/16] RUN chmod +x /start.sh
#14 CACHED

#15 [12/16] RUN chmod +x /seedemu_worker
#15 CACHED

#16 [ 5/16] COPY 92872f20cfb75af4e3e1c588b00d6484 /replace_address.sh
#16 CACHED

#17 [ 6/16] COPY 365d27384adc9719099d1f63f2d15824 /root/.zshrc.pre
#17 CACHED

#18 [ 7/16] COPY 082b96ec819c95ae773daebde675ef80 /start.sh
#18 CACHED

#19 [15/16] COPY d3d51fdf7f4bad30dc5db560a01ce629 /interface_setup

#6 [ 3/16] RUN mkdir -p /usr/share/doc/bird2/examples/
#6 CACHED

#7 [ 6/16] COPY 365d27384adc9719099d1f63f2d15824 /root/.zshrc.pre
#7 CACHED

#8 [13/16] COPY 2b0ae038330eccd43095538618caee7d /etc/bird/bird.conf
#8 CACHED

#9 [ 2/16] RUN apt-get update && apt-get install -y --no-install-recommends netcat-openbsd
#9 CACHED

#10 [ 8/16] COPY d18858afc6bb66ec3a19d872077acfd2 /seedemu_sniffer
#10 CACHED

#11 [ 9/16] COPY 17ac2d812a99a91e7f747e1defb72a29 /seedemu_worker
#11 CACHED

#12 [11/16] RUN chmod +x /seedemu_sniffer
#12 CACHED

#13 [14/16] COPY e01e36443f9f72c6204189260d0bd276 /ifinfo.txt
#13 CACHED

#14 [ 4/16] RUN touch /usr/share/doc/bird2/examples/bird.conf
#14 CACHED

#15 [ 5/16] COPY 92872f20cfb75af4e3e1c588b00d6484 /replace_address.sh
#15 CACHED

#16 [ 7/16] COPY 082b96ec819c95ae773daebde675ef80 /start.sh
#16 CACHED

#17 [10/16] RUN chmod +x /start.sh
#17 CACHED

#18 [12/16] RUN chmod +x /seedemu_worker
#18 CACHED

#19 [15/16] COPY d3d51fdf7f4bad30dc5db560a01ce629 /interface_setup
#19 CACHED

#20 [16/16] COPY 8e9a384ab59c7626a3ffab63886cc30f /etc/bird/conf/kernel.conf
#19 CACHED

#20 [16/16] COPY 8e9a384ab59c7626a3ffab63886cc30f /etc/bird/conf/kernel.conf

#21 exporting to image

#21 exporting to image
#21 exporting layers
#21 exporting layers
#21 unpacking to 192.168.122.110:5000/rs_ix_ix259:latest 4.3s done
#21 unpacking to 192.168.122.110:5000/brdnode_2010_r339:latest 4.3s done
#21 unpacking to 192.168.122.110:5000/brdnode_2010_r533:latest 4.3s done
#21 unpacking to 192.168.122.110:5000/brdnode_2010_r403:latest 4.3s done
#21 DONE 5.4s
#21 DONE 5.4s
#21 DONE 5.5s
#21 DONE 5.5s
#21 exporting layers 1.9s done
#21 exporting manifest sha256:bfb2365211c7bccf9a0642d864e25c98392d8f4d6cb1eb6d5abb8f5596ff9501 0.1s done
#21 exporting config sha256:073035de0cdff97409a20267628b5494fd0bd7587cb3ca84b35aae514d9a8d3c
#21 exporting layers 2.1s done
#21 exporting config sha256:073035de0cdff97409a20267628b5494fd0bd7587cb3ca84b35aae514d9a8d3c 0.1s done
#21 exporting attestation manifest sha256:f238546f20063f6aaf76861197281a3656dcfcbe7d8ad35871bcfebdda617a66
#21 exporting manifest sha256:6a93f644e5ddec68c0473bc64596740586a3a54694beb2c5ca3fe859a9264b0d 0.1s done
#21 exporting config sha256:96996234495f512a96668a494cb1ea5e903fa19eb4cfaf044d63b8bc9d030102 0.1s done
#20 DONE 3.6s
#20 DONE 3.6s
#21 exporting attestation manifest sha256:f238546f20063f6aaf76861197281a3656dcfcbe7d8ad35871bcfebdda617a66 0.3s done
#21 exporting manifest list sha256:eed48ac6b3260b6e76e36b0b42281853b3175c6f2accf390b9bf2e7a23dd585c
#21 exporting attestation manifest sha256:e3c593ff05e1d6dd4ea8ac533285fda11f1aa5fb22b3f33b7e6cf3851ccd7552
#21 exporting attestation manifest sha256:e3c593ff05e1d6dd4ea8ac533285fda11f1aa5fb22b3f33b7e6cf3851ccd7552 0.1s done
#21 exporting manifest list sha256:21896c559e20c9d1430c108b14736ce54f9b4e6636e9618a4ac01495c1ced84f 0.0s done
#21 naming to 192.168.122.110:5000/brdnode_2010_r23:latest 0.0s done
#21 unpacking to 192.168.122.110:5000/brdnode_2010_r23:latest
#21 exporting manifest list sha256:eed48ac6b3260b6e76e36b0b42281853b3175c6f2accf390b9bf2e7a23dd585c 0.0s done
#21 naming to 192.168.122.110:5000/rs_ix_ix52:latest 0.0s done
#21 unpacking to 192.168.122.110:5000/rs_ix_ix52:latest 0.1s done

#21 exporting to image
#21 exporting layers

#21 exporting to image
#21 exporting layers
#21 exporting layers 0.2s done
#21 exporting layers 0.2s done
#21 DONE 2.7s
#21 unpacking to 192.168.122.110:5000/brdnode_2010_r23:latest 0.2s done
+ seedemu_build_and_push 192.168.122.110:5000/rs_ix_ix227:latest ./rs_ix_ix227
#21 exporting manifest sha256:a257ee18927a352251a1283d858c7b4a2ca46c5ddb9a307e465d3583afc593f1 0.0s done
#21 exporting config sha256:d9bf99da494d9b4aa25e0c64ad21844c0160697eb6f39241accf0571fef50594 0.0s done
#21 exporting attestation manifest sha256:62d215da98a42a91e5475e7b17e93df13ed58266e4e47b21c28bc568c4eec320
#21 exporting manifest sha256:30a2e654e57aeef3ebce522e505f3349bd31693fc5427c0eb02e24a255f5d82a 0.0s done
#21 exporting config sha256:90d267cc76672cddaa5a671adba2345b7548234fd0f507a6599b86d82990b5f4 0.0s done
#21 exporting attestation manifest sha256:50b731d989f295b4b5576840f8ea04f1fe5f354e59b528ac1cb136bc98aea203
#21 DONE 2.9s
#21 exporting attestation manifest sha256:50b731d989f295b4b5576840f8ea04f1fe5f354e59b528ac1cb136bc98aea203 0.1s done
#21 exporting manifest list sha256:f1a0f504a66e307a890de58864d584ddb0e182e21b65cf1919a72163857af6c7 0.0s done
#21 naming to 192.168.122.110:5000/rs_ix_ix30:latest done
#21 unpacking to 192.168.122.110:5000/rs_ix_ix30:latest 0.1s done
#21 exporting attestation manifest sha256:62d215da98a42a91e5475e7b17e93df13ed58266e4e47b21c28bc568c4eec320 0.1s done
#21 exporting manifest list sha256:f5a46df1f67cf6b31f7776b7da830306bd26475354eb196263eda62d4087ceb3 0.0s done
#21 naming to 192.168.122.110:5000/rs_ix_ix25:latest done
#21 unpacking to 192.168.122.110:5000/rs_ix_ix25:latest 0.1s done
+ seedemu_build_and_push 192.168.122.110:5000/rs_ix_ix135:latest ./rs_ix_ix135
+ seedemu_build_and_push 192.168.122.110:5000/rs_ix_ix74:latest ./rs_ix_ix74
+ seedemu_build_and_push 192.168.122.110:5000/rs_ix_ix129:latest ./rs_ix_ix129
#0 building with "default" instance using docker driver

#1 [ 1/16] FROM docker.io/library/39e016aa9e819f203ebc1809245a5818:latest@sha256:43a6b8a656b4d087c7baad939091f8a4e19bfade899129aaa2d7fd409433266e
#1 resolve docker.io/library/39e016aa9e819f203ebc1809245a5818:latest@sha256:43a6b8a656b4d087c7baad939091f8a4e19bfade899129aaa2d7fd409433266e 0.0s done
#1 DONE 0.0s

#2 [internal] load build definition from Dockerfile
#2 transferring dockerfile: 884B done
#2 DONE 0.0s

#3 [internal] load metadata for docker.io/library/39e016aa9e819f203ebc1809245a5818:latest
#3 DONE 0.0s

#4 [internal] load .dockerignore
#4 transferring context: 2B done
#4 DONE 0.0s

#5 [internal] load build context
#21 DONE 0.6s
#21 DONE 0.7s
#5 transferring context: 5.45kB done
#5 DONE 0.0s
+ seedemu_build_and_push 192.168.122.110:5000/rs_ix_ix73:latest ./rs_ix_ix73
+ seedemu_build_and_push 192.168.122.110:5000/rs_ix_ix16:latest ./rs_ix_ix16
+ seedemu_build_and_push 192.168.122.110:5000/rs_ix_ix61:latest ./rs_ix_ix61
+ seedemu_build_and_push 192.168.122.110:5000/rs_ix_ix24:latest ./rs_ix_ix24

#6 [14/16] COPY e01e36443f9f72c6204189260d0bd276 /ifinfo.txt
#0 building with "default" instance using docker driver

#6 CACHED

#1 [internal] load build definition from Dockerfile
#7 [ 2/16] RUN apt-get update && apt-get install -y --no-install-recommends netcat-openbsd
#1 DONE 0.0s
#7 CACHED

#8 [ 4/16] RUN touch /usr/share/doc/bird2/examples/bird.conf
#8 CACHED

#9 [ 9/16] COPY 17ac2d812a99a91e7f747e1defb72a29 /seedemu_worker
#9 CACHED

#10 [10/16] RUN chmod +x /start.sh
#10 CACHED

#11 [ 5/16] COPY 92872f20cfb75af4e3e1c588b00d6484 /replace_address.sh
#11 CACHED

#12 [ 7/16] COPY 082b96ec819c95ae773daebde675ef80 /start.sh
#12 CACHED

#0 building with "default" instance using docker driver

#13 [ 8/16] COPY d18858afc6bb66ec3a19d872077acfd2 /seedemu_sniffer
#13 CACHED

#1 [internal] load build definition from Dockerfile
#14 [13/16] COPY 2b0ae038330eccd43095538618caee7d /etc/bird/bird.conf
#14 CACHED

#15 [ 3/16] RUN mkdir -p /usr/share/doc/bird2/examples/
#15 CACHED

#0 building with "default" instance using docker driver

#0 building with "default" instance using docker driver

#16 [ 6/16] COPY 365d27384adc9719099d1f63f2d15824 /root/.zshrc.pre
#16 CACHED
#1 [internal] load build definition from Dockerfile

#1 [internal] load build definition from Dockerfile
#17 [11/16] RUN chmod +x /seedemu_sniffer
#17 CACHED
#1 DONE 0.0s

#1 DONE 0.0s
#18 [12/16] RUN chmod +x /seedemu_worker
#18 CACHED

#0 building with "default" instance using docker driver

#19 [15/16] COPY d3d51fdf7f4bad30dc5db560a01ce629 /interface_setup
#1 [internal] load build definition from Dockerfile
#1 DONE 0.0s
#0 building with "default" instance using docker driver

#1 [internal] load build definition from Dockerfile
#1 DONE 0.0s
#0 building with "default" instance using docker driver

#1 [internal] load build definition from Dockerfile
#1 DONE 0.0s

#1 [internal] load build definition from Dockerfile
#1 transferring dockerfile: 884B done
#1 DONE 0.1s

#1 [internal] load build definition from Dockerfile
#1 transferring dockerfile: 884B done
#1 DONE 0.0s

#2 [internal] load metadata for docker.io/library/39e016aa9e819f203ebc1809245a5818:latest
#2 DONE 0.1s

#3 [internal] load .dockerignore

#1 transferring dockerfile: 884B done
#1 [internal] load build definition from Dockerfile
#1 DONE 0.0s

#2 [internal] load metadata for docker.io/library/39e016aa9e819f203ebc1809245a5818:latest
#2 DONE 0.1s
#1 transferring dockerfile: 884B done

#3 [internal] load .dockerignore
#1 DONE 0.1s

#2 [internal] load metadata for docker.io/library/39e016aa9e819f203ebc1809245a5818:latest
#2 DONE 0.0s

#3 [internal] load .dockerignore
#3 DONE 0.0s

#1 [internal] load build definition from Dockerfile
#1 transferring dockerfile: 884B done
#1 DONE 0.0s

#2 [internal] load metadata for docker.io/library/39e016aa9e819f203ebc1809245a5818:latest
#2 DONE 0.0s

#3 [internal] load .dockerignore
#3 DONE 0.0s

#1 [internal] load build definition from Dockerfile
#1 transferring dockerfile: 884B done
#1 DONE 0.1s

#2 [internal] load metadata for docker.io/library/39e016aa9e819f203ebc1809245a5818:latest

#1 [internal] load build definition from Dockerfile
#1 transferring dockerfile: 884B done
#1 DONE 0.1s

#2 [internal] load metadata for docker.io/library/39e016aa9e819f203ebc1809245a5818:latest
#19 CACHED

#20 [16/16] COPY 8e9a384ab59c7626a3ffab63886cc30f /etc/bird/conf/kernel.conf
#20 DONE 0.2s
#3 transferring context: 2B done
#3 DONE 0.0s

#4 [ 1/16] FROM docker.io/library/39e016aa9e819f203ebc1809245a5818:latest@sha256:43a6b8a656b4d087c7baad939091f8a4e19bfade899129aaa2d7fd409433266e
#4 resolve docker.io/library/39e016aa9e819f203ebc1809245a5818:latest@sha256:43a6b8a656b4d087c7baad939091f8a4e19bfade899129aaa2d7fd409433266e 0.0s done
#4 DONE 0.0s

#5 [internal] load build context
#5 transferring context: 5.45kB done
#5 DONE 0.0s

#4 [ 1/16] FROM docker.io/library/39e016aa9e819f203ebc1809245a5818:latest@sha256:43a6b8a656b4d087c7baad939091f8a4e19bfade899129aaa2d7fd409433266e
#4 resolve docker.io/library/39e016aa9e819f203ebc1809245a5818:latest@sha256:43a6b8a656b4d087c7baad939091f8a4e19bfade899129aaa2d7fd409433266e 0.0s done
#4 DONE 0.0s

#3 [internal] load .dockerignore
#3 transferring context: 2B done
#3 DONE 0.0s

#5 [internal] load build context

#4 [ 1/16] FROM docker.io/library/39e016aa9e819f203ebc1809245a5818:latest@sha256:43a6b8a656b4d087c7baad939091f8a4e19bfade899129aaa2d7fd409433266e
#4 resolve docker.io/library/39e016aa9e819f203ebc1809245a5818:latest@sha256:43a6b8a656b4d087c7baad939091f8a4e19bfade899129aaa2d7fd409433266e 0.0s done
#4 DONE 0.0s

#3 [internal] load .dockerignore
#3 transferring context: 2B done
#3 DONE 0.0s

#5 [internal] load build context

#21 exporting to image
#21 exporting layers 0.1s done
#3 transferring context: 2B done
#3 DONE 0.0s

#4 [ 1/16] FROM docker.io/library/39e016aa9e819f203ebc1809245a5818:latest@sha256:43a6b8a656b4d087c7baad939091f8a4e19bfade899129aaa2d7fd409433266e
#4 resolve docker.io/library/39e016aa9e819f203ebc1809245a5818:latest@sha256:43a6b8a656b4d087c7baad939091f8a4e19bfade899129aaa2d7fd409433266e 0.0s done
#4 DONE 0.0s

#5 [internal] load build context
#5 transferring context: 5.45kB done
#5 DONE 0.0s
#2 DONE 0.0s

#3 [internal] load .dockerignore
#3 transferring context: 2B done
#3 DONE 0.0s

#2 [internal] load metadata for docker.io/library/39e016aa9e819f203ebc1809245a5818:latest
#2 DONE 0.0s

#3 [internal] load .dockerignore
#3 transferring context: 2B done
#3 DONE 0.0s
#2 DONE 0.0s

#3 [ 1/16] FROM docker.io/library/39e016aa9e819f203ebc1809245a5818:latest@sha256:43a6b8a656b4d087c7baad939091f8a4e19bfade899129aaa2d7fd409433266e
#3 resolve docker.io/library/39e016aa9e819f203ebc1809245a5818:latest@sha256:43a6b8a656b4d087c7baad939091f8a4e19bfade899129aaa2d7fd409433266e 0.0s done
#3 DONE 0.0s

#4 [internal] load .dockerignore
#4 transferring context: 2B done
#4 DONE 0.0s
#5 transferring context: 5.45kB done
#5 DONE 0.0s
#5 transferring context: 5.45kB done
#5 DONE 0.0s
#21 exporting manifest sha256:27aed8d75cf5b1456d34e4dcccac56751d821bbff1b2af2f2a62b04c9ef6b39c 0.0s done
#21 exporting config sha256:535930dbf663e67d703bca38f5b4e874f8b40aba67ece0b42ccf834f1630801e 0.0s done
#21 exporting attestation manifest sha256:a5010e02357c0840b4629f2a10ce61ebe9253923b23a7a62a03c84fbbb5ae1e7 0.0s done
#21 exporting manifest list sha256:62456d588ca800742186fb24e06f506680470a6554ec9257ded6764cf9c98dc2 0.0s done
#21 naming to 192.168.122.110:5000/rs_ix_ix227:latest done
#21 unpacking to 192.168.122.110:5000/rs_ix_ix227:latest 0.0s done
#21 DONE 0.4s
+ seedemu_build_and_push 192.168.122.110:5000/rs_ix_ix71:latest ./rs_ix_ix71

#4 [ 1/16] FROM docker.io/library/39e016aa9e819f203ebc1809245a5818:latest@sha256:43a6b8a656b4d087c7baad939091f8a4e19bfade899129aaa2d7fd409433266e
#4 resolve docker.io/library/39e016aa9e819f203ebc1809245a5818:latest@sha256:43a6b8a656b4d087c7baad939091f8a4e19bfade899129aaa2d7fd409433266e 0.0s done
#4 DONE 0.0s

#4 [ 1/16] FROM docker.io/library/39e016aa9e819f203ebc1809245a5818:latest@sha256:43a6b8a656b4d087c7baad939091f8a4e19bfade899129aaa2d7fd409433266e
#4 resolve docker.io/library/39e016aa9e819f203ebc1809245a5818:latest@sha256:43a6b8a656b4d087c7baad939091f8a4e19bfade899129aaa2d7fd409433266e 0.0s done
#4 DONE 0.0s

#6 [ 4/16] RUN touch /usr/share/doc/bird2/examples/bird.conf
#6 CACHED

#7 [ 6/16] COPY 365d27384adc9719099d1f63f2d15824 /root/.zshrc.pre
#7 CACHED

#8 [ 7/16] COPY 082b96ec819c95ae773daebde675ef80 /start.sh
#8 CACHED

#9 [ 9/16] COPY 17ac2d812a99a91e7f747e1defb72a29 /seedemu_worker
#9 CACHED

#10 [ 8/16] COPY d18858afc6bb66ec3a19d872077acfd2 /seedemu_sniffer
#10 CACHED

#11 [11/16] RUN chmod +x /seedemu_sniffer
#11 CACHED

#12 [13/16] COPY 2b0ae038330eccd43095538618caee7d /etc/bird/bird.conf
#12 CACHED

#13 [14/16] COPY e01e36443f9f72c6204189260d0bd276 /ifinfo.txt
#13 CACHED

#14 [ 2/16] RUN apt-get update && apt-get install -y --no-install-recommends netcat-openbsd
#14 CACHED

#15 [ 3/16] RUN mkdir -p /usr/share/doc/bird2/examples/
#15 CACHED

#16 [ 5/16] COPY 92872f20cfb75af4e3e1c588b00d6484 /replace_address.sh
#16 CACHED

#17 [10/16] RUN chmod +x /start.sh
#17 CACHED

#18 [12/16] RUN chmod +x /seedemu_worker
#18 CACHED

#19 [15/16] COPY d3d51fdf7f4bad30dc5db560a01ce629 /interface_setup
#19 CACHED

#6 [ 2/16] RUN apt-get update && apt-get install -y --no-install-recommends netcat-openbsd
#6 CACHED

#7 [ 3/16] RUN mkdir -p /usr/share/doc/bird2/examples/
#7 CACHED

#8 [ 5/16] COPY 92872f20cfb75af4e3e1c588b00d6484 /replace_address.sh
#8 CACHED

#9 [ 7/16] COPY 082b96ec819c95ae773daebde675ef80 /start.sh
#9 CACHED

#10 [11/16] RUN chmod +x /seedemu_sniffer
#10 CACHED

#11 [13/16] COPY 2b0ae038330eccd43095538618caee7d /etc/bird/bird.conf
#11 CACHED

#12 [ 4/16] RUN touch /usr/share/doc/bird2/examples/bird.conf
#12 CACHED

#13 [ 6/16] COPY 365d27384adc9719099d1f63f2d15824 /root/.zshrc.pre
#13 CACHED

#14 [ 8/16] COPY d18858afc6bb66ec3a19d872077acfd2 /seedemu_sniffer
#14 CACHED

#15 [ 9/16] COPY 17ac2d812a99a91e7f747e1defb72a29 /seedemu_worker
#15 CACHED

#16 [14/16] COPY e01e36443f9f72c6204189260d0bd276 /ifinfo.txt
#16 CACHED

#17 [10/16] RUN chmod +x /start.sh
#17 CACHED

#18 [12/16] RUN chmod +x /seedemu_worker
#18 CACHED

#19 [15/16] COPY d3d51fdf7f4bad30dc5db560a01ce629 /interface_setup
#19 CACHED

#20 [16/16] COPY 8e9a384ab59c7626a3ffab63886cc30f /etc/bird/conf/kernel.conf
#20 DONE 0.7s

#21 exporting to image
#21 exporting layers

#20 [16/16] COPY 8e9a384ab59c7626a3ffab63886cc30f /etc/bird/conf/kernel.conf

#5 [internal] load build context
#5 DONE 0.0s

#6 [11/16] RUN chmod +x /seedemu_sniffer
#6 CACHED

#7 [14/16] COPY e01e36443f9f72c6204189260d0bd276 /ifinfo.txt
#7 CACHED

#8 [ 5/16] COPY 92872f20cfb75af4e3e1c588b00d6484 /replace_address.sh
#8 CACHED

#9 [ 7/16] COPY 082b96ec819c95ae773daebde675ef80 /start.sh
#9 CACHED

#10 [10/16] RUN chmod +x /start.sh
#10 CACHED

#11 [ 2/16] RUN apt-get update && apt-get install -y --no-install-recommends netcat-openbsd
#11 CACHED

#12 [ 3/16] RUN mkdir -p /usr/share/doc/bird2/examples/
#12 CACHED

#13 [ 8/16] COPY d18858afc6bb66ec3a19d872077acfd2 /seedemu_sniffer
#13 CACHED

#14 [ 4/16] RUN touch /usr/share/doc/bird2/examples/bird.conf
#14 CACHED

#15 [ 9/16] COPY 17ac2d812a99a91e7f747e1defb72a29 /seedemu_worker
#15 CACHED

#16 [12/16] RUN chmod +x /seedemu_worker
#16 CACHED

#17 [13/16] COPY 2b0ae038330eccd43095538618caee7d /etc/bird/bird.conf
#17 CACHED

#18 [ 6/16] COPY 365d27384adc9719099d1f63f2d15824 /root/.zshrc.pre
#0 building with "default" instance using docker driver

#18 CACHED

#1 [internal] load build definition from Dockerfile
#19 [15/16] COPY d3d51fdf7f4bad30dc5db560a01ce629 /interface_setup
#1 DONE 0.0s

#6 [ 5/16] COPY 92872f20cfb75af4e3e1c588b00d6484 /replace_address.sh
#6 CACHED

#7 [ 6/16] COPY 365d27384adc9719099d1f63f2d15824 /root/.zshrc.pre
#7 CACHED

#8 [ 7/16] COPY 082b96ec819c95ae773daebde675ef80 /start.sh
#8 CACHED

#9 [ 8/16] COPY d18858afc6bb66ec3a19d872077acfd2 /seedemu_sniffer
#9 CACHED

#10 [13/16] COPY 2b0ae038330eccd43095538618caee7d /etc/bird/bird.conf
#10 CACHED

#11 [14/16] COPY e01e36443f9f72c6204189260d0bd276 /ifinfo.txt
#11 CACHED

#12 [ 2/16] RUN apt-get update && apt-get install -y --no-install-recommends netcat-openbsd
#12 CACHED

#13 [ 4/16] RUN touch /usr/share/doc/bird2/examples/bird.conf
#13 CACHED

#14 [ 3/16] RUN mkdir -p /usr/share/doc/bird2/examples/
#14 CACHED

#15 [ 9/16] COPY 17ac2d812a99a91e7f747e1defb72a29 /seedemu_worker
#15 CACHED

#16 [10/16] RUN chmod +x /start.sh
#16 CACHED

#17 [11/16] RUN chmod +x /seedemu_sniffer
#17 CACHED

#18 [12/16] RUN chmod +x /seedemu_worker
#18 CACHED

#19 [15/16] COPY d3d51fdf7f4bad30dc5db560a01ce629 /interface_setup

#5 [internal] load build context
#5 DONE 0.0s

#5 [internal] load build context
#5 DONE 0.0s
#21 exporting layers 0.1s done
#21 exporting manifest sha256:ee051084c240d2aae3ec3df008dcdda068328b8371033b3d337eff74b19b995a 0.1s done
#21 exporting config sha256:a2d7ba3cf55a6d8de4b7e5b4821e9b4831238c72aa55c8865eda1ef60861c18f

#1 [internal] load build definition from Dockerfile
#1 transferring dockerfile: 884B done
#1 DONE 0.1s

#5 [internal] load build context
#5 transferring context: 5.45kB done
#5 DONE 0.1s

#5 [internal] load build context
#5 transferring context: 5.45kB done
#5 DONE 0.1s
#19 CACHED

#20 [16/16] COPY 8e9a384ab59c7626a3ffab63886cc30f /etc/bird/conf/kernel.conf
#19 CACHED

#20 [16/16] COPY 8e9a384ab59c7626a3ffab63886cc30f /etc/bird/conf/kernel.conf
#21 exporting config sha256:a2d7ba3cf55a6d8de4b7e5b4821e9b4831238c72aa55c8865eda1ef60861c18f 0.1s done
#21 exporting attestation manifest sha256:1edf95ea447b42d6165caac8b2a48f50e6e3ffc692e57d201ca46866f1f909c8

#5 [internal] load build context
#5 transferring context: 5.45kB done
#5 DONE 0.1s
#21 exporting attestation manifest sha256:1edf95ea447b42d6165caac8b2a48f50e6e3ffc692e57d201ca46866f1f909c8 0.1s done
#21 exporting manifest list sha256:c04ff416fcd307194b2af16fe0930437cd66bbfcec70575bd1a663059e2138b2 0.1s done
#21 naming to 192.168.122.110:5000/rs_ix_ix74:latest
#21 naming to 192.168.122.110:5000/rs_ix_ix74:latest 0.0s done
#21 unpacking to 192.168.122.110:5000/rs_ix_ix74:latest 0.1s done
#21 DONE 0.7s
#20 DONE 1.1s
#20 DONE 1.1s
#20 DONE 1.1s
+ seedemu_build_and_push 192.168.122.110:5000/rs_ix_ix171:latest ./rs_ix_ix171

#2 [internal] load metadata for docker.io/library/39e016aa9e819f203ebc1809245a5818:latest

#21 exporting to image

#21 exporting to image
#21 exporting layers

#21 exporting to image
#21 exporting layers
#21 exporting layers
#21 exporting layers 0.2s done
#21 exporting layers 0.2s done
#21 exporting layers 0.2s done
#2 DONE 0.1s
#21 exporting manifest sha256:4a00d001ad401ee86291b9f03b93aaff3b840904fe985de41ee1ca1c35ad7646
#21 exporting manifest sha256:627abf25f84127c5ea1b0b3ebee7d7dfbefa1aad5cd9aae2a5c5b06bf3e7414f
#21 exporting manifest sha256:8b2fa53a936c4c3edb057f7570e97acc1efe96bb625473237b89a2444fa98cec
#21 exporting manifest sha256:4a00d001ad401ee86291b9f03b93aaff3b840904fe985de41ee1ca1c35ad7646 0.2s done
#21 exporting config sha256:2f81c08d6ad9ef41a4422936e62c185f784ee2af293c9b9033f1d63ff4d81f07
#21 exporting manifest sha256:627abf25f84127c5ea1b0b3ebee7d7dfbefa1aad5cd9aae2a5c5b06bf3e7414f 0.2s done
#21 exporting config sha256:f4b868aec9bef507e1f2ed166e170ea449291d1f24c7113320d6fa211173c0e5
#21 exporting manifest sha256:8b2fa53a936c4c3edb057f7570e97acc1efe96bb625473237b89a2444fa98cec 0.2s done
#21 exporting config sha256:1e1cbb4015954ef64d14f136b18129e4dce212ef7a821b7c4a4e6c84b466f42b
#21 exporting config sha256:2f81c08d6ad9ef41a4422936e62c185f784ee2af293c9b9033f1d63ff4d81f07 0.2s done
#21 exporting config sha256:f4b868aec9bef507e1f2ed166e170ea449291d1f24c7113320d6fa211173c0e5 0.2s done
#21 exporting config sha256:1e1cbb4015954ef64d14f136b18129e4dce212ef7a821b7c4a4e6c84b466f42b 0.2s done
#21 exporting attestation manifest sha256:61d6b402cdd531c6cb6c16e7aa8827146ddca290fc696e6c3bafac46319919ac 0.1s done
#21 exporting manifest list sha256:b002e255b1da98839965f1fe084a53f05112bc2dffd275bbcca11837693dcdfc 0.0s done
#21 naming to 192.168.122.110:5000/rs_ix_ix16:latest
#21 exporting attestation manifest sha256:c35d0d87048058e44c6153c894d188c261c39313e7d6ceaa5661ae7beb98cb15 0.1s done
#21 exporting manifest list sha256:7c332efca13d1ff5e36b998241a37aa2b18fd9a6a829b7b8205e8c29799a5726 0.0s done
#21 naming to 192.168.122.110:5000/rs_ix_ix129:latest
#21 exporting attestation manifest sha256:12491bbc4978e464a7ecae8139822bb314620b0ffe1ac7f58634e2c4ca30629b 0.1s done
#21 exporting manifest list sha256:c56f5ac435c9d98e884a0694c69b11d6c0a0d2e80e208e68649c93311284ecf4 0.0s done
#21 naming to 192.168.122.110:5000/rs_ix_ix135:latest
#21 naming to 192.168.122.110:5000/rs_ix_ix16:latest done
#21 unpacking to 192.168.122.110:5000/rs_ix_ix16:latest 0.1s done
#21 naming to 192.168.122.110:5000/rs_ix_ix129:latest done
#21 unpacking to 192.168.122.110:5000/rs_ix_ix129:latest 0.1s done
#21 naming to 192.168.122.110:5000/rs_ix_ix135:latest done
#21 unpacking to 192.168.122.110:5000/rs_ix_ix135:latest 0.1s done
#21 DONE 1.0s
#21 DONE 1.0s
#21 DONE 1.0s
+ seedemu_build_and_push 192.168.122.110:5000/rs_ix_ix44:latest ./rs_ix_ix44
+ seedemu_build_and_push 192.168.122.110:5000/rs_ix_ix20:latest ./rs_ix_ix20
+ seedemu_build_and_push 192.168.122.110:5000/rs_ix_ix96:latest ./rs_ix_ix96

#6 [ 8/16] COPY d18858afc6bb66ec3a19d872077acfd2 /seedemu_sniffer
#6 CACHED

#7 [ 9/16] COPY 17ac2d812a99a91e7f747e1defb72a29 /seedemu_worker
#7 CACHED

#8 [11/16] RUN chmod +x /seedemu_sniffer
#8 CACHED

#9 [ 2/16] RUN apt-get update && apt-get install -y --no-install-recommends netcat-openbsd
#9 CACHED

#10 [ 6/16] COPY 365d27384adc9719099d1f63f2d15824 /root/.zshrc.pre
#10 CACHED

#11 [13/16] COPY 2b0ae038330eccd43095538618caee7d /etc/bird/bird.conf
#11 CACHED

#12 [14/16] COPY e01e36443f9f72c6204189260d0bd276 /ifinfo.txt
#12 CACHED

#13 [ 3/16] RUN mkdir -p /usr/share/doc/bird2/examples/
#13 CACHED

#14 [ 5/16] COPY 92872f20cfb75af4e3e1c588b00d6484 /replace_address.sh
#14 CACHED

#15 [ 7/16] COPY 082b96ec819c95ae773daebde675ef80 /start.sh
#15 CACHED

#16 [10/16] RUN chmod +x /start.sh
#16 CACHED

#17 [ 4/16] RUN touch /usr/share/doc/bird2/examples/bird.conf
#17 CACHED

#18 [12/16] RUN chmod +x /seedemu_worker
#18 CACHED

#19 [15/16] COPY d3d51fdf7f4bad30dc5db560a01ce629 /interface_setup

#6 [10/16] RUN chmod +x /start.sh
#6 CACHED

#7 [11/16] RUN chmod +x /seedemu_sniffer
#7 CACHED

#8 [13/16] COPY 2b0ae038330eccd43095538618caee7d /etc/bird/bird.conf
#8 CACHED

#9 [ 2/16] RUN apt-get update && apt-get install -y --no-install-recommends netcat-openbsd
#9 CACHED

#10 [ 3/16] RUN mkdir -p /usr/share/doc/bird2/examples/
#10 CACHED

#11 [ 5/16] COPY 92872f20cfb75af4e3e1c588b00d6484 /replace_address.sh
#11 CACHED

#12 [ 8/16] COPY d18858afc6bb66ec3a19d872077acfd2 /seedemu_sniffer
#12 CACHED

#13 [ 9/16] COPY 17ac2d812a99a91e7f747e1defb72a29 /seedemu_worker
#13 CACHED

#14 [12/16] RUN chmod +x /seedemu_worker
#14 CACHED


#15 [14/16] COPY e01e36443f9f72c6204189260d0bd276 /ifinfo.txt
#15 CACHED

#16 [ 6/16] COPY 365d27384adc9719099d1f63f2d15824 /root/.zshrc.pre
#6 [ 6/16] COPY 365d27384adc9719099d1f63f2d15824 /root/.zshrc.pre
#16 CACHED

#17 [ 4/16] RUN touch /usr/share/doc/bird2/examples/bird.conf
#6 CACHED
#17 CACHED


#18 [ 7/16] COPY 082b96ec819c95ae773daebde675ef80 /start.sh

#18 CACHED
#0 building with "default" instance using docker driver

#7 [ 8/16] COPY d18858afc6bb66ec3a19d872077acfd2 /seedemu_sniffer
#7 CACHED

#19 [15/16] COPY d3d51fdf7f4bad30dc5db560a01ce629 /interface_setup

#1 [internal] load build definition from Dockerfile
#3 [internal] load .dockerignore
#8 [10/16] RUN chmod +x /start.sh
#8 CACHED

#1 DONE 0.0s
#9 [12/16] RUN chmod +x /seedemu_worker
#9 CACHED
#3 DONE 0.0s

#10 [ 3/16] RUN mkdir -p /usr/share/doc/bird2/examples/
#10 CACHED

#11 [ 5/16] COPY 92872f20cfb75af4e3e1c588b00d6484 /replace_address.sh
#11 CACHED

#12 [ 7/16] COPY 082b96ec819c95ae773daebde675ef80 /start.sh
#12 CACHED

#13 [13/16] COPY 2b0ae038330eccd43095538618caee7d /etc/bird/bird.conf
#13 CACHED
#0 building with "default" instance using docker driver


#14 [ 9/16] COPY 17ac2d812a99a91e7f747e1defb72a29 /seedemu_worker
#14 CACHED

#1 [internal] load build definition from Dockerfile
#15 [ 4/16] RUN touch /usr/share/doc/bird2/examples/bird.conf
#15 CACHED

#1 DONE 0.0s
#16 [11/16] RUN chmod +x /seedemu_sniffer
#16 CACHED

#17 [14/16] COPY e01e36443f9f72c6204189260d0bd276 /ifinfo.txt
#17 CACHED

#18 [ 2/16] RUN apt-get update && apt-get install -y --no-install-recommends netcat-openbsd
#18 CACHED

#19 [15/16] COPY d3d51fdf7f4bad30dc5db560a01ce629 /interface_setup
#0 building with "default" instance using docker driver

#1 [internal] load build definition from Dockerfile
#0 building with "default" instance using docker driver

#1 [internal] load build definition from Dockerfile

#1 [internal] load build definition from Dockerfile
#1 transferring dockerfile: 884B done
#1 DONE 0.1s

#2 [internal] load metadata for docker.io/library/39e016aa9e819f203ebc1809245a5818:latest

#3 [internal] load .dockerignore
#3 transferring context: 2B done
#3 DONE 0.1s
#19 CACHED

#20 [16/16] COPY 8e9a384ab59c7626a3ffab63886cc30f /etc/bird/conf/kernel.conf
#19 CACHED

#20 [16/16] COPY 8e9a384ab59c7626a3ffab63886cc30f /etc/bird/conf/kernel.conf
#19 CACHED

#20 [16/16] COPY 8e9a384ab59c7626a3ffab63886cc30f /etc/bird/conf/kernel.conf

#1 [internal] load build definition from Dockerfile
#1 transferring dockerfile: 884B done
#1 DONE 0.1s

#2 [internal] load metadata for docker.io/library/39e016aa9e819f203ebc1809245a5818:latest
#2 DONE 0.1s
#1 transferring dockerfile: 884B done
#1 DONE 0.2s
#1 transferring dockerfile: 884B done
#1 DONE 0.2s
#2 DONE 0.0s

#3 [internal] load .dockerignore
#3 transferring context:

#3 [internal] load .dockerignore
#3 transferring context: 2B done
#3 DONE 0.1s

#4 [ 1/16] FROM docker.io/library/39e016aa9e819f203ebc1809245a5818:latest@sha256:43a6b8a656b4d087c7baad939091f8a4e19bfade899129aaa2d7fd409433266e
#4 resolve docker.io/library/39e016aa9e819f203ebc1809245a5818:latest@sha256:43a6b8a656b4d087c7baad939091f8a4e19bfade899129aaa2d7fd409433266e 0.0s done
#4 DONE 0.0s

#5 [internal] load build context
#5 transferring context: 5.45kB done
#5 DONE 0.1s

#2 [internal] load metadata for docker.io/library/39e016aa9e819f203ebc1809245a5818:latest
#2 DONE 0.1s

#3 [internal] load .dockerignore

#2 [internal] load metadata for docker.io/library/39e016aa9e819f203ebc1809245a5818:latest
#2 DONE 0.1s

#3 [internal] load .dockerignore
#3 transferring context: 2B done
#3 DONE 0.1s

#4 [ 1/16] FROM docker.io/library/39e016aa9e819f203ebc1809245a5818:latest@sha256:43a6b8a656b4d087c7baad939091f8a4e19bfade899129aaa2d7fd409433266e
#4 resolve docker.io/library/39e016aa9e819f203ebc1809245a5818:latest@sha256:43a6b8a656b4d087c7baad939091f8a4e19bfade899129aaa2d7fd409433266e 0.0s done
#4 DONE 0.0s
#3 transferring context: 2B done
#3 DONE 0.0s
#3 transferring context: 2B done
#3 DONE 0.0s
#20 DONE 1.6s
#20 DONE 1.7s
#20 DONE 1.7s

#21 exporting to image

#21 exporting to image

#4 [ 1/16] FROM docker.io/library/39e016aa9e819f203ebc1809245a5818:latest@sha256:43a6b8a656b4d087c7baad939091f8a4e19bfade899129aaa2d7fd409433266e
#4 resolve docker.io/library/39e016aa9e819f203ebc1809245a5818:latest@sha256:43a6b8a656b4d087c7baad939091f8a4e19bfade899129aaa2d7fd409433266e 0.0s done
#4 DONE 0.0s

#4 [ 1/16] FROM docker.io/library/39e016aa9e819f203ebc1809245a5818:latest@sha256:43a6b8a656b4d087c7baad939091f8a4e19bfade899129aaa2d7fd409433266e
#4 resolve docker.io/library/39e016aa9e819f203ebc1809245a5818:latest@sha256:43a6b8a656b4d087c7baad939091f8a4e19bfade899129aaa2d7fd409433266e 0.0s done
#4 DONE 0.0s

#21 exporting to image

#4 [ 1/16] FROM docker.io/library/39e016aa9e819f203ebc1809245a5818:latest@sha256:43a6b8a656b4d087c7baad939091f8a4e19bfade899129aaa2d7fd409433266e
#4 resolve docker.io/library/39e016aa9e819f203ebc1809245a5818:latest@sha256:43a6b8a656b4d087c7baad939091f8a4e19bfade899129aaa2d7fd409433266e 0.0s done
#4 DONE 0.0s

#6 [ 8/16] COPY d18858afc6bb66ec3a19d872077acfd2 /seedemu_sniffer
#6 CACHED

#7 [ 2/16] RUN apt-get update && apt-get install -y --no-install-recommends netcat-openbsd
#7 CACHED

#8 [ 4/16] RUN touch /usr/share/doc/bird2/examples/bird.conf
#8 CACHED

#9 [ 7/16] COPY 082b96ec819c95ae773daebde675ef80 /start.sh
#9 CACHED

#10 [10/16] RUN chmod +x /start.sh
#10 CACHED

#11 [12/16] RUN chmod +x /seedemu_worker
#11 CACHED

#12 [ 3/16] RUN mkdir -p /usr/share/doc/bird2/examples/
#12 CACHED

#13 [ 9/16] COPY 17ac2d812a99a91e7f747e1defb72a29 /seedemu_worker
#13 CACHED

#14 [13/16] COPY 2b0ae038330eccd43095538618caee7d /etc/bird/bird.conf
#14 CACHED

#15 [14/16] COPY e01e36443f9f72c6204189260d0bd276 /ifinfo.txt
#15 CACHED

#16 [ 5/16] COPY 92872f20cfb75af4e3e1c588b00d6484 /replace_address.sh
#16 CACHED

#17 [11/16] RUN chmod +x /seedemu_sniffer
#17 CACHED

#18 [ 6/16] COPY 365d27384adc9719099d1f63f2d15824 /root/.zshrc.pre
#18 CACHED

#19 [15/16] COPY d3d51fdf7f4bad30dc5db560a01ce629 /interface_setup

#5 [internal] load build context
#5 DONE 0.0s

#5 [internal] load build context
#5 DONE 0.0s

#5 [internal] load build context
#5 DONE 0.0s

#5 [internal] load build context
#5 DONE 0.0s
#21 exporting layers
#21 exporting layers
#21 exporting layers
#21 exporting layers 0.2s done
#21 exporting layers 0.2s done
#21 exporting layers 0.2s done
#21 exporting manifest sha256:d7510740ed15acdd4e1365fc80eca2e59b202a439a6d2235f2e8e860a73efd48 0.0s done
#21 exporting config sha256:0955f7240e81691f42762fd131a3dc79f0190cc6c08652cd40b921a58e6667a3 0.1s done
#19 CACHED

#20 [16/16] COPY 8e9a384ab59c7626a3ffab63886cc30f /etc/bird/conf/kernel.conf
#21 exporting manifest sha256:4b15d5b981d9cb5836e6a38d77181b7bbdc10ead99396e00356cd3b40fa47a37 0.1s done
#21 exporting config sha256:fbc636948160bc6f6eeda1620d61e4675e47171ae4ff16d126ad337129cd74a9

#5 [internal] load build context
#5 transferring context: 5.45kB done
#5 DONE 0.0s
#21 exporting manifest sha256:438bdb5cb3d831a603123d10d2858cb9c8fff200ccbfbdd3683c842a7906c563 0.1s done
#21 exporting config sha256:ed6f5111231b7f4903035e22cd298785bd98152b3acdac1e4ff921845836e9cc

#5 [internal] load build context
#5 transferring context: 5.45kB done
#5 DONE 0.0s

#5 [internal] load build context
#5 transferring context: 5.45kB done
#5 DONE 0.0s

#5 [internal] load build context
#5 transferring context: 5.45kB done
#5 DONE 0.1s
#21 exporting attestation manifest sha256:aba5a399c79386137bef477be18aff755f2558f4d87c2f57f3bb31f60462afdf
#21 exporting config sha256:fbc636948160bc6f6eeda1620d61e4675e47171ae4ff16d126ad337129cd74a9 0.1s done
#21 exporting config sha256:ed6f5111231b7f4903035e22cd298785bd98152b3acdac1e4ff921845836e9cc 0.2s done
#20 DONE 0.5s
#21 exporting attestation manifest sha256:536c6265c6ed04f13d312c32f5904665a55e04a2b2e7d3caf233bea0cd4d256a
#21 exporting attestation manifest sha256:10d55cc6429ffd26bf1e3d3da629356b6ad80505fe671e259d03ed25a9b91645
#21 exporting attestation manifest sha256:aba5a399c79386137bef477be18aff755f2558f4d87c2f57f3bb31f60462afdf 0.3s done
#21 exporting manifest list sha256:736d6566da0688bf5d1cb4265520ffab103181200cb21e63e254e0dfb07a94d5
#21 exporting manifest list sha256:736d6566da0688bf5d1cb4265520ffab103181200cb21e63e254e0dfb07a94d5 0.0s done
#21 naming to 192.168.122.110:5000/rs_ix_ix73:latest 0.0s done
#21 unpacking to 192.168.122.110:5000/rs_ix_ix73:latest 0.1s done
#21 exporting attestation manifest sha256:536c6265c6ed04f13d312c32f5904665a55e04a2b2e7d3caf233bea0cd4d256a 0.1s done
#21 exporting manifest list sha256:77a349e250d23f29fa7e732e066aa75c516bab89e6a4a91a37c4d57a21712f35 0.0s done
#21 naming to 192.168.122.110:5000/rs_ix_ix61:latest done
#21 unpacking to 192.168.122.110:5000/rs_ix_ix61:latest 0.1s done
#21 exporting attestation manifest sha256:10d55cc6429ffd26bf1e3d3da629356b6ad80505fe671e259d03ed25a9b91645 0.1s done
#21 exporting manifest list sha256:4baa01701440cc3993f32e5b4c77d65d17082dea8a5bbdff4a92ffa386949d6c 0.0s done
#21 naming to 192.168.122.110:5000/rs_ix_ix24:latest done
#21 unpacking to 192.168.122.110:5000/rs_ix_ix24:latest 0.1s done
#21 DONE 0.9s
#21 DONE 0.9s
#21 DONE 0.9s

#21 exporting to image
#21 exporting layers 0.1s done
+ seedemu_build_and_push 192.168.122.110:5000/rs_ix_ix219:latest ./rs_ix_ix219
#21 exporting manifest sha256:bce933a30c24b3a12df11b5c9b453287f22dc9a45553787ed2a7a249cf33ec46 0.0s done
#21 exporting config sha256:d79e4fa8375937f83a38f770d0258861a9c80a968c87ebaca430402f385aed84 0.0s done
#21 exporting attestation manifest sha256:595fd3c4894d0616a36cfb5dfe0fecb71f1297933a6ab589e6b0fc226466f413 0.0s done
#21 exporting manifest list sha256:33b65531d0ac424ed1ed7226e8b6ea4d76ca8ee4915b2de670c2c19750c437a7 0.0s done
#21 naming to 192.168.122.110:5000/rs_ix_ix71:latest
+ seedemu_build_and_push 192.168.122.110:5000/rs_ix_ix296:latest ./rs_ix_ix296
+ seedemu_build_and_push 192.168.122.110:5000/rs_ix_ix6:latest ./rs_ix_ix6
#21 naming to 192.168.122.110:5000/rs_ix_ix71:latest done
#21 unpacking to 192.168.122.110:5000/rs_ix_ix71:latest 0.1s done
#21 DONE 0.4s
+ seedemu_build_and_push 192.168.122.110:5000/rs_ix_ix206:latest ./rs_ix_ix206


#6 [ 5/16] COPY 92872f20cfb75af4e3e1c588b00d6484 /replace_address.sh
#6 [ 2/16] RUN apt-get update && apt-get install -y --no-install-recommends netcat-openbsd
#6 CACHED
#6 CACHED


#7 [ 8/16] COPY d18858afc6bb66ec3a19d872077acfd2 /seedemu_sniffer
#7 [ 3/16] RUN mkdir -p /usr/share/doc/bird2/examples/
#7 CACHED
#7 CACHED


#8 [11/16] RUN chmod +x /seedemu_sniffer
#8 [ 4/16] RUN touch /usr/share/doc/bird2/examples/bird.conf
#8 CACHED
#8 CACHED


#9 [ 4/16] RUN touch /usr/share/doc/bird2/examples/bird.conf
#9 [ 7/16] COPY 082b96ec819c95ae773daebde675ef80 /start.sh
#9 CACHED
#9 CACHED


#10 [ 6/16] COPY 365d27384adc9719099d1f63f2d15824 /root/.zshrc.pre
#10 [ 9/16] COPY 17ac2d812a99a91e7f747e1defb72a29 /seedemu_worker
#10 CACHED
#10 CACHED


#11 [ 7/16] COPY 082b96ec819c95ae773daebde675ef80 /start.sh
#11 [ 8/16] COPY d18858afc6bb66ec3a19d872077acfd2 /seedemu_sniffer
#11 CACHED
#11 CACHED


#12 [13/16] COPY 2b0ae038330eccd43095538618caee7d /etc/bird/bird.conf
#12 [12/16] RUN chmod +x /seedemu_worker
#12 CACHED
#12 CACHED


#13 [14/16] COPY e01e36443f9f72c6204189260d0bd276 /ifinfo.txt
#13 [14/16] COPY e01e36443f9f72c6204189260d0bd276 /ifinfo.txt
#13 CACHED
#13 CACHED


#14 [ 2/16] RUN apt-get update && apt-get install -y --no-install-recommends netcat-openbsd
#14 [ 5/16] COPY 92872f20cfb75af4e3e1c588b00d6484 /replace_address.sh
#14 CACHED

#14 CACHED
#15 [ 6/16] COPY 365d27384adc9719099d1f63f2d15824 /root/.zshrc.pre

#15 CACHED
#15 [ 9/16] COPY 17ac2d812a99a91e7f747e1defb72a29 /seedemu_worker

#15 CACHED
#16 [10/16] RUN chmod +x /start.sh

#16 CACHED
#16 [10/16] RUN chmod +x /start.sh

#16 CACHED
#17 [11/16] RUN chmod +x /seedemu_sniffer

#17 CACHED
#17 [12/16] RUN chmod +x /seedemu_worker

#17 CACHED
#18 [13/16] COPY 2b0ae038330eccd43095538618caee7d /etc/bird/bird.conf

#18 CACHED
#18 [ 3/16] RUN mkdir -p /usr/share/doc/bird2/examples/
#18 CACHED

#19 [15/16] COPY d3d51fdf7f4bad30dc5db560a01ce629 /interface_setup

#19 [15/16] COPY d3d51fdf7f4bad30dc5db560a01ce629 /interface_setup
#0 building with "default" instance using docker driver

#1 [internal] load build definition from Dockerfile
#1 DONE 0.0s

#6 [ 2/16] RUN apt-get update && apt-get install -y --no-install-recommends netcat-openbsd
#6 CACHED

#7 [ 3/16] RUN mkdir -p /usr/share/doc/bird2/examples/
#7 CACHED

#8 [ 5/16] COPY 92872f20cfb75af4e3e1c588b00d6484 /replace_address.sh
#8 CACHED
#0 building with "default" instance using docker driver


#9 [ 8/16] COPY d18858afc6bb66ec3a19d872077acfd2 /seedemu_sniffer
#1 [internal] load build definition from Dockerfile
#9 CACHED

#10 [10/16] RUN chmod +x /start.sh
#1 DONE 0.0s
#10 CACHED

#11 [ 7/16] COPY 082b96ec819c95ae773daebde675ef80 /start.sh
#0 building with "default" instance using docker driver

#11 CACHED

#12 [ 4/16] RUN touch /usr/share/doc/bird2/examples/bird.conf
#1 [internal] load build definition from Dockerfile
#12 CACHED

#1 DONE 0.0s

#13 [ 6/16] COPY 365d27384adc9719099d1f63f2d15824 /root/.zshrc.pre
#13 CACHED

#6 [ 4/16] RUN touch /usr/share/doc/bird2/examples/bird.conf
#14 [ 9/16] COPY 17ac2d812a99a91e7f747e1defb72a29 /seedemu_worker
#6 CACHED
#14 CACHED


#15 [11/16] RUN chmod +x /seedemu_sniffer
#7 [11/16] RUN chmod +x /seedemu_sniffer
#15 CACHED
#7 CACHED


#16 [12/16] RUN chmod +x /seedemu_worker
#8 [ 5/16] COPY 92872f20cfb75af4e3e1c588b00d6484 /replace_address.sh
#16 CACHED
#8 CACHED


#17 [13/16] COPY 2b0ae038330eccd43095538618caee7d /etc/bird/bird.conf
#9 [13/16] COPY 2b0ae038330eccd43095538618caee7d /etc/bird/bird.conf
#9 CACHED
#17 CACHED


#10 [ 3/16] RUN mkdir -p /usr/share/doc/bird2/examples/
#18 [14/16] COPY e01e36443f9f72c6204189260d0bd276 /ifinfo.txt
#10 CACHED

#18 CACHED
#11 [ 7/16] COPY 082b96ec819c95ae773daebde675ef80 /start.sh
#11 CACHED


#0 building with "default" instance using docker driver

#12 [10/16] RUN chmod +x /start.sh
#19 [15/16] COPY d3d51fdf7f4bad30dc5db560a01ce629 /interface_setup
#12 CACHED

#1 [internal] load build definition from Dockerfile
#13 [12/16] RUN chmod +x /seedemu_worker
#13 CACHED

#14 [ 6/16] COPY 365d27384adc9719099d1f63f2d15824 /root/.zshrc.pre
#1 DONE 0.0s
#14 CACHED

#15 [ 8/16] COPY d18858afc6bb66ec3a19d872077acfd2 /seedemu_sniffer
#15 CACHED

#16 [ 9/16] COPY 17ac2d812a99a91e7f747e1defb72a29 /seedemu_worker
#16 CACHED

#17 [14/16] COPY e01e36443f9f72c6204189260d0bd276 /ifinfo.txt
#17 CACHED

#18 [ 2/16] RUN apt-get update && apt-get install -y --no-install-recommends netcat-openbsd
#18 CACHED

#19 [15/16] COPY d3d51fdf7f4bad30dc5db560a01ce629 /interface_setup

#1 [internal] load build definition from Dockerfile
#1 transferring dockerfile: 884B done
#1 DONE 0.0s

#2 [internal] load metadata for docker.io/library/39e016aa9e819f203ebc1809245a5818:latest
#2 DONE 0.0s

#3 [internal] load .dockerignore
#3 transferring context:

#1 [internal] load build definition from Dockerfile
#1 transferring dockerfile: 884B done
#1 DONE 0.0s

#2 [internal] load metadata for docker.io/library/39e016aa9e819f203ebc1809245a5818:latest
#2 DONE 0.1s

#3 [internal] load .dockerignore
#3 transferring context:

#1 [internal] load build definition from Dockerfile
#1 transferring dockerfile: 884B done
#1 DONE 0.0s

#2 [internal] load metadata for docker.io/library/39e016aa9e819f203ebc1809245a5818:latest
#2 DONE 0.1s

#3 [internal] load .dockerignore
#3 transferring context:

#1 [internal] load build definition from Dockerfile
#1 transferring dockerfile: 884B done
#1 DONE 0.0s

#2 [internal] load metadata for docker.io/library/39e016aa9e819f203ebc1809245a5818:latest
#2 DONE 0.0s

#3 [internal] load .dockerignore
#3 transferring context:
#19 CACHED

#20 [16/16] COPY 8e9a384ab59c7626a3ffab63886cc30f /etc/bird/conf/kernel.conf
#19 CACHED

#20 [16/16] COPY 8e9a384ab59c7626a3ffab63886cc30f /etc/bird/conf/kernel.conf
#19 CACHED

#20 [16/16] COPY 8e9a384ab59c7626a3ffab63886cc30f /etc/bird/conf/kernel.conf
#19 CACHED

#20 [16/16] COPY 8e9a384ab59c7626a3ffab63886cc30f /etc/bird/conf/kernel.conf
#3 transferring context: 2B done
#3 DONE 0.0s

#4 [ 1/16] FROM docker.io/library/39e016aa9e819f203ebc1809245a5818:latest@sha256:43a6b8a656b4d087c7baad939091f8a4e19bfade899129aaa2d7fd409433266e
#4 resolve docker.io/library/39e016aa9e819f203ebc1809245a5818:latest@sha256:43a6b8a656b4d087c7baad939091f8a4e19bfade899129aaa2d7fd409433266e 0.0s done
#4 DONE 0.0s

#5 [internal] load build context
#3 transferring context: 2B done
#3 DONE 0.1s

#4 [ 1/16] FROM docker.io/library/39e016aa9e819f203ebc1809245a5818:latest@sha256:43a6b8a656b4d087c7baad939091f8a4e19bfade899129aaa2d7fd409433266e
#4 resolve docker.io/library/39e016aa9e819f203ebc1809245a5818:latest@sha256:43a6b8a656b4d087c7baad939091f8a4e19bfade899129aaa2d7fd409433266e 0.0s done
#4 DONE 0.0s
#3 transferring context: 2B done
#3 DONE 0.1s

#4 [ 1/16] FROM docker.io/library/39e016aa9e819f203ebc1809245a5818:latest@sha256:43a6b8a656b4d087c7baad939091f8a4e19bfade899129aaa2d7fd409433266e
#4 resolve docker.io/library/39e016aa9e819f203ebc1809245a5818:latest@sha256:43a6b8a656b4d087c7baad939091f8a4e19bfade899129aaa2d7fd409433266e 0.0s done
#4 DONE 0.0s
#3 transferring context: 2B done
#3 DONE 0.1s

#4 [ 1/16] FROM docker.io/library/39e016aa9e819f203ebc1809245a5818:latest@sha256:43a6b8a656b4d087c7baad939091f8a4e19bfade899129aaa2d7fd409433266e
#4 resolve docker.io/library/39e016aa9e819f203ebc1809245a5818:latest@sha256:43a6b8a656b4d087c7baad939091f8a4e19bfade899129aaa2d7fd409433266e 0.0s done
#4 DONE 0.0s
#5 transferring context: 5.44kB done
#5 DONE 0.0s

#5 [internal] load build context
#5 transferring context: 5.45kB done
#5 DONE 0.1s

#5 [internal] load build context
#5 transferring context: 5.45kB done
#5 DONE 0.1s

#5 [internal] load build context
#5 transferring context: 5.45kB done
#5 DONE 0.1s
#20 DONE 1.7s
#20 DONE 1.7s
#20 DONE 1.7s
#20 DONE 1.7s

#21 exporting to image

#21 exporting to image

#21 exporting to image

#21 exporting to image
#21 exporting layers
#21 exporting layers
#21 exporting layers
#21 exporting layers
#21 exporting layers 0.2s done
#21 exporting layers 0.2s done
#21 exporting layers 0.2s done
#21 exporting layers 0.2s done
#21 exporting manifest sha256:c5245369059110ee2cd7ff306a1209b29a1749d04087486c9095a2474d0a7ea6 0.0s done
#21 exporting config sha256:d189090801ca798d67fc471a8b87041ae46678e356341c518258e0f14dbbd665 0.0s done
#21 exporting attestation manifest sha256:79d9698efbe211a7a2c79d81a1d9dcd7516d41d39fb1866a5c96517643114c5b
#21 exporting manifest sha256:e1f10d1d8a1e202caccc3b39435718c00b779b5db6e529d98dabf025d375f404 0.0s done
#21 exporting config sha256:126fd9f3d7cffbdbd2e36e48c3d9f061540ea9f33b64a98613194c0b60251a26 0.0s done
#21 exporting attestation manifest sha256:0cdac0d4d6ce317e522efb49741dd47667270499ca6daf00378f476325e2e420
#21 exporting manifest sha256:b3a3205ae7af44175a69e3597f98a73c4047e26ddafc49e8648b6017a368435a 0.0s done
#21 exporting config sha256:a53d58bb1101e7079972ce24d660d6e88603f95f792b1bf161490562a726222d 0.0s done
#21 exporting attestation manifest sha256:66071eaaba85cc8b0b82777d707ff7a1a39636966afb3a9273b3c0783fb6dfa2
#21 exporting manifest sha256:d4dd551c98b32fefc90305b60a3df23903eedfee8b2f1ddfe8e93c433900f6e2 0.0s done
#21 exporting config sha256:b7aba40e1b6eb31f19958a20d913bda8ff07fb27af446dfe59e5c47c5a1812c3 0.0s done
#21 exporting attestation manifest sha256:b6faa723e007b6da1604c4cc43ae8de68fd17fd0c3359c223c4e165aafd2e700
#21 exporting attestation manifest sha256:79d9698efbe211a7a2c79d81a1d9dcd7516d41d39fb1866a5c96517643114c5b 0.5s done
#21 exporting manifest list sha256:b62d96ff2c223151dc360713c6f2d2507c97113cdd8c675cf3ded20af4412391
#21 exporting attestation manifest sha256:0cdac0d4d6ce317e522efb49741dd47667270499ca6daf00378f476325e2e420 0.5s done
#21 exporting manifest list sha256:343cac69dbff9291ea3b2501e5d9166f47bab7cf2a3ac74bc85132cef1ff74d4
#21 exporting attestation manifest sha256:66071eaaba85cc8b0b82777d707ff7a1a39636966afb3a9273b3c0783fb6dfa2 0.5s done
#21 exporting manifest list sha256:292870b85dbf38d3044b97ed60879683f738972120be02a41f11e0fddfda9a7b
#21 exporting attestation manifest sha256:b6faa723e007b6da1604c4cc43ae8de68fd17fd0c3359c223c4e165aafd2e700 0.4s done
#21 exporting manifest list sha256:4fad54578460663d7f4b9568b049985e85eaac7021de4bfc0aa51bdb28153734
#21 exporting manifest list sha256:b62d96ff2c223151dc360713c6f2d2507c97113cdd8c675cf3ded20af4412391 0.0s done
#21 naming to 192.168.122.110:5000/rs_ix_ix20:latest 0.0s done
#21 unpacking to 192.168.122.110:5000/rs_ix_ix20:latest 0.1s done
#21 exporting manifest list sha256:343cac69dbff9291ea3b2501e5d9166f47bab7cf2a3ac74bc85132cef1ff74d4 0.0s done
#21 naming to 192.168.122.110:5000/rs_ix_ix96:latest 0.0s done
#21 unpacking to 192.168.122.110:5000/rs_ix_ix96:latest 0.1s done
#21 exporting manifest list sha256:292870b85dbf38d3044b97ed60879683f738972120be02a41f11e0fddfda9a7b 0.0s done
#21 naming to 192.168.122.110:5000/rs_ix_ix44:latest 0.0s done
#21 unpacking to 192.168.122.110:5000/rs_ix_ix44:latest 0.1s done
#21 exporting manifest list sha256:4fad54578460663d7f4b9568b049985e85eaac7021de4bfc0aa51bdb28153734 0.0s done
#21 naming to 192.168.122.110:5000/rs_ix_ix171:latest done
#21 unpacking to 192.168.122.110:5000/rs_ix_ix171:latest 0.1s done
#21 DONE 1.1s
#21 DONE 1.1s
#21 DONE 1.1s
#21 DONE 1.1s
+ seedemu_build_and_push 192.168.122.110:5000/rs_ix_ix36:latest ./rs_ix_ix36
+ seedemu_build_and_push 192.168.122.110:5000/rs_ix_ix8:latest ./rs_ix_ix8
+ seedemu_build_and_push 192.168.122.110:5000/rs_ix_ix5:latest ./rs_ix_ix5
+ seedemu_build_and_push 192.168.122.110:5000/rs_ix_ix18:latest ./rs_ix_ix18

#6 [10/16] RUN chmod +x /start.sh
#6 CACHED

#7 [12/16] RUN chmod +x /seedemu_worker
#7 CACHED

#8 [ 2/16] RUN apt-get update && apt-get install -y --no-install-recommends netcat-openbsd
#8 CACHED

#9 [ 3/16] RUN mkdir -p /usr/share/doc/bird2/examples/
#9 CACHED

#10 [ 4/16] RUN touch /usr/share/doc/bird2/examples/bird.conf
#10 CACHED

#11 [ 8/16] COPY d18858afc6bb66ec3a19d872077acfd2 /seedemu_sniffer
#11 CACHED

#12 [13/16] COPY 2b0ae038330eccd43095538618caee7d /etc/bird/bird.conf
#12 CACHED

#13 [11/16] RUN chmod +x /seedemu_sniffer
#13 CACHED

#14 [14/16] COPY e01e36443f9f72c6204189260d0bd276 /ifinfo.txt
#14 CACHED

#15 [ 5/16] COPY 92872f20cfb75af4e3e1c588b00d6484 /replace_address.sh
#15 CACHED

#16 [ 6/16] COPY 365d27384adc9719099d1f63f2d15824 /root/.zshrc.pre
#16 CACHED

#17 [ 7/16] COPY 082b96ec819c95ae773daebde675ef80 /start.sh
#17 CACHED

#18 [ 9/16] COPY 17ac2d812a99a91e7f747e1defb72a29 /seedemu_worker
#18 CACHED

#19 [15/16] COPY d3d51fdf7f4bad30dc5db560a01ce629 /interface_setup

#6 [ 2/16] RUN apt-get update && apt-get install -y --no-install-recommends netcat-openbsd
#6 CACHED

#7 [ 4/16] RUN touch /usr/share/doc/bird2/examples/bird.conf
#7 CACHED

#8 [10/16] RUN chmod +x /start.sh
#8 CACHED

#9 [13/16] COPY 2b0ae038330eccd43095538618caee7d /etc/bird/bird.conf
#9 CACHED

#10 [ 5/16] COPY 92872f20cfb75af4e3e1c588b00d6484 /replace_address.sh
#10 CACHED

#11 [ 6/16] COPY 365d27384adc9719099d1f63f2d15824 /root/.zshrc.pre
#11 CACHED

#12 [ 8/16] COPY d18858afc6bb66ec3a19d872077acfd2 /seedemu_sniffer
#12 CACHED

#13 [14/16] COPY e01e36443f9f72c6204189260d0bd276 /ifinfo.txt
#13 CACHED

#14 [ 9/16] COPY 17ac2d812a99a91e7f747e1defb72a29 /seedemu_worker
#14 CACHED

#15 [12/16] RUN chmod +x /seedemu_worker
#15 CACHED

#16 [ 3/16] RUN mkdir -p /usr/share/doc/bird2/examples/
#16 CACHED


#17 [ 7/16] COPY 082b96ec819c95ae773daebde675ef80 /start.sh
#17 CACHED

#18 [11/16] RUN chmod +x /seedemu_sniffer
#18 CACHED

#6 [ 8/16] COPY d18858afc6bb66ec3a19d872077acfd2 /seedemu_sniffer
#19 [15/16] COPY d3d51fdf7f4bad30dc5db560a01ce629 /interface_setup
#6 CACHED

#7 [13/16] COPY 2b0ae038330eccd43095538618caee7d /etc/bird/bird.conf
#7 CACHED

#8 [ 4/16] RUN touch /usr/share/doc/bird2/examples/bird.conf
#8 CACHED

#9 [ 5/16] COPY 92872f20cfb75af4e3e1c588b00d6484 /replace_address.sh
#9 CACHED

#0 building with "default" instance using docker driver

#10 [10/16] RUN chmod +x /start.sh
#10 CACHED

#11 [14/16] COPY e01e36443f9f72c6204189260d0bd276 /ifinfo.txt
#1 [internal] load build definition from Dockerfile
#11 CACHED

#12 [ 3/16] RUN mkdir -p /usr/share/doc/bird2/examples/
#1 DONE 0.0s
#12 CACHED

#13 [ 6/16] COPY 365d27384adc9719099d1f63f2d15824 /root/.zshrc.pre
#13 CACHED

#14 [ 7/16] COPY 082b96ec819c95ae773daebde675ef80 /start.sh
#14 CACHED


#15 [ 9/16] COPY 17ac2d812a99a91e7f747e1defb72a29 /seedemu_worker
#15 CACHED

#16 [11/16] RUN chmod +x /seedemu_sniffer
#6 [ 6/16] COPY 365d27384adc9719099d1f63f2d15824 /root/.zshrc.pre
#16 CACHED

#6 CACHED
#17 [12/16] RUN chmod +x /seedemu_worker
#17 CACHED


#7 [ 8/16] COPY d18858afc6bb66ec3a19d872077acfd2 /seedemu_sniffer
#18 [ 2/16] RUN apt-get update && apt-get install -y --no-install-recommends netcat-openbsd
#7 CACHED
#18 CACHED

#8 [13/16] COPY 2b0ae038330eccd43095538618caee7d /etc/bird/bird.conf

#8 CACHED
#19 [15/16] COPY d3d51fdf7f4bad30dc5db560a01ce629 /interface_setup

#0 building with "default" instance using docker driver

#9 [ 2/16] RUN apt-get update && apt-get install -y --no-install-recommends netcat-openbsd
#9 CACHED
#1 [internal] load build definition from Dockerfile

#10 [14/16] COPY e01e36443f9f72c6204189260d0bd276 /ifinfo.txt
#10 CACHED
#1 DONE 0.0s

#11 [ 9/16] COPY 17ac2d812a99a91e7f747e1defb72a29 /seedemu_worker
#11 CACHED

#12 [10/16] RUN chmod +x /start.sh
#12 CACHED

#13 [ 3/16] RUN mkdir -p /usr/share/doc/bird2/examples/
#13 CACHED

#14 [ 5/16] COPY 92872f20cfb75af4e3e1c588b00d6484 /replace_address.sh
#14 CACHED

#0 building with "default" instance using docker driver

#15 [ 7/16] COPY 082b96ec819c95ae773daebde675ef80 /start.sh
#15 CACHED

#1 [internal] load build definition from Dockerfile
#16 [11/16] RUN chmod +x /seedemu_sniffer
#16 CACHED

#17 [12/16] RUN chmod +x /seedemu_worker
#1 DONE 0.0s
#17 CACHED

#18 [ 4/16] RUN touch /usr/share/doc/bird2/examples/bird.conf
#18 CACHED

#19 [15/16] COPY d3d51fdf7f4bad30dc5db560a01ce629 /interface_setup
#0 building with "default" instance using docker driver

#1 [internal] load build definition from Dockerfile

#1 [internal] load build definition from Dockerfile
#1 transferring dockerfile: 884B done
#1 DONE 0.1s

#2 [internal] load metadata for docker.io/library/39e016aa9e819f203ebc1809245a5818:latest

#1 [internal] load build definition from Dockerfile
#1 transferring dockerfile: 884B done
#1 DONE 0.1s

#1 [internal] load build definition from Dockerfile
#1 transferring dockerfile: 884B done
#1 DONE 0.1s
#1 transferring dockerfile: 884B done
#1 DONE 0.1s
#19 CACHED

#20 [16/16] COPY 8e9a384ab59c7626a3ffab63886cc30f /etc/bird/conf/kernel.conf
#20 DONE 0.1s
#19 CACHED

#20 [16/16] COPY 8e9a384ab59c7626a3ffab63886cc30f /etc/bird/conf/kernel.conf
#20 DONE 0.1s
#19 CACHED

#20 [16/16] COPY 8e9a384ab59c7626a3ffab63886cc30f /etc/bird/conf/kernel.conf
#20 DONE 0.1s
#19 CACHED

#20 [16/16] COPY 8e9a384ab59c7626a3ffab63886cc30f /etc/bird/conf/kernel.conf
#20 DONE 0.1s
#2 DONE 0.0s

#3 [ 1/16] FROM docker.io/library/39e016aa9e819f203ebc1809245a5818:latest@sha256:43a6b8a656b4d087c7baad939091f8a4e19bfade899129aaa2d7fd409433266e
#3 resolve docker.io/library/39e016aa9e819f203ebc1809245a5818:latest@sha256:43a6b8a656b4d087c7baad939091f8a4e19bfade899129aaa2d7fd409433266e 0.0s done
#3 DONE 0.0s

#4 [internal] load .dockerignore
#4 transferring context: 2B done
#4 DONE 0.1s

#2 [ 1/16] FROM docker.io/library/39e016aa9e819f203ebc1809245a5818:latest@sha256:43a6b8a656b4d087c7baad939091f8a4e19bfade899129aaa2d7fd409433266e
#2 resolve docker.io/library/39e016aa9e819f203ebc1809245a5818:latest@sha256:43a6b8a656b4d087c7baad939091f8a4e19bfade899129aaa2d7fd409433266e 0.0s done
#2 DONE 0.0s

#3 [internal] load metadata for docker.io/library/39e016aa9e819f203ebc1809245a5818:latest
#3 DONE 0.0s

#4 [internal] load .dockerignore
#4 transferring context: 2B done
#4 DONE 0.0s

#5 [internal] load build context

#2 [ 1/16] FROM docker.io/library/39e016aa9e819f203ebc1809245a5818:latest@sha256:43a6b8a656b4d087c7baad939091f8a4e19bfade899129aaa2d7fd409433266e
#2 resolve docker.io/library/39e016aa9e819f203ebc1809245a5818:latest@sha256:43a6b8a656b4d087c7baad939091f8a4e19bfade899129aaa2d7fd409433266e 0.0s done
#2 DONE 0.0s

#3 [internal] load metadata for docker.io/library/39e016aa9e819f203ebc1809245a5818:latest
#3 DONE 0.0s

#4 [internal] load .dockerignore
#4 transferring context: 2B done
#4 DONE 0.1s

#5 [internal] load build context

#21 exporting to image
#21 exporting layers

#21 exporting to image
#21 exporting layers

#2 [ 1/16] FROM docker.io/library/39e016aa9e819f203ebc1809245a5818:latest@sha256:43a6b8a656b4d087c7baad939091f8a4e19bfade899129aaa2d7fd409433266e
#2 resolve docker.io/library/39e016aa9e819f203ebc1809245a5818:latest@sha256:43a6b8a656b4d087c7baad939091f8a4e19bfade899129aaa2d7fd409433266e 0.0s done
#2 DONE 0.0s

#3 [internal] load metadata for docker.io/library/39e016aa9e819f203ebc1809245a5818:latest
#3 DONE 0.0s

#4 [internal] load .dockerignore
#4 transferring context: 2B done
#4 DONE 0.0s

#5 [internal] load build context

#21 exporting to image
#21 exporting layers

#21 exporting to image
#21 exporting layers
#5 transferring context: 5.45kB done
#5 DONE 0.1s

#5 [internal] load build context
#5 transferring context: 5.44kB done
#5 DONE 0.1s
#21 exporting layers 0.2s done
#21 exporting layers 0.2s done
#21 exporting layers 0.2s done
#21 exporting layers 0.2s done
#21 exporting manifest sha256:164f79d804b514290ee3620ba7fbb304bad357388c7dce87292da8d84ebc6b87 0.0s done
#21 exporting config sha256:38bdfd9837f00960b5d050fea2eb026fe509dbc8296d08b947e1228709291122 0.0s done
#21 exporting attestation manifest sha256:c132be51140d0b34a9419a1a7b740f485c30344173b150fd8f40696a986e9bf3
#21 exporting manifest sha256:d41ba36612b9199936024ea73907cbdb7a7c56ad8010cebbd3ebad540fae663c 0.0s done
#21 exporting config sha256:a812c97806a517480f5ef784462d6eb7b0cbd8ffd25518772a7ad6e017fd83e9 0.0s done
#21 exporting attestation manifest sha256:5dbabde897a0f34952db0e0739ba3adf65339bf27a0477e067023ccbbc3cf0ac
#5 transferring context: 5.45kB done
#5 DONE 0.1s
#21 exporting manifest sha256:49ffcff8a13819913fb597fc8a0404b132c887a13e650d0375ea910781f8abc5 0.0s done
#21 exporting config sha256:fb4ccb7d251dc5189b830641b7ca2b39242958eb4480d6ca2ef325d42e02aa83 0.0s done
#21 exporting attestation manifest sha256:f5c3291efcd1b5a059e8e01767dce0284f714adbf974a0341b984e2c8bc83057
#5 transferring context: 5.44kB done
#5 DONE 0.1s
#21 exporting manifest sha256:327c8e30786295053ccf7c859b13c5746113cc77ff08b75f9e0d77391e2fc8a1 0.0s done
#21 exporting config sha256:8ef91fbce700b9736c1feea9b9ceb96ffa78de585d8bf7d5ab23bfb16a01aa84 0.0s done
#21 exporting attestation manifest sha256:2a115f2187474819e189652852fee7494651a8edfb06a9888c73db8006fed25c
#21 exporting attestation manifest sha256:c132be51140d0b34a9419a1a7b740f485c30344173b150fd8f40696a986e9bf3 0.1s done
#21 exporting manifest list sha256:58a25c91fa25eae402c184d3c57c7bfe12f5d727d2d80604756e3c24e306c52f 0.0s done
#21 naming to 192.168.122.110:5000/rs_ix_ix206:latest
#21 exporting attestation manifest sha256:5dbabde897a0f34952db0e0739ba3adf65339bf27a0477e067023ccbbc3cf0ac 0.1s done
#21 exporting manifest list sha256:1ecfec4d639c73974e283ba7bbb8e7450e1804eb17dc0c68ec08f8985f293e10 0.0s done
#21 naming to 192.168.122.110:5000/rs_ix_ix6:latest
#21 exporting attestation manifest sha256:f5c3291efcd1b5a059e8e01767dce0284f714adbf974a0341b984e2c8bc83057 0.1s done
#21 exporting manifest list sha256:886acd50c4cab33a5539ddfc0759666282ce22059845bad88e1ad63908220aab 0.0s done
#21 naming to 192.168.122.110:5000/rs_ix_ix219:latest
#21 exporting attestation manifest sha256:2a115f2187474819e189652852fee7494651a8edfb06a9888c73db8006fed25c 0.1s done
#21 exporting manifest list sha256:2582cfe9435c8ebc547c58d54d7870191f75f7ac8e1f5d7a23c39f22e374f345 0.0s done
#21 naming to 192.168.122.110:5000/rs_ix_ix296:latest
#21 naming to 192.168.122.110:5000/rs_ix_ix6:latest 0.0s done
#21 unpacking to 192.168.122.110:5000/rs_ix_ix6:latest 0.1s done
#21 naming to 192.168.122.110:5000/rs_ix_ix219:latest 0.0s done
#21 unpacking to 192.168.122.110:5000/rs_ix_ix219:latest 0.1s done
#21 naming to 192.168.122.110:5000/rs_ix_ix206:latest 0.0s done
#21 unpacking to 192.168.122.110:5000/rs_ix_ix206:latest 0.1s done
#21 DONE 0.7s
#21 DONE 0.7s
#21 naming to 192.168.122.110:5000/rs_ix_ix296:latest done
#21 unpacking to 192.168.122.110:5000/rs_ix_ix296:latest 0.1s done
#21 DONE 0.7s
#21 DONE 0.7s
+ seedemu_build_and_push 192.168.122.110:5000/rs_ix_ix4:latest ./rs_ix_ix4
+ seedemu_build_and_push 192.168.122.110:5000/rs_ix_ix13:latest ./rs_ix_ix13
+ seedemu_build_and_push 192.168.122.110:5000/rs_ix_ix106:latest ./rs_ix_ix106
+ seedemu_build_and_push 192.168.122.110:5000/rs_ix_ix39:latest ./rs_ix_ix39

#6 [ 3/16] RUN mkdir -p /usr/share/doc/bird2/examples/
#6 CACHED

#7 [ 8/16] COPY d18858afc6bb66ec3a19d872077acfd2 /seedemu_sniffer
#7 CACHED

#8 [10/16] RUN chmod +x /start.sh
#8 CACHED

#9 [ 2/16] RUN apt-get update && apt-get install -y --no-install-recommends netcat-openbsd
#9 CACHED

#10 [ 7/16] COPY 082b96ec819c95ae773daebde675ef80 /start.sh
#10 CACHED

#11 [ 9/16] COPY 17ac2d812a99a91e7f747e1defb72a29 /seedemu_worker
#11 CACHED

#12 [13/16] COPY 2b0ae038330eccd43095538618caee7d /etc/bird/bird.conf
#12 CACHED

#13 [ 6/16] COPY 365d27384adc9719099d1f63f2d15824 /root/.zshrc.pre
#13 CACHED

#14 [14/16] COPY e01e36443f9f72c6204189260d0bd276 /ifinfo.txt
#14 CACHED

#15 [ 4/16] RUN touch /usr/share/doc/bird2/examples/bird.conf
#15 CACHED

#16 [ 5/16] COPY 92872f20cfb75af4e3e1c588b00d6484 /replace_address.sh
#16 CACHED

#17 [11/16] RUN chmod +x /seedemu_sniffer
#17 CACHED

#18 [12/16] RUN chmod +x /seedemu_worker
#18 CACHED

#19 [15/16] COPY d3d51fdf7f4bad30dc5db560a01ce629 /interface_setup

#6 [ 5/16] COPY 92872f20cfb75af4e3e1c588b00d6484 /replace_address.sh
#6 CACHED

#7 [ 7/16] COPY 082b96ec819c95ae773daebde675ef80 /start.sh
#7 CACHED

#8 [ 9/16] COPY 17ac2d812a99a91e7f747e1defb72a29 /seedemu_worker
#8 CACHED

#9 [10/16] RUN chmod +x /start.sh
#9 CACHED

#10 [ 6/16] COPY 365d27384adc9719099d1f63f2d15824 /root/.zshrc.pre
#10 CACHED

#11 [ 8/16] COPY d18858afc6bb66ec3a19d872077acfd2 /seedemu_sniffer
#11 CACHED

#12 [11/16] RUN chmod +x /seedemu_sniffer
#12 CACHED

#13 [12/16] RUN chmod +x /seedemu_worker
#13 CACHED

#14 [ 4/16] RUN touch /usr/share/doc/bird2/examples/bird.conf
#14 CACHED

#15 [13/16] COPY 2b0ae038330eccd43095538618caee7d /etc/bird/bird.conf
#15 CACHED

#16 [14/16] COPY e01e36443f9f72c6204189260d0bd276 /ifinfo.txt
#16 CACHED

#17 [ 2/16] RUN apt-get update && apt-get install -y --no-install-recommends netcat-openbsd
#17 CACHED

#18 [ 3/16] RUN mkdir -p /usr/share/doc/bird2/examples/
#18 CACHED

#19 [15/16] COPY d3d51fdf7f4bad30dc5db560a01ce629 /interface_setup

#6 [14/16] COPY e01e36443f9f72c6204189260d0bd276 /ifinfo.txt
#6 CACHED

#7 [ 4/16] RUN touch /usr/share/doc/bird2/examples/bird.conf
#7 CACHED

#8 [ 9/16] COPY 17ac2d812a99a91e7f747e1defb72a29 /seedemu_worker
#8 CACHED

#9 [11/16] RUN chmod +x /seedemu_sniffer
#9 CACHED

#10 [13/16] COPY 2b0ae038330eccd43095538618caee7d /etc/bird/bird.conf
#10 CACHED

#11 [ 3/16] RUN mkdir -p /usr/share/doc/bird2/examples/
#11 CACHED
#0 building with "default" instance using docker driver


#12 [ 5/16] COPY 92872f20cfb75af4e3e1c588b00d6484 /replace_address.sh
#12 CACHED

#13 [ 6/16] COPY 365d27384adc9719099d1f63f2d15824 /root/.zshrc.pre
#13 CACHED

#1 [internal] load build definition from Dockerfile
#14 [ 7/16] COPY 082b96ec819c95ae773daebde675ef80 /start.sh
#14 CACHED

#15 [ 8/16] COPY d18858afc6bb66ec3a19d872077acfd2 /seedemu_sniffer
#15 CACHED

#16 [10/16] RUN chmod +x /start.sh
#16 CACHED

#17 [ 2/16] RUN apt-get update && apt-get install -y --no-install-recommends netcat-openbsd
#17 CACHED

#18 [12/16] RUN chmod +x /seedemu_worker
#18 CACHED

#19 [15/16] COPY d3d51fdf7f4bad30dc5db560a01ce629 /interface_setup
#0 building with "default" instance using docker driver

#1 [internal] load build definition from Dockerfile
#1 DONE 0.0s

#0 building with "default" instance using docker driver

#1 [internal] load build definition from Dockerfile
#1 DONE 0.0s
#6 [12/16] RUN chmod +x /seedemu_worker
#6 CACHED

#7 [13/16] COPY 2b0ae038330eccd43095538618caee7d /etc/bird/bird.conf
#7 CACHED

#8 [ 3/16] RUN mkdir -p /usr/share/doc/bird2/examples/
#0 building with "default" instance using docker driver

#8 CACHED

#9 [ 8/16] COPY d18858afc6bb66ec3a19d872077acfd2 /seedemu_sniffer
#1 [internal] load build definition from Dockerfile
#9 CACHED

#10 [ 2/16] RUN apt-get update && apt-get install -y --no-install-recommends netcat-openbsd
#1 DONE 0.0s
#10 CACHED

#11 [ 4/16] RUN touch /usr/share/doc/bird2/examples/bird.conf
#11 CACHED

#12 [14/16] COPY e01e36443f9f72c6204189260d0bd276 /ifinfo.txt
#12 CACHED

#13 [ 5/16] COPY 92872f20cfb75af4e3e1c588b00d6484 /replace_address.sh
#13 CACHED

#14 [ 6/16] COPY 365d27384adc9719099d1f63f2d15824 /root/.zshrc.pre
#14 CACHED

#15 [ 7/16] COPY 082b96ec819c95ae773daebde675ef80 /start.sh
#15 CACHED

#16 [ 9/16] COPY 17ac2d812a99a91e7f747e1defb72a29 /seedemu_worker
#16 CACHED

#17 [10/16] RUN chmod +x /start.sh
#17 CACHED

#18 [11/16] RUN chmod +x /seedemu_sniffer
#18 CACHED

#19 [15/16] COPY d3d51fdf7f4bad30dc5db560a01ce629 /interface_setup

#1 [internal] load build definition from Dockerfile
#1 transferring dockerfile: 884B done
#1 DONE 0.1s

#1 [internal] load build definition from Dockerfile
#1 transferring dockerfile: 884B done
#1 DONE 0.1s
#19 CACHED

#20 [16/16] COPY 8e9a384ab59c7626a3ffab63886cc30f /etc/bird/conf/kernel.conf
#19 CACHED

#20 [16/16] COPY 8e9a384ab59c7626a3ffab63886cc30f /etc/bird/conf/kernel.conf
#19 CACHED

#20 [16/16] COPY 8e9a384ab59c7626a3ffab63886cc30f /etc/bird/conf/kernel.conf
#19 CACHED

#20 [16/16] COPY 8e9a384ab59c7626a3ffab63886cc30f /etc/bird/conf/kernel.conf

#1 [internal] load build definition from Dockerfile
#1 transferring dockerfile: 884B done
#1 DONE 0.2s
#1 transferring dockerfile: 884B done
#1 DONE 0.1s

#2 [internal] load metadata for docker.io/library/39e016aa9e819f203ebc1809245a5818:latest
#2 DONE 0.1s

#2 [internal] load metadata for docker.io/library/39e016aa9e819f203ebc1809245a5818:latest
#2 DONE 0.1s

#3 [internal] load .dockerignore
#3 transferring context: 2B done
#3 DONE 0.1s

#2 [internal] load metadata for docker.io/library/39e016aa9e819f203ebc1809245a5818:latest
#2 DONE 0.0s

#3 [internal] load .dockerignore
#3 transferring context: 2B done
#3 DONE 0.1s

#3 [internal] load .dockerignore
#3 transferring context: 2B done
#3 DONE 0.1s

#2 [internal] load metadata for docker.io/library/39e016aa9e819f203ebc1809245a5818:latest
#2 DONE 0.1s

#3 [internal] load .dockerignore
#3 transferring context:

#4 [ 1/16] FROM docker.io/library/39e016aa9e819f203ebc1809245a5818:latest@sha256:43a6b8a656b4d087c7baad939091f8a4e19bfade899129aaa2d7fd409433266e
#4 resolve docker.io/library/39e016aa9e819f203ebc1809245a5818:latest@sha256:43a6b8a656b4d087c7baad939091f8a4e19bfade899129aaa2d7fd409433266e 0.0s done
#4 DONE 0.0s

#5 [internal] load build context

#4 [ 1/16] FROM docker.io/library/39e016aa9e819f203ebc1809245a5818:latest@sha256:43a6b8a656b4d087c7baad939091f8a4e19bfade899129aaa2d7fd409433266e
#4 resolve docker.io/library/39e016aa9e819f203ebc1809245a5818:latest@sha256:43a6b8a656b4d087c7baad939091f8a4e19bfade899129aaa2d7fd409433266e 0.0s done
#4 DONE 0.0s

#5 [internal] load build context
#5 transferring context: 5.45kB done
#5 DONE 0.1s

#4 [ 1/16] FROM docker.io/library/39e016aa9e819f203ebc1809245a5818:latest@sha256:43a6b8a656b4d087c7baad939091f8a4e19bfade899129aaa2d7fd409433266e
#4 resolve docker.io/library/39e016aa9e819f203ebc1809245a5818:latest@sha256:43a6b8a656b4d087c7baad939091f8a4e19bfade899129aaa2d7fd409433266e 0.0s done
#4 DONE 0.0s

#5 [internal] load build context
#3 transferring context: 2B done
#3 DONE 0.1s

#4 [ 1/16] FROM docker.io/library/39e016aa9e819f203ebc1809245a5818:latest@sha256:43a6b8a656b4d087c7baad939091f8a4e19bfade899129aaa2d7fd409433266e
#4 resolve docker.io/library/39e016aa9e819f203ebc1809245a5818:latest@sha256:43a6b8a656b4d087c7baad939091f8a4e19bfade899129aaa2d7fd409433266e 0.0s done
#4 DONE 0.0s

#5 [internal] load build context
#5 transferring context: 5.45kB done
#5 DONE 0.1s
#5 transferring context: 5.45kB done
#5 DONE 0.1s
#5 transferring context: 5.44kB done
#5 DONE 0.1s
#20 DONE 1.4s
#20 DONE 1.5s
#20 DONE 1.5s
#20 DONE 1.5s

#21 exporting to image

#21 exporting to image

#21 exporting to image
#21 exporting layers

#21 exporting to image
#21 exporting layers
#21 exporting layers
#21 exporting layers
#21 exporting layers 0.2s done
#21 exporting layers 0.2s done
#21 exporting layers 0.2s done
#21 exporting layers 0.2s done
#21 exporting manifest sha256:8731697dd7714955516de1d45409f613538c65353f926a6c61dd991699a2aa12 0.0s done
#21 exporting config sha256:e69dc59ecedce0484dca9d26e78c851a62296c85a025edf3194a10eba3ccc80d 0.1s done
#21 exporting manifest sha256:e3588d85169c75abaef65733b584aed7b511c24084b54c0c517a55afb2203e3c 0.0s done
#21 exporting config sha256:991885e8e3d2ef1a55a306bedb7d13f87148526175fe4e57617a94b566a12c56 0.1s done
#21 exporting manifest sha256:8240e7d57394ef30c9756d64445d59e6f25970e244553caae8491ec13cf3d277 0.0s done
#21 exporting config sha256:2462517d2e628ed58a64606c00a6569c232fa3539b590f2da551f1458e5ee4cd 0.1s done
#21 exporting manifest sha256:4369da7a871a09a6425e2286f8bd2588d24f738badb9288b2fbc457fb639a47b 0.0s done
#21 exporting config sha256:bc6c04ddfc3f95ef68dcdfce24ab66273bb7c3b9a050ffc9b5c21cec65123af8 0.1s done
#21 exporting attestation manifest sha256:98f06f4ffad2634257cbb04c45b72825639b8d3c1787e8e0de9eac04f2d3c229
#21 exporting attestation manifest sha256:6420686bf361e9d1707a52f55e32d60c74b2e984f06ac48bbf8e5bb3ce346d80
#21 exporting attestation manifest sha256:3aa71dc9e9909d7daa0015a9255d2f446beee1714e7556ddc95a8a2a741aeb3a
#21 exporting attestation manifest sha256:971192990ae0e10ecb421bafb8b9f8f4ebad1bd0c8ff675a3d369d24d5267805
#21 exporting attestation manifest sha256:98f06f4ffad2634257cbb04c45b72825639b8d3c1787e8e0de9eac04f2d3c229 0.5s done
#21 exporting manifest list sha256:ce5eb4b1294ac2348c385bb63af2f0ec152a0cc0a814c562a3a6eb6dad9f799e
#21 exporting attestation manifest sha256:6420686bf361e9d1707a52f55e32d60c74b2e984f06ac48bbf8e5bb3ce346d80 0.5s done
#21 exporting manifest list sha256:3817e027f7d10a935aa3ed3bccc78227112bf972a0285984dff40e7342f850d4
#21 exporting attestation manifest sha256:3aa71dc9e9909d7daa0015a9255d2f446beee1714e7556ddc95a8a2a741aeb3a 0.5s done
#21 exporting manifest list sha256:7b03048ff5102e231f656f7610d1d158d016691ec5cfffbe97be6b5e2de77880
#21 exporting attestation manifest sha256:971192990ae0e10ecb421bafb8b9f8f4ebad1bd0c8ff675a3d369d24d5267805 0.5s done
#21 exporting manifest list sha256:2c9a07f68e667bcbf819bf4cbd9fbb0d8e950cb142c217f4e67b91a1449038fb
#21 exporting manifest list sha256:ce5eb4b1294ac2348c385bb63af2f0ec152a0cc0a814c562a3a6eb6dad9f799e 0.0s done
#21 naming to 192.168.122.110:5000/rs_ix_ix8:latest 0.0s done
#21 unpacking to 192.168.122.110:5000/rs_ix_ix8:latest 0.1s done
#21 exporting manifest list sha256:7b03048ff5102e231f656f7610d1d158d016691ec5cfffbe97be6b5e2de77880 0.0s done
#21 naming to 192.168.122.110:5000/rs_ix_ix5:latest 0.0s done
#21 unpacking to 192.168.122.110:5000/rs_ix_ix5:latest 0.1s done
#21 exporting manifest list sha256:3817e027f7d10a935aa3ed3bccc78227112bf972a0285984dff40e7342f850d4 0.0s done
#21 naming to 192.168.122.110:5000/rs_ix_ix36:latest 0.0s done
#21 unpacking to 192.168.122.110:5000/rs_ix_ix36:latest 0.1s done
#21 exporting manifest list sha256:2c9a07f68e667bcbf819bf4cbd9fbb0d8e950cb142c217f4e67b91a1449038fb 0.0s done
#21 naming to 192.168.122.110:5000/rs_ix_ix18:latest done
#21 unpacking to 192.168.122.110:5000/rs_ix_ix18:latest 0.1s done
#21 DONE 1.1s
#21 DONE 1.1s
#21 DONE 1.1s
#21 DONE 1.1s
+ seedemu_build_and_push 192.168.122.110:5000/rs_ix_ix495:latest ./rs_ix_ix495
+ seedemu_build_and_push 192.168.122.110:5000/rs_ix_ix314:latest ./rs_ix_ix314
+ seedemu_build_and_push 192.168.122.110:5000/rs_ix_ix23:latest ./rs_ix_ix23
+ seedemu_build_and_push 192.168.122.110:5000/rs_ix_ix156:latest ./rs_ix_ix156

#6 [14/16] COPY e01e36443f9f72c6204189260d0bd276 /ifinfo.txt
#6 CACHED

#7 [ 8/16] COPY d18858afc6bb66ec3a19d872077acfd2 /seedemu_sniffer
#7 CACHED

#8 [ 2/16] RUN apt-get update && apt-get install -y --no-install-recommends netcat-openbsd
#8 CACHED

#9 [ 3/16] RUN mkdir -p /usr/share/doc/bird2/examples/
#9 CACHED

#10 [ 6/16] COPY 365d27384adc9719099d1f63f2d15824 /root/.zshrc.pre
#10 CACHED

#11 [ 7/16] COPY 082b96ec819c95ae773daebde675ef80 /start.sh
#11 CACHED

#12 [ 9/16] COPY 17ac2d812a99a91e7f747e1defb72a29 /seedemu_worker
#12 CACHED

#13 [11/16] RUN chmod +x /seedemu_sniffer
#13 CACHED

#14 [ 4/16] RUN touch /usr/share/doc/bird2/examples/bird.conf
#14 CACHED

#15 [ 5/16] COPY 92872f20cfb75af4e3e1c588b00d6484 /replace_address.sh
#15 CACHED

#16 [10/16] RUN chmod +x /start.sh
#16 CACHED

#17 [12/16] RUN chmod +x /seedemu_worker
#17 CACHED

#18 [13/16] COPY 2b0ae038330eccd43095538618caee7d /etc/bird/bird.conf
#18 CACHED

#19 [15/16] COPY d3d51fdf7f4bad30dc5db560a01ce629 /interface_setup

#6 [10/16] RUN chmod +x /start.sh
#6 CACHED

#7 [ 3/16] RUN mkdir -p /usr/share/doc/bird2/examples/
#7 CACHED

#8 [12/16] RUN chmod +x /seedemu_worker
#8 CACHED

#9 [ 4/16] RUN touch /usr/share/doc/bird2/examples/bird.conf
#9 CACHED

#10 [ 5/16] COPY 92872f20cfb75af4e3e1c588b00d6484 /replace_address.sh
#10 CACHED

#11 [ 6/16] COPY 365d27384adc9719099d1f63f2d15824 /root/.zshrc.pre
#11 CACHED

#12 [ 7/16] COPY 082b96ec819c95ae773daebde675ef80 /start.sh
#12 CACHED

#13 [ 8/16] COPY d18858afc6bb66ec3a19d872077acfd2 /seedemu_sniffer
#13 CACHED

#14 [13/16] COPY 2b0ae038330eccd43095538618caee7d /etc/bird/bird.conf
#14 CACHED

#15 [ 9/16] COPY 17ac2d812a99a91e7f747e1defb72a29 /seedemu_worker
#15 CACHED

#16 [11/16] RUN chmod +x /seedemu_sniffer
#16 CACHED

#17 [14/16] COPY e01e36443f9f72c6204189260d0bd276 /ifinfo.txt
#17 CACHED

#18 [ 2/16] RUN apt-get update && apt-get install -y --no-install-recommends netcat-openbsd
#18 CACHED

#19 [15/16] COPY d3d51fdf7f4bad30dc5db560a01ce629 /interface_setup
#0 building with "default" instance using docker driver

#1 [internal] load build definition from Dockerfile
#1 DONE 0.0s

#0 building with "default" instance using docker driver


#1 [internal] load build definition from Dockerfile
#6 [10/16] RUN chmod +x /start.sh
#6 [ 3/16] RUN mkdir -p /usr/share/doc/bird2/examples/
#6 CACHED
#6 CACHED


#7 [ 7/16] COPY 082b96ec819c95ae773daebde675ef80 /start.sh
#7 CACHED
#7 [ 6/16] COPY 365d27384adc9719099d1f63f2d15824 /root/.zshrc.pre

#8 [10/16] RUN chmod +x /start.sh
#7 CACHED
#8 CACHED


#8 [12/16] RUN chmod +x /seedemu_worker
#9 [11/16] RUN chmod +x /seedemu_sniffer
#9 CACHED
#8 CACHED

#10 [13/16] COPY 2b0ae038330eccd43095538618caee7d /etc/bird/bird.conf

#10 CACHED

#9 [14/16] COPY e01e36443f9f72c6204189260d0bd276 /ifinfo.txt
#11 [12/16] RUN chmod +x /seedemu_worker
#11 CACHED
#9 CACHED


#12 [ 4/16] RUN touch /usr/share/doc/bird2/examples/bird.conf
#12 CACHED
#10 [11/16] RUN chmod +x /seedemu_sniffer

#13 [ 5/16] COPY 92872f20cfb75af4e3e1c588b00d6484 /replace_address.sh
#10 CACHED
#13 CACHED


#14 [ 9/16] COPY 17ac2d812a99a91e7f747e1defb72a29 /seedemu_worker
#11 [13/16] COPY 2b0ae038330eccd43095538618caee7d /etc/bird/bird.conf
#14 CACHED

#11 CACHED
#15 [ 2/16] RUN apt-get update && apt-get install -y --no-install-recommends netcat-openbsd
#15 CACHED


#16 [ 6/16] COPY 365d27384adc9719099d1f63f2d15824 /root/.zshrc.pre
#12 [ 2/16] RUN apt-get update && apt-get install -y --no-install-recommends netcat-openbsd
#16 CACHED
#12 CACHED


#17 [ 8/16] COPY d18858afc6bb66ec3a19d872077acfd2 /seedemu_sniffer
#17 CACHED
#13 [ 3/16] RUN mkdir -p /usr/share/doc/bird2/examples/

#18 [14/16] COPY e01e36443f9f72c6204189260d0bd276 /ifinfo.txt
#13 CACHED
#18 CACHED


#14 [ 8/16] COPY d18858afc6bb66ec3a19d872077acfd2 /seedemu_sniffer
#19 [15/16] COPY d3d51fdf7f4bad30dc5db560a01ce629 /interface_setup
#14 CACHED

#15 [ 9/16] COPY 17ac2d812a99a91e7f747e1defb72a29 /seedemu_worker
#15 CACHED

#16 [ 4/16] RUN touch /usr/share/doc/bird2/examples/bird.conf
#16 CACHED

#17 [ 5/16] COPY 92872f20cfb75af4e3e1c588b00d6484 /replace_address.sh
#17 CACHED

#18 [ 7/16] COPY 082b96ec819c95ae773daebde675ef80 /start.sh
#18 CACHED

#19 [15/16] COPY d3d51fdf7f4bad30dc5db560a01ce629 /interface_setup
#0 building with "default" instance using docker driver

#1 [internal] load build definition from Dockerfile
#1 DONE 0.0s
#0 building with "default" instance using docker driver

#1 [internal] load build definition from Dockerfile
#1 DONE 0.0s

#1 [internal] load build definition from Dockerfile
#1 transferring dockerfile: 884B done
#1 DONE 0.1s

#2 [internal] load metadata for docker.io/library/39e016aa9e819f203ebc1809245a5818:latest
#1 transferring dockerfile: 884B done
#1 DONE 0.1s

#2 [internal] load metadata for docker.io/library/39e016aa9e819f203ebc1809245a5818:latest

#1 [internal] load build definition from Dockerfile
#1 transferring dockerfile: 884B done
#1 DONE 0.1s

#2 [internal] load metadata for docker.io/library/39e016aa9e819f203ebc1809245a5818:latest
#2 DONE 0.0s

#1 [internal] load build definition from Dockerfile
#1 transferring dockerfile: 884B done
#1 DONE 0.1s

#2 [internal] load metadata for docker.io/library/39e016aa9e819f203ebc1809245a5818:latest
#2 DONE 0.1s
#19 CACHED

#20 [16/16] COPY 8e9a384ab59c7626a3ffab63886cc30f /etc/bird/conf/kernel.conf
#19 CACHED

#20 [16/16] COPY 8e9a384ab59c7626a3ffab63886cc30f /etc/bird/conf/kernel.conf
#19 CACHED

#20 [16/16] COPY 8e9a384ab59c7626a3ffab63886cc30f /etc/bird/conf/kernel.conf
#19 CACHED

#20 [16/16] COPY 8e9a384ab59c7626a3ffab63886cc30f /etc/bird/conf/kernel.conf
#2 DONE 0.0s

#3 [ 1/16] FROM docker.io/library/39e016aa9e819f203ebc1809245a5818:latest@sha256:43a6b8a656b4d087c7baad939091f8a4e19bfade899129aaa2d7fd409433266e
#3 resolve docker.io/library/39e016aa9e819f203ebc1809245a5818:latest@sha256:43a6b8a656b4d087c7baad939091f8a4e19bfade899129aaa2d7fd409433266e 0.0s done
#3 DONE 0.0s

#4 [internal] load .dockerignore
#4 transferring context: 2B done
#4 DONE 0.0s

#5 [internal] load build context
#2 DONE 0.0s

#3 [ 1/16] FROM docker.io/library/39e016aa9e819f203ebc1809245a5818:latest@sha256:43a6b8a656b4d087c7baad939091f8a4e19bfade899129aaa2d7fd409433266e
#3 resolve docker.io/library/39e016aa9e819f203ebc1809245a5818:latest@sha256:43a6b8a656b4d087c7baad939091f8a4e19bfade899129aaa2d7fd409433266e 0.0s done
#3 DONE 0.0s

#4 [internal] load .dockerignore
#4 transferring context: 2B done
#4 DONE 0.0s

#3 [ 1/16] FROM docker.io/library/39e016aa9e819f203ebc1809245a5818:latest@sha256:43a6b8a656b4d087c7baad939091f8a4e19bfade899129aaa2d7fd409433266e
#3 resolve docker.io/library/39e016aa9e819f203ebc1809245a5818:latest@sha256:43a6b8a656b4d087c7baad939091f8a4e19bfade899129aaa2d7fd409433266e 0.0s done
#3 DONE 0.0s

#4 [internal] load .dockerignore
#4 transferring context: 2B done
#4 DONE 0.1s

#5 [internal] load build context
#5 transferring context: 5.45kB done
#5 DONE 0.0s
#5 transferring context: 5.45kB done
#5 DONE 0.0s

#3 [ 1/16] FROM docker.io/library/39e016aa9e819f203ebc1809245a5818:latest@sha256:43a6b8a656b4d087c7baad939091f8a4e19bfade899129aaa2d7fd409433266e
#3 resolve docker.io/library/39e016aa9e819f203ebc1809245a5818:latest@sha256:43a6b8a656b4d087c7baad939091f8a4e19bfade899129aaa2d7fd409433266e 0.0s done
#3 DONE 0.0s

#4 [internal] load .dockerignore
#4 transferring context: 2B done
#4 DONE 0.1s

#5 [internal] load build context
#5 transferring context: 5.45kB done
#5 DONE 0.0s
#20 DONE 1.6s
#20 DONE 1.6s
#20 DONE 1.7s
#20 DONE 1.7s

#21 exporting to image

#21 exporting to image

#21 exporting to image

#21 exporting to image
#21 exporting layers
#21 exporting layers
#21 exporting layers
#21 exporting layers
#21 exporting layers 0.2s done
#21 exporting layers 0.2s done
#21 exporting layers 0.2s done
#21 exporting layers 0.2s done
#21 exporting manifest sha256:a71a2712271d7d5e6daa56a6efb9da5f2f1bd6f8d99616a0fed33ea79ec2966e 0.0s done
#21 exporting config sha256:c7e6042afaa038e56079ed25483c2dca5e208493e20d4a1f7f86a3c7517a11f3 0.0s done
#21 exporting attestation manifest sha256:8f87f0a1d4df8ad70d9bbd2f7da19a27d8321b6f075093c5d83ebf3a5fb3ad7e
#21 exporting manifest sha256:661006681c7e331731e15eb289f4339e2ae584d45b88dad511ce13bbd9fdef7d 0.0s done
#21 exporting config sha256:da71bf77cc29766ad5a306c5f34a293017601e3657392437c7b099258c3bd690 0.0s done
#21 exporting attestation manifest sha256:a78607f211334e320b0eb343262c76ede5f3099df77aac59fc1ce00eedadc5a0
#21 exporting manifest sha256:4569f17cfb618c07cf5b12c2986fafdc5e35e47b449d0a7aa619fc1124fe410d 0.0s done
#21 exporting config sha256:4879acd1d3ea0fa182aa6b3c2a581e7768eb1dc91095ac707c715bc898d1ed43 0.0s done
#21 exporting attestation manifest sha256:2f07fde7dd007ff8594f7b5a769ac73895dd1cba822b2f99f9343588ad0692b7
#21 exporting manifest sha256:b5b091cbada560e5371a214a7a656950f27243d1a30b6c3dc1e022204f10162c 0.0s done
#21 exporting config sha256:c0df9c8fedf4c5600cd463cdd850716f869545f18b4477928e595de415aadbcb 0.0s done
#21 exporting attestation manifest sha256:3062522bb85f3394df5187633b2603eb3b9e44f20a5337b2822cf7f5cdaaba77
#21 exporting attestation manifest sha256:8f87f0a1d4df8ad70d9bbd2f7da19a27d8321b6f075093c5d83ebf3a5fb3ad7e 0.1s done
#21 exporting manifest list sha256:2b0cfd664b0413369890458e6dd6920cc2477957994e0de61695a6d3ffcfcbd3 0.1s done
#21 naming to 192.168.122.110:5000/rs_ix_ix4:latest
#21 exporting attestation manifest sha256:a78607f211334e320b0eb343262c76ede5f3099df77aac59fc1ce00eedadc5a0 0.1s done
#21 exporting manifest list sha256:aee54c586858a5947442354a94f173c4c26cff5047f996b33efba7e668fb56ab 0.1s done
#21 naming to 192.168.122.110:5000/rs_ix_ix39:latest
#21 exporting attestation manifest sha256:2f07fde7dd007ff8594f7b5a769ac73895dd1cba822b2f99f9343588ad0692b7 0.1s done
#21 exporting manifest list sha256:196b798c7fb96af01bef6cc0fe7edeebd269f9d62cd26261cf5fb2595abc88bc 0.1s done
#21 naming to 192.168.122.110:5000/rs_ix_ix106:latest
#21 exporting attestation manifest sha256:3062522bb85f3394df5187633b2603eb3b9e44f20a5337b2822cf7f5cdaaba77 0.1s done
#21 exporting manifest list sha256:b8034724830194503575691018e98a83bd77c8a7a1333118bd80b42db4e2b65e 0.1s done
#21 naming to 192.168.122.110:5000/rs_ix_ix13:latest
#21 naming to 192.168.122.110:5000/rs_ix_ix4:latest 0.0s done
#21 unpacking to 192.168.122.110:5000/rs_ix_ix4:latest 0.1s done
#21 naming to 192.168.122.110:5000/rs_ix_ix106:latest 0.0s done
#21 unpacking to 192.168.122.110:5000/rs_ix_ix106:latest 0.1s done
#21 DONE 0.7s
#21 naming to 192.168.122.110:5000/rs_ix_ix39:latest 0.0s done
#21 unpacking to 192.168.122.110:5000/rs_ix_ix39:latest 0.1s done
#21 DONE 0.7s
#21 naming to 192.168.122.110:5000/rs_ix_ix13:latest done
#21 unpacking to 192.168.122.110:5000/rs_ix_ix13:latest 0.1s done
#21 DONE 0.7s
#21 DONE 0.7s
+ seedemu_build_and_push 192.168.122.110:5000/rs_ix_ix339:latest ./rs_ix_ix339
+ seedemu_build_and_push 192.168.122.110:5000/rs_ix_ix34:latest ./rs_ix_ix34
+ seedemu_build_and_push 192.168.122.110:5000/rs_ix_ix29:latest ./rs_ix_ix29
+ seedemu_build_and_push 192.168.122.110:5000/rs_ix_ix122:latest ./rs_ix_ix122

#6 [ 6/16] COPY 365d27384adc9719099d1f63f2d15824 /root/.zshrc.pre
#6 CACHED

#7 [ 7/16] COPY 082b96ec819c95ae773daebde675ef80 /start.sh
#7 CACHED

#8 [ 8/16] COPY d18858afc6bb66ec3a19d872077acfd2 /seedemu_sniffer
#8 CACHED

#9 [10/16] RUN chmod +x /start.sh
#9 CACHED

#10 [11/16] RUN chmod +x /seedemu_sniffer
#10 CACHED

#11 [ 5/16] COPY 92872f20cfb75af4e3e1c588b00d6484 /replace_address.sh
#11 CACHED

#12 [ 9/16] COPY 17ac2d812a99a91e7f747e1defb72a29 /seedemu_worker
#12 CACHED

#13 [12/16] RUN chmod +x /seedemu_worker
#13 CACHED

#14 [14/16] COPY e01e36443f9f72c6204189260d0bd276 /ifinfo.txt
#14 CACHED

#15 [ 3/16] RUN mkdir -p /usr/share/doc/bird2/examples/
#15 CACHED

#16 [ 2/16] RUN apt-get update && apt-get install -y --no-install-recommends netcat-openbsd
#16 CACHED

#17 [13/16] COPY 2b0ae038330eccd43095538618caee7d /etc/bird/bird.conf
#17 CACHED

#18 [ 4/16] RUN touch /usr/share/doc/bird2/examples/bird.conf
#18 CACHED

#19 [15/16] COPY d3d51fdf7f4bad30dc5db560a01ce629 /interface_setup

#6 [ 2/16] RUN apt-get update && apt-get install -y --no-install-recommends netcat-openbsd
#6 CACHED

#7 [12/16] RUN chmod +x /seedemu_worker
#7 CACHED

#8 [14/16] COPY e01e36443f9f72c6204189260d0bd276 /ifinfo.txt
#8 CACHED

#9 [ 6/16] COPY 365d27384adc9719099d1f63f2d15824 /root/.zshrc.pre
#9 CACHED

#10 [ 9/16] COPY 17ac2d812a99a91e7f747e1defb72a29 /seedemu_worker
#10 CACHED

#11 [13/16] COPY 2b0ae038330eccd43095538618caee7d /etc/bird/bird.conf
#11 CACHED

#12 [ 7/16] COPY 082b96ec819c95ae773daebde675ef80 /start.sh
#12 CACHED

#13 [ 8/16] COPY d18858afc6bb66ec3a19d872077acfd2 /seedemu_sniffer
#13 CACHED

#14 [10/16] RUN chmod +x /start.sh
#14 CACHED

#15 [11/16] RUN chmod +x /seedemu_sniffer
#15 CACHED

#16 [ 3/16] RUN mkdir -p /usr/share/doc/bird2/examples/
#16 CACHED

#17 [ 4/16] RUN touch /usr/share/doc/bird2/examples/bird.conf
#17 CACHED

#18 [ 5/16] COPY 92872f20cfb75af4e3e1c588b00d6484 /replace_address.sh
#18 CACHED

#19 [15/16] COPY d3d51fdf7f4bad30dc5db560a01ce629 /interface_setup
#19 CACHED
#19 CACHED

#20 [16/16] COPY 8e9a384ab59c7626a3ffab63886cc30f /etc/bird/conf/kernel.conf

#20 [16/16] COPY 8e9a384ab59c7626a3ffab63886cc30f /etc/bird/conf/kernel.conf
#0 building with "default" instance using docker driver

#0 building with "default" instance using docker driver

#1 [internal] load build definition from Dockerfile
#1 [internal] load build definition from Dockerfile
#1 DONE 0.0s
#1 DONE 0.0s
#0 building with "default" instance using docker driver

#1 [internal] load build definition from Dockerfile
#1 DONE 0.0s

#6 [10/16] RUN chmod +x /start.sh
#6 CACHED


#7 [12/16] RUN chmod +x /seedemu_worker
#7 CACHED
#5 [internal] load build context

#8 [14/16] COPY e01e36443f9f72c6204189260d0bd276 /ifinfo.txt
#8 CACHED
#5 DONE 0.0s

#9 [ 3/16] RUN mkdir -p /usr/share/doc/bird2/examples/
#9 CACHED

#10 [ 4/16] RUN touch /usr/share/doc/bird2/examples/bird.conf
#10 CACHED

#11 [ 5/16] COPY 92872f20cfb75af4e3e1c588b00d6484 /replace_address.sh
#11 CACHED

#12 [ 6/16] COPY 365d27384adc9719099d1f63f2d15824 /root/.zshrc.pre
#12 CACHED

#13 [ 9/16] COPY 17ac2d812a99a91e7f747e1defb72a29 /seedemu_worker
#13 CACHED

#14 [ 8/16] COPY d18858afc6bb66ec3a19d872077acfd2 /seedemu_sniffer
#14 CACHED

#15 [11/16] RUN chmod +x /seedemu_sniffer
#15 CACHED

#16 [13/16] COPY 2b0ae038330eccd43095538618caee7d /etc/bird/bird.conf
#16 CACHED

#17 [ 2/16] RUN apt-get update && apt-get install -y --no-install-recommends netcat-openbsd
#17 CACHED

#18 [ 7/16] COPY 082b96ec819c95ae773daebde675ef80 /start.sh
#18 CACHED

#19 [15/16] COPY d3d51fdf7f4bad30dc5db560a01ce629 /interface_setup
#0 building with "default" instance using docker driver

#1 [internal] load build definition from Dockerfile
#1 DONE 0.0s

#1 [internal] load build definition from Dockerfile
#1 transferring dockerfile: 884B done

#1 [internal] load build definition from Dockerfile
#1 transferring dockerfile: 884B done
#1 DONE 0.1s

#1 [internal] load build definition from Dockerfile
#1 transferring dockerfile: 884B done
#1 DONE 0.1s
#19 CACHED

#20 [16/16] COPY 8e9a384ab59c7626a3ffab63886cc30f /etc/bird/conf/kernel.conf

#1 [internal] load build definition from Dockerfile
#1 transferring dockerfile: 884B done
#1 DONE 0.2s

#5 [internal] load build context
#5 transferring context: 5.45kB done
#5 DONE 0.2s
#1 DONE 0.2s
#20 DONE 0.3s
#20 DONE 0.3s
#20 DONE 0.2s

#2 [internal] load metadata for docker.io/library/39e016aa9e819f203ebc1809245a5818:latest
#2 DONE 0.1s

#2 [internal] load metadata for docker.io/library/39e016aa9e819f203ebc1809245a5818:latest
#2 DONE 0.0s

#2 [internal] load metadata for docker.io/library/39e016aa9e819f203ebc1809245a5818:latest
#2 DONE 0.0s

#21 exporting to image

#2 [internal] load metadata for docker.io/library/39e016aa9e819f203ebc1809245a5818:latest

#21 exporting to image

#21 exporting to image

#2 DONE 0.1s

#3 [internal] load .dockerignore
#3 DONE 0.0s

#3 [internal] load .dockerignore

#3 [internal] load .dockerignore
#6 [ 8/16] COPY d18858afc6bb66ec3a19d872077acfd2 /seedemu_sniffer
#6 CACHED
#3 DONE 0.0s

#7 [12/16] RUN chmod +x /seedemu_worker
#7 CACHED

#8 [ 2/16] RUN apt-get update && apt-get install -y --no-install-recommends netcat-openbsd
#8 CACHED

#9 [10/16] RUN chmod +x /start.sh
#9 CACHED

#10 [11/16] RUN chmod +x /seedemu_sniffer
#10 CACHED

#11 [13/16] COPY 2b0ae038330eccd43095538618caee7d /etc/bird/bird.conf
#11 CACHED

#12 [14/16] COPY e01e36443f9f72c6204189260d0bd276 /ifinfo.txt
#12 CACHED

#13 [ 4/16] RUN touch /usr/share/doc/bird2/examples/bird.conf
#3 DONE 0.0s
#13 CACHED

#14 [ 9/16] COPY 17ac2d812a99a91e7f747e1defb72a29 /seedemu_worker
#14 CACHED

#15 [ 3/16] RUN mkdir -p /usr/share/doc/bird2/examples/
#15 CACHED

#16 [ 5/16] COPY 92872f20cfb75af4e3e1c588b00d6484 /replace_address.sh
#16 CACHED

#17 [ 6/16] COPY 365d27384adc9719099d1f63f2d15824 /root/.zshrc.pre
#17 CACHED

#18 [ 7/16] COPY 082b96ec819c95ae773daebde675ef80 /start.sh
#18 CACHED


#19 [15/16] COPY d3d51fdf7f4bad30dc5db560a01ce629 /interface_setup
#3 [internal] load .dockerignore
#21 exporting layers
#21 exporting layers
#21 exporting layers
#21 exporting layers 0.2s done
#21 exporting layers 0.2s done
#21 exporting layers 0.2s done

#4 [ 1/16] FROM docker.io/library/39e016aa9e819f203ebc1809245a5818:latest@sha256:43a6b8a656b4d087c7baad939091f8a4e19bfade899129aaa2d7fd409433266e
#4 resolve docker.io/library/39e016aa9e819f203ebc1809245a5818:latest@sha256:43a6b8a656b4d087c7baad939091f8a4e19bfade899129aaa2d7fd409433266e 0.0s done
#4 DONE 0.0s

#3 [internal] load .dockerignore
#3 transferring context: 2B done
#3 DONE 0.0s

#5 [internal] load build context
#3 transferring context: 2B done
#3 DONE 0.0s

#4 [ 1/16] FROM docker.io/library/39e016aa9e819f203ebc1809245a5818:latest@sha256:43a6b8a656b4d087c7baad939091f8a4e19bfade899129aaa2d7fd409433266e
#4 resolve docker.io/library/39e016aa9e819f203ebc1809245a5818:latest@sha256:43a6b8a656b4d087c7baad939091f8a4e19bfade899129aaa2d7fd409433266e 0.0s done
#4 DONE 0.0s

#5 [internal] load build context
#5 transferring context: 5.45kB done
#5 DONE 0.1s

#4 [ 1/16] FROM docker.io/library/39e016aa9e819f203ebc1809245a5818:latest@sha256:43a6b8a656b4d087c7baad939091f8a4e19bfade899129aaa2d7fd409433266e
#4 resolve docker.io/library/39e016aa9e819f203ebc1809245a5818:latest@sha256:43a6b8a656b4d087c7baad939091f8a4e19bfade899129aaa2d7fd409433266e 0.0s done
#4 DONE 0.0s

#3 [internal] load .dockerignore
#3 transferring context: 2B done
#3 DONE 0.0s

#5 [internal] load build context
#19 CACHED

#20 [16/16] COPY 8e9a384ab59c7626a3ffab63886cc30f /etc/bird/conf/kernel.conf

#4 [ 1/16] FROM docker.io/library/39e016aa9e819f203ebc1809245a5818:latest@sha256:43a6b8a656b4d087c7baad939091f8a4e19bfade899129aaa2d7fd409433266e
#4 resolve docker.io/library/39e016aa9e819f203ebc1809245a5818:latest@sha256:43a6b8a656b4d087c7baad939091f8a4e19bfade899129aaa2d7fd409433266e 0.0s done
#4 DONE 0.0s

#3 [internal] load .dockerignore
#3 transferring context: 2B done
#3 DONE 0.0s

#5 [internal] load build context
#5 transferring context: 5.45kB done
#5 DONE 0.0s
#21 exporting manifest sha256:45ca2b356ef0e0d9a897937e8a158d05cd23255d32c2a39d53e485648598f125 0.1s done
#21 exporting config sha256:49aee20590eb20a0ce98c882565c47f5898b56a4af3d80283edf38ffaee61a9d
#21 exporting manifest sha256:df4280150e459acc0a35c179acc01ac82fc7c441277d5eac5fa175a5948b6d0c 0.1s done
#21 exporting config sha256:4d416a0abddd6c21b8daddeba1450058023bd54e267fb3154b1b519fdacc2560
#21 exporting config sha256:49aee20590eb20a0ce98c882565c47f5898b56a4af3d80283edf38ffaee61a9d 0.2s done
#21 exporting manifest sha256:d1e9b4c740b3ea7b0cd85cbd6199ae28a276b19e0d433a08d27c93c63ea81889 0.1s done
#21 exporting config sha256:7ec8387e29a30b7c43bbfc0ffeafa2d500702d1e1c390d6f8dfb4b20417fb98e
#21 exporting config sha256:4d416a0abddd6c21b8daddeba1450058023bd54e267fb3154b1b519fdacc2560 0.2s done
#5 transferring context: 5.45kB done
#5 DONE 0.1s
#21 exporting config sha256:7ec8387e29a30b7c43bbfc0ffeafa2d500702d1e1c390d6f8dfb4b20417fb98e 0.2s done
#5 transferring context: 5.45kB 0.0s done
#5 DONE 0.1s
#21 exporting attestation manifest sha256:3f73fda0a26cee9ab1bb40fb20ffdd53c9f843780d9693817f68619d371f81ca
#21 exporting attestation manifest sha256:f1c275937a293972100c9bf8976a6666469b4719c0458f10e1ee5ba4b52584a0
#21 exporting attestation manifest sha256:8a2a7bdb144b1556f095112367718b15e21c391e84f0d64f0ce0a81861b80669
#21 exporting attestation manifest sha256:3f73fda0a26cee9ab1bb40fb20ffdd53c9f843780d9693817f68619d371f81ca 0.3s done
#21 exporting manifest list sha256:34c628a5d9a178548aee8aa11414e11d41aa442aa415fee1432828a1549fc8ba
#21 exporting attestation manifest sha256:f1c275937a293972100c9bf8976a6666469b4719c0458f10e1ee5ba4b52584a0 0.3s done
#21 exporting manifest list sha256:e341fdf8ff17c6e566ff143527c4403978bde132f28655c01a794f873d55fc0a
#21 exporting attestation manifest sha256:8a2a7bdb144b1556f095112367718b15e21c391e84f0d64f0ce0a81861b80669 0.3s done
#21 exporting manifest list sha256:6d446aa1d15dc251568ade4e1ab817d62efa1b9a6288c7013c4df5f299fff930
#21 exporting manifest list sha256:34c628a5d9a178548aee8aa11414e11d41aa442aa415fee1432828a1549fc8ba 0.3s done
#21 naming to 192.168.122.110:5000/rs_ix_ix23:latest
#21 exporting manifest list sha256:e341fdf8ff17c6e566ff143527c4403978bde132f28655c01a794f873d55fc0a 0.4s done
#21 naming to 192.168.122.110:5000/rs_ix_ix314:latest
#20 DONE 1.1s
#21 exporting manifest list sha256:6d446aa1d15dc251568ade4e1ab817d62efa1b9a6288c7013c4df5f299fff930 0.4s done
#21 naming to 192.168.122.110:5000/rs_ix_ix495:latest
#21 naming to 192.168.122.110:5000/rs_ix_ix23:latest 0.1s done
#21 unpacking to 192.168.122.110:5000/rs_ix_ix23:latest 0.1s done
#21 DONE 1.4s
#21 naming to 192.168.122.110:5000/rs_ix_ix495:latest done
#21 unpacking to 192.168.122.110:5000/rs_ix_ix495:latest 0.1s done
#21 DONE 1.4s
#21 naming to 192.168.122.110:5000/rs_ix_ix314:latest 0.0s done
#21 unpacking to 192.168.122.110:5000/rs_ix_ix314:latest 0.1s done
#21 DONE 1.4s

#21 exporting to image
#21 exporting layers 0.1s done
#21 exporting manifest sha256:9d3db6f69063ec31452a5af82ee5f1cb81f48d6032f10d6bd436332b17682c15 0.0s done
#21 exporting config sha256:d83ff9e0316b857311c30c6bba76b0855b028eaf6afedb237300e4201561d74e
#21 exporting config sha256:d83ff9e0316b857311c30c6bba76b0855b028eaf6afedb237300e4201561d74e 0.0s done
#21 exporting attestation manifest sha256:84969d3f1cab196401017f21ba787b74302d57de2b3a84d0316f04476aba26a8 0.0s done
#21 exporting manifest list sha256:709b631c0825a7009d37473ebf8accdc4d69a03fbf50882f881abf1ada8ed909 0.0s done
#21 naming to 192.168.122.110:5000/rs_ix_ix156:latest done
#21 unpacking to 192.168.122.110:5000/rs_ix_ix156:latest 0.1s done
#21 DONE 0.4s
+ seedemu_build_and_push 192.168.122.110:5000/rs_ix_ix22:latest ./rs_ix_ix22
+ seedemu_build_and_push 192.168.122.110:5000/rs_ix_ix32:latest ./rs_ix_ix32
+ seedemu_build_and_push 192.168.122.110:5000/rs_ix_ix345:latest ./rs_ix_ix345
+ seedemu_build_and_push 192.168.122.110:5000/rs_ix_ix518:latest ./rs_ix_ix518

#6 [ 6/16] COPY 365d27384adc9719099d1f63f2d15824 /root/.zshrc.pre
#6 CACHED

#7 [13/16] COPY 2b0ae038330eccd43095538618caee7d /etc/bird/bird.conf
#7 CACHED

#8 [14/16] COPY e01e36443f9f72c6204189260d0bd276 /ifinfo.txt
#8 CACHED

#9 [ 3/16] RUN mkdir -p /usr/share/doc/bird2/examples/
#9 CACHED

#10 [ 5/16] COPY 92872f20cfb75af4e3e1c588b00d6484 /replace_address.sh
#10 CACHED

#11 [10/16] RUN chmod +x /start.sh
#11 CACHED

#12 [ 2/16] RUN apt-get update && apt-get install -y --no-install-recommends netcat-openbsd
#12 CACHED

#13 [ 4/16] RUN touch /usr/share/doc/bird2/examples/bird.conf
#13 CACHED

#14 [ 7/16] COPY 082b96ec819c95ae773daebde675ef80 /start.sh
#14 CACHED

#15 [ 8/16] COPY d18858afc6bb66ec3a19d872077acfd2 /seedemu_sniffer
#15 CACHED

#16 [ 9/16] COPY 17ac2d812a99a91e7f747e1defb72a29 /seedemu_worker
#16 CACHED

#17 [11/16] RUN chmod +x /seedemu_sniffer
#17 CACHED

#18 [12/16] RUN chmod +x /seedemu_worker
#18 CACHED

#19 [15/16] COPY d3d51fdf7f4bad30dc5db560a01ce629 /interface_setup

#6 [12/16] RUN chmod +x /seedemu_worker
#6 CACHED

#7 [ 5/16] COPY 92872f20cfb75af4e3e1c588b00d6484 /replace_address.sh
#7 CACHED

#8 [ 6/16] COPY 365d27384adc9719099d1f63f2d15824 /root/.zshrc.pre
#8 CACHED

#9 [ 9/16] COPY 17ac2d812a99a91e7f747e1defb72a29 /seedemu_worker
#9 CACHED


#10 [10/16] RUN chmod +x /start.sh
#10 CACHED

#11 [ 3/16] RUN mkdir -p /usr/share/doc/bird2/examples/
#11 CACHED
#6 [ 8/16] COPY d18858afc6bb66ec3a19d872077acfd2 /seedemu_sniffer

#12 [ 8/16] COPY d18858afc6bb66ec3a19d872077acfd2 /seedemu_sniffer
#6 CACHED
#12 CACHED


#7 [14/16] COPY e01e36443f9f72c6204189260d0bd276 /ifinfo.txt
#13 [13/16] COPY 2b0ae038330eccd43095538618caee7d /etc/bird/bird.conf
#13 CACHED

#14 [14/16] COPY e01e36443f9f72c6204189260d0bd276 /ifinfo.txt
#7 CACHED
#14 CACHED


#15 [ 2/16] RUN apt-get update && apt-get install -y --no-install-recommends netcat-openbsd
#8 [ 3/16] RUN mkdir -p /usr/share/doc/bird2/examples/
#15 CACHED
#8 CACHED


#16 [ 4/16] RUN touch /usr/share/doc/bird2/examples/bird.conf
#16 CACHED
#9 [ 5/16] COPY 92872f20cfb75af4e3e1c588b00d6484 /replace_address.sh

#9 CACHED
#17 [ 7/16] COPY 082b96ec819c95ae773daebde675ef80 /start.sh

#17 CACHED

#10 [10/16] RUN chmod +x /start.sh
#18 [11/16] RUN chmod +x /seedemu_sniffer
#10 CACHED
#18 CACHED


#11 [ 9/16] COPY 17ac2d812a99a91e7f747e1defb72a29 /seedemu_worker
#19 [15/16] COPY d3d51fdf7f4bad30dc5db560a01ce629 /interface_setup
#11 CACHED


#12 [11/16] RUN chmod +x /seedemu_sniffer
#12 CACHED

#13 [13/16] COPY 2b0ae038330eccd43095538618caee7d /etc/bird/bird.conf
#13 CACHED

#14 [ 2/16] RUN apt-get update && apt-get install -y --no-install-recommends netcat-openbsd
#14 CACHED

#15 [ 6/16] COPY 365d27384adc9719099d1f63f2d15824 /root/.zshrc.pre
#15 CACHED
#0 building with "default" instance using docker driver


#16 [12/16] RUN chmod +x /seedemu_worker
#6 [ 5/16] COPY 92872f20cfb75af4e3e1c588b00d6484 /replace_address.sh
#16 CACHED
#1 [internal] load build definition from Dockerfile

#6 CACHED
#17 [ 4/16] RUN touch /usr/share/doc/bird2/examples/bird.conf

#17 CACHED
#1 DONE 0.0s

#7 [ 7/16] COPY 082b96ec819c95ae773daebde675ef80 /start.sh
#18 [ 7/16] COPY 082b96ec819c95ae773daebde675ef80 /start.sh
#7 CACHED
#18 CACHED


#8 [ 9/16] COPY 17ac2d812a99a91e7f747e1defb72a29 /seedemu_worker
#19 [15/16] COPY d3d51fdf7f4bad30dc5db560a01ce629 /interface_setup
#8 CACHED

#9 [ 2/16] RUN apt-get update && apt-get install -y --no-install-recommends netcat-openbsd
#0 building with "default" instance using docker driver

#9 CACHED

#1 [internal] load build definition from Dockerfile
#10 [ 6/16] COPY 365d27384adc9719099d1f63f2d15824 /root/.zshrc.pre
#10 CACHED

#1 DONE 0.0s
#11 [10/16] RUN chmod +x /start.sh
#11 CACHED

#12 [11/16] RUN chmod +x /seedemu_sniffer
#12 CACHED

#13 [12/16] RUN chmod +x /seedemu_worker
#13 CACHED

#0 building with "default" instance using docker driver

#14 [ 8/16] COPY d18858afc6bb66ec3a19d872077acfd2 /seedemu_sniffer
#14 CACHED
#1 [internal] load build definition from Dockerfile

#15 [13/16] COPY 2b0ae038330eccd43095538618caee7d /etc/bird/bird.conf
#15 CACHED

#16 [ 3/16] RUN mkdir -p /usr/share/doc/bird2/examples/
#16 CACHED

#17 [14/16] COPY e01e36443f9f72c6204189260d0bd276 /ifinfo.txt
#17 CACHED

#18 [ 4/16] RUN touch /usr/share/doc/bird2/examples/bird.conf
#18 CACHED

#19 [15/16] COPY d3d51fdf7f4bad30dc5db560a01ce629 /interface_setup
#0 building with "default" instance using docker driver

#1 [internal] load build definition from Dockerfile
#1 DONE 0.0s

#1 [internal] load build definition from Dockerfile
#19 CACHED

#20 [16/16] COPY 8e9a384ab59c7626a3ffab63886cc30f /etc/bird/conf/kernel.conf

#1 [internal] load build definition from Dockerfile

#1 [internal] load build definition from Dockerfile
#19 CACHED

#20 [16/16] COPY 8e9a384ab59c7626a3ffab63886cc30f /etc/bird/conf/kernel.conf
#19 CACHED

#20 [16/16] COPY 8e9a384ab59c7626a3ffab63886cc30f /etc/bird/conf/kernel.conf
#19 CACHED

#20 [16/16] COPY 8e9a384ab59c7626a3ffab63886cc30f /etc/bird/conf/kernel.conf
#1 transferring dockerfile: 884B done
#1 transferring dockerfile:
#1 transferring dockerfile:
#1 transferring dockerfile:
#1 DONE 0.3s
#1 transferring dockerfile: 884B done
#1 DONE 0.4s
#1 transferring dockerfile: 884B done
#1 DONE 0.4s

#2 [internal] load metadata for docker.io/library/39e016aa9e819f203ebc1809245a5818:latest
#2 DONE 0.1s
#1 transferring dockerfile: 884B done
#1 DONE 0.4s

#2 [internal] load metadata for docker.io/library/39e016aa9e819f203ebc1809245a5818:latest
#2 DONE 0.1s

#3 [internal] load .dockerignore
#3 transferring context:

#2 [internal] load metadata for docker.io/library/39e016aa9e819f203ebc1809245a5818:latest
#2 DONE 0.0s

#3 [internal] load .dockerignore
#3 transferring context:

#3 [ 1/16] FROM docker.io/library/39e016aa9e819f203ebc1809245a5818:latest@sha256:43a6b8a656b4d087c7baad939091f8a4e19bfade899129aaa2d7fd409433266e
#3 resolve docker.io/library/39e016aa9e819f203ebc1809245a5818:latest@sha256:43a6b8a656b4d087c7baad939091f8a4e19bfade899129aaa2d7fd409433266e 0.0s done
#3 DONE 0.0s

#4 [internal] load .dockerignore
#4 transferring context: 2B done
#4 DONE 0.0s

#5 [internal] load build context

#2 [internal] load metadata for docker.io/library/39e016aa9e819f203ebc1809245a5818:latest
#2 DONE 0.0s

#3 [internal] load .dockerignore
#3 transferring context:
#3 transferring context: 2B done
#3 DONE 0.2s
#3 transferring context: 2B done
#3 DONE 0.1s

#4 [ 1/16] FROM docker.io/library/39e016aa9e819f203ebc1809245a5818:latest@sha256:43a6b8a656b4d087c7baad939091f8a4e19bfade899129aaa2d7fd409433266e
#4 resolve docker.io/library/39e016aa9e819f203ebc1809245a5818:latest@sha256:43a6b8a656b4d087c7baad939091f8a4e19bfade899129aaa2d7fd409433266e 0.0s done
#4 DONE 0.0s

#5 [internal] load build context
#3 transferring context: 2B done
#3 DONE 0.1s

#4 [ 1/16] FROM docker.io/library/39e016aa9e819f203ebc1809245a5818:latest@sha256:43a6b8a656b4d087c7baad939091f8a4e19bfade899129aaa2d7fd409433266e
#4 resolve docker.io/library/39e016aa9e819f203ebc1809245a5818:latest@sha256:43a6b8a656b4d087c7baad939091f8a4e19bfade899129aaa2d7fd409433266e 0.0s done
#4 DONE 0.0s
#5 transferring context: 5.45kB done
#5 DONE 0.1s
#5 transferring context: 5.45kB done
#5 DONE 0.0s
#20 DONE 1.7s
#20 DONE 1.7s
#20 DONE 1.7s
#20 DONE 1.7s

#21 exporting to image

#4 [ 1/16] FROM docker.io/library/39e016aa9e819f203ebc1809245a5818:latest@sha256:43a6b8a656b4d087c7baad939091f8a4e19bfade899129aaa2d7fd409433266e
#4 resolve docker.io/library/39e016aa9e819f203ebc1809245a5818:latest@sha256:43a6b8a656b4d087c7baad939091f8a4e19bfade899129aaa2d7fd409433266e 0.0s done
#4 DONE 0.0s

#21 exporting to image

#21 exporting to image
#21 exporting layers

#21 exporting to image
#21 exporting layers
#21 exporting layers
#21 exporting layers
#21 exporting layers 0.2s done
#21 exporting layers 0.2s done
#21 exporting layers 0.2s done
#21 exporting layers 0.2s done
#21 exporting manifest sha256:436b1caf116fe4131c3630795899d5e2cc6e0cf03258b31262f35583de99718e 0.0s done
#21 exporting config sha256:c38f5ba7cf1dcb55c9e6e18d866680908cddb1e0243dbea64e963b8b5a909fb2 0.0s done
#21 exporting attestation manifest sha256:ba1225d7da9ccbab2bbb6a50a8c57b9f94639bee739c867d80e4b3b54915446e
#21 exporting manifest sha256:5f37b11adca4e65ed150037a181e8476baf72ac3ec657199f1886e05b0772e2b 0.0s done
#21 exporting config sha256:a11b1964badbbbe2da2e7a2553fcbfb8ed991e838bdc175f46dda5d41afee8d2 0.0s done
#21 exporting attestation manifest sha256:be301aadefaf56359fbcb8c77b5ea1eb5a93fb3a704eedc415198340471295c7
#21 exporting manifest sha256:680129672a4d336bb876abbd199f03c0eb2b33c1e1815411f19660a533264234 0.0s done
#21 exporting config sha256:e59e1a97dc24ecfa352f5c3e33d0c17bc2ddc6d4f263df1b895a2ce5c1ca9c80 0.0s done
#21 exporting attestation manifest sha256:cd11e4b7419e76603defae863765ac3ff5597e46a9b1ab60f2f7fb7053ecf925
#21 exporting manifest sha256:9a6eb3b968eb7e55ed882ce5db91da5c73bb2f6e6e5de9fba5660d35201be875 0.0s done
#21 exporting config sha256:c9fb6e2c0cc9bd04adaf0083092999301c5698d0fc0ef9e69ebd8dac242a6984 0.0s done
#21 exporting attestation manifest sha256:233320efd459f88f97b3bb64d077ed56bb124a9247c23c44b2b88a28be77ac0c

#6 [ 8/16] COPY d18858afc6bb66ec3a19d872077acfd2 /seedemu_sniffer
#6 CACHED

#7 [12/16] RUN chmod +x /seedemu_worker
#7 CACHED

#8 [13/16] COPY 2b0ae038330eccd43095538618caee7d /etc/bird/bird.conf
#8 CACHED

#9 [14/16] COPY e01e36443f9f72c6204189260d0bd276 /ifinfo.txt
#9 CACHED

#10 [ 2/16] RUN apt-get update && apt-get install -y --no-install-recommends netcat-openbsd
#10 CACHED

#11 [ 4/16] RUN touch /usr/share/doc/bird2/examples/bird.conf
#11 CACHED

#12 [ 5/16] COPY 92872f20cfb75af4e3e1c588b00d6484 /replace_address.sh
#12 CACHED

#13 [10/16] RUN chmod +x /start.sh
#13 CACHED

#14 [ 3/16] RUN mkdir -p /usr/share/doc/bird2/examples/
#14 CACHED

#15 [ 6/16] COPY 365d27384adc9719099d1f63f2d15824 /root/.zshrc.pre
#15 CACHED

#16 [ 9/16] COPY 17ac2d812a99a91e7f747e1defb72a29 /seedemu_worker
#16 CACHED

#17 [11/16] RUN chmod +x /seedemu_sniffer
#17 CACHED

#18 [ 7/16] COPY 082b96ec819c95ae773daebde675ef80 /start.sh
#18 CACHED

#19 [15/16] COPY d3d51fdf7f4bad30dc5db560a01ce629 /interface_setup
#21 exporting attestation manifest sha256:ba1225d7da9ccbab2bbb6a50a8c57b9f94639bee739c867d80e4b3b54915446e 0.1s done
#21 exporting manifest list sha256:6dafbb43ad411d6274fb268562f6f315fa592c8a0db1298ba36a2449cf8311a7 0.0s done
#21 naming to 192.168.122.110:5000/rs_ix_ix339:latest
#21 exporting attestation manifest sha256:be301aadefaf56359fbcb8c77b5ea1eb5a93fb3a704eedc415198340471295c7 0.1s done
#21 exporting manifest list sha256:7dd477976928471b5d3d4a47a3ac48ff679c7c17539e28d6fb74df3089707127 0.0s done
#21 naming to 192.168.122.110:5000/rs_ix_ix29:latest
#21 exporting attestation manifest sha256:cd11e4b7419e76603defae863765ac3ff5597e46a9b1ab60f2f7fb7053ecf925 0.1s done
#21 exporting manifest list sha256:93502719ead8819eba1a902a3441f8c83cbfac03e02e2e7ac97145f7fddd708f 0.0s done
#21 naming to 192.168.122.110:5000/rs_ix_ix122:latest
#21 exporting attestation manifest sha256:233320efd459f88f97b3bb64d077ed56bb124a9247c23c44b2b88a28be77ac0c 0.1s done
#21 exporting manifest list sha256:56290586e8fb43c8d8a161fc507f1e82b7dd1eba86a418c6135db060613f2ad3 0.0s done
#21 naming to 192.168.122.110:5000/rs_ix_ix34:latest
#19 CACHED
#21 naming to 192.168.122.110:5000/rs_ix_ix339:latest 0.0s done
#21 unpacking to 192.168.122.110:5000/rs_ix_ix339:latest 0.1s done
#21 naming to 192.168.122.110:5000/rs_ix_ix29:latest 0.0s done
#21 unpacking to 192.168.122.110:5000/rs_ix_ix29:latest 0.1s done
#21 DONE 0.7s
#21 naming to 192.168.122.110:5000/rs_ix_ix34:latest done
#21 unpacking to 192.168.122.110:5000/rs_ix_ix34:latest 0.1s done
#21 naming to 192.168.122.110:5000/rs_ix_ix122:latest done
#21 unpacking to 192.168.122.110:5000/rs_ix_ix122:latest 0.1s done
#21 DONE 0.7s
#21 DONE 0.7s
#21 DONE 0.7s
+ seedemu_build_and_push 192.168.122.110:5000/rs_ix_ix125:latest ./rs_ix_ix125

#20 [16/16] COPY 8e9a384ab59c7626a3ffab63886cc30f /etc/bird/conf/kernel.conf

#5 [internal] load build context

#5 DONE 0.0s
#6 [ 2/16] RUN apt-get update && apt-get install -y --no-install-recommends netcat-openbsd
#6 CACHED

#7 [ 4/16] RUN touch /usr/share/doc/bird2/examples/bird.conf
#7 CACHED

#8 [ 3/16] RUN mkdir -p /usr/share/doc/bird2/examples/
#8 CACHED

#9 [11/16] RUN chmod +x /seedemu_sniffer
#9 CACHED

#10 [ 5/16] COPY 92872f20cfb75af4e3e1c588b00d6484 /replace_address.sh
#10 CACHED

#11 [ 9/16] COPY 17ac2d812a99a91e7f747e1defb72a29 /seedemu_worker
#11 CACHED

#12 [10/16] RUN chmod +x /start.sh
#12 CACHED

#13 [14/16] COPY e01e36443f9f72c6204189260d0bd276 /ifinfo.txt
#13 CACHED

#14 [ 6/16] COPY 365d27384adc9719099d1f63f2d15824 /root/.zshrc.pre
#14 CACHED

#15 [ 7/16] COPY 082b96ec819c95ae773daebde675ef80 /start.sh
#15 CACHED

#16 [ 8/16] COPY d18858afc6bb66ec3a19d872077acfd2 /seedemu_sniffer
#16 CACHED

#17 [12/16] RUN chmod +x /seedemu_worker
#17 CACHED

#18 [13/16] COPY 2b0ae038330eccd43095538618caee7d /etc/bird/bird.conf
#18 CACHED

#19 [15/16] COPY d3d51fdf7f4bad30dc5db560a01ce629 /interface_setup

#5 [internal] load build context
#5 DONE 0.0s
+ seedemu_build_and_push 192.168.122.110:5000/rs_ix_ix533:latest ./rs_ix_ix533
+ seedemu_build_and_push 192.168.122.110:5000/rs_ix_ix31:latest ./rs_ix_ix31
+ seedemu_build_and_push 192.168.122.110:5000/rs_ix_ix51:latest ./rs_ix_ix51
#19 CACHED

#20 [16/16] COPY 8e9a384ab59c7626a3ffab63886cc30f /etc/bird/conf/kernel.conf

#5 [internal] load build context
#5 transferring context: 5.44kB done
#5 DONE 0.1s

#5 [internal] load build context
#5 transferring context: 5.45kB done
#5 DONE 0.1s
#20 DONE 1.7s
#20 DONE 1.8s

#21 exporting to image

#21 exporting to image
#21 exporting layers 0.1s done
#21 exporting layers 0.1s done
#21 exporting manifest sha256:fb864b5b09116766f9e035e465143e27f836ad67976dcb9c7f1bbc00f1be3375 0.0s done
#21 exporting config sha256:3b1e35bd1fe6283ed53e65270bc188b2718de1a375bd17560fc7e343fe8dc9c5 0.0s done
#21 exporting manifest sha256:ff6ee47bcf7d4057abe022cb2944d85b5a3c9724d309be5bbd57b4399acc22e8 0.0s done
#21 exporting config sha256:fc9516d2e80cfb2a077289767d57c4f79938c9bae431bfcd6d060c8f27ce7ed0 0.0s done
#21 exporting attestation manifest sha256:8a270724932de555f3bf2f394f8dbc66cd70b64fec6fb07563720bc3a3eedc81 0.0s done
#21 exporting manifest list sha256:36dc31871edb99141435f6b1d4f12c01a8d69ae8c794cb7c1904a0fbf1bd80f5 0.0s done
#21 naming to 192.168.122.110:5000/rs_ix_ix22:latest done
#21 unpacking to 192.168.122.110:5000/rs_ix_ix22:latest 0.1s done
#21 exporting attestation manifest sha256:a8b8be994a553d1dd16af026cf1d615f4b282a5c829e53c34acd71c0364a8d90 0.0s done
#21 exporting manifest list sha256:ca2bec952f97aa66b267951b5768c907ee74db424c3a6d4aab5fc046470490ab 0.0s done
#21 naming to 192.168.122.110:5000/rs_ix_ix345:latest done
#21 unpacking to 192.168.122.110:5000/rs_ix_ix345:latest 0.1s done
#21 DONE 0.5s
#21 DONE 0.5s

#6 [ 8/16] COPY d18858afc6bb66ec3a19d872077acfd2 /seedemu_sniffer
#6 CACHED

#7 [ 9/16] COPY 17ac2d812a99a91e7f747e1defb72a29 /seedemu_worker
#7 CACHED

#8 [10/16] RUN chmod +x /start.sh
#8 CACHED

#9 [ 3/16] RUN mkdir -p /usr/share/doc/bird2/examples/
#9 CACHED

#10 [ 7/16] COPY 082b96ec819c95ae773daebde675ef80 /start.sh
#10 CACHED

#11 [11/16] RUN chmod +x /seedemu_sniffer
#11 CACHED

#12 [ 2/16] RUN apt-get update && apt-get install -y --no-install-recommends netcat-openbsd
#12 CACHED

#13 [ 4/16] RUN touch /usr/share/doc/bird2/examples/bird.conf
#13 CACHED

#14 [12/16] RUN chmod +x /seedemu_worker
#14 CACHED

#15 [13/16] COPY 2b0ae038330eccd43095538618caee7d /etc/bird/bird.conf
#15 CACHED

#16 [14/16] COPY e01e36443f9f72c6204189260d0bd276 /ifinfo.txt
#16 CACHED

#17 [ 5/16] COPY 92872f20cfb75af4e3e1c588b00d6484 /replace_address.sh
#17 CACHED

#18 [ 6/16] COPY 365d27384adc9719099d1f63f2d15824 /root/.zshrc.pre
#18 CACHED

#19 [15/16] COPY d3d51fdf7f4bad30dc5db560a01ce629 /interface_setup
#0 building with "default" instance using docker driver

#1 [internal] load build definition from Dockerfile
#1 DONE 0.0s
#0 building with "default" instance using docker driver

#1 [internal] load build definition from Dockerfile
#0 building with "default" instance using docker driver

#0 building with "default" instance using docker driver

#1 [internal] load build definition from Dockerfile
#1 [internal] load build definition from Dockerfile
#1 DONE 0.0s
#1 DONE 0.0s

#6 [ 8/16] COPY d18858afc6bb66ec3a19d872077acfd2 /seedemu_sniffer
#6 CACHED

#7 [13/16] COPY 2b0ae038330eccd43095538618caee7d /etc/bird/bird.conf
#7 CACHED

#8 [ 3/16] RUN mkdir -p /usr/share/doc/bird2/examples/
#8 CACHED

#9 [12/16] RUN chmod +x /seedemu_worker
#9 CACHED

#10 [ 2/16] RUN apt-get update && apt-get install -y --no-install-recommends netcat-openbsd
#10 CACHED

#11 [ 5/16] COPY 92872f20cfb75af4e3e1c588b00d6484 /replace_address.sh
#11 CACHED

#12 [ 6/16] COPY 365d27384adc9719099d1f63f2d15824 /root/.zshrc.pre
#12 CACHED

#13 [ 7/16] COPY 082b96ec819c95ae773daebde675ef80 /start.sh
#13 CACHED

#14 [10/16] RUN chmod +x /start.sh
#14 CACHED

#15 [11/16] RUN chmod +x /seedemu_sniffer
#15 CACHED

#16 [ 4/16] RUN touch /usr/share/doc/bird2/examples/bird.conf
#16 CACHED

#17 [ 9/16] COPY 17ac2d812a99a91e7f747e1defb72a29 /seedemu_worker
#17 CACHED

#18 [14/16] COPY e01e36443f9f72c6204189260d0bd276 /ifinfo.txt
#18 CACHED

#19 [15/16] COPY d3d51fdf7f4bad30dc5db560a01ce629 /interface_setup

#1 [internal] load build definition from Dockerfile
#1 transferring dockerfile: 884B done
#1 DONE 0.1s

#2 [internal] load metadata for docker.io/library/39e016aa9e819f203ebc1809245a5818:latest

#1 [internal] load build definition from Dockerfile
#1 transferring dockerfile: 884B done
#19 CACHED
#1 DONE 0.2s

#20 [16/16] COPY 8e9a384ab59c7626a3ffab63886cc30f /etc/bird/conf/kernel.conf
#19 CACHED

#20 [16/16] COPY 8e9a384ab59c7626a3ffab63886cc30f /etc/bird/conf/kernel.conf

#1 [internal] load build definition from Dockerfile
#1 transferring dockerfile: 884B done
#1 DONE 0.2s
#1 transferring dockerfile: 884B done
#1 DONE 0.2s
#2 DONE 0.1s

#3 [internal] load .dockerignore
#3 transferring context: 2B done
#3 DONE 0.0s

#2 [ 1/16] FROM docker.io/library/39e016aa9e819f203ebc1809245a5818:latest@sha256:43a6b8a656b4d087c7baad939091f8a4e19bfade899129aaa2d7fd409433266e
#2 resolve docker.io/library/39e016aa9e819f203ebc1809245a5818:latest@sha256:43a6b8a656b4d087c7baad939091f8a4e19bfade899129aaa2d7fd409433266e 0.0s done
#2 DONE 0.0s

#3 [internal] load metadata for docker.io/library/39e016aa9e819f203ebc1809245a5818:latest
#3 DONE 0.0s

#4 [internal] load .dockerignore
#4 transferring context: 2B done
#4 DONE 0.0s

#2 [internal] load metadata for docker.io/library/39e016aa9e819f203ebc1809245a5818:latest
#2 DONE 0.1s

#3 [internal] load .dockerignore
#3 DONE 0.0s

#2 [internal] load metadata for docker.io/library/39e016aa9e819f203ebc1809245a5818:latest
#2 DONE 0.1s

#3 [internal] load .dockerignore
#3 transferring context:

#4 [ 1/16] FROM docker.io/library/39e016aa9e819f203ebc1809245a5818:latest@sha256:43a6b8a656b4d087c7baad939091f8a4e19bfade899129aaa2d7fd409433266e
#4 resolve docker.io/library/39e016aa9e819f203ebc1809245a5818:latest@sha256:43a6b8a656b4d087c7baad939091f8a4e19bfade899129aaa2d7fd409433266e 0.0s done
#4 DONE 0.0s

#5 [internal] load build context

#5 [internal] load build context
#5 transferring context: 5.45kB done
#5 DONE 0.1s

#3 [internal] load .dockerignore
#3 transferring context: 2B done
#3 DONE 0.2s
#3 transferring context: 2B done
#3 DONE 0.2s
#5 transferring context: 5.45kB done
#5 DONE 0.2s
#20 DONE 1.2s
#20 DONE 1.3s
+ seedemu_build_and_push 192.168.122.110:5000/rs_ix_ix108:latest ./rs_ix_ix108
+ seedemu_build_and_push 192.168.122.110:5000/rs_ix_ix28:latest ./rs_ix_ix28

#21 exporting to image

#4 [ 1/16] FROM docker.io/library/39e016aa9e819f203ebc1809245a5818:latest@sha256:43a6b8a656b4d087c7baad939091f8a4e19bfade899129aaa2d7fd409433266e
#4 resolve docker.io/library/39e016aa9e819f203ebc1809245a5818:latest@sha256:43a6b8a656b4d087c7baad939091f8a4e19bfade899129aaa2d7fd409433266e 0.0s done
#4 DONE 0.0s

#21 exporting to image

#4 [ 1/16] FROM docker.io/library/39e016aa9e819f203ebc1809245a5818:latest@sha256:43a6b8a656b4d087c7baad939091f8a4e19bfade899129aaa2d7fd409433266e
#4 resolve docker.io/library/39e016aa9e819f203ebc1809245a5818:latest@sha256:43a6b8a656b4d087c7baad939091f8a4e19bfade899129aaa2d7fd409433266e 0.0s done
#4 DONE 0.0s
#21 exporting layers 0.1s done
#21 exporting layers 0.1s done
#21 exporting manifest sha256:19fd92fb3eb8fb2ecd1631dfde0553ac886e4927ea2a540634b85bbb58958d63 0.0s done
#21 exporting config sha256:2808762e63235f0c49677917ffd386ddddb4ed658a6f3855783003a4a93cfbe7 0.0s done
#21 exporting attestation manifest sha256:4dfef1816d802ffaa0cc794e2479bafbd1c819a3366cb4dc00d2c7e6e904b643 0.0s done
#21 exporting manifest list sha256:ad69c0ec818001254e984ef126232a1aef8c69a0841443a620155241c358630d 0.0s done
#21 naming to 192.168.122.110:5000/rs_ix_ix32:latest
#21 exporting manifest sha256:d9dfe6acc990ed90409fc50b0365fb246196eb711574cc4ea48fe8bd1755e6f9 0.0s done
#21 exporting config sha256:b85e2b83dfc78ab5de9482840a3429b05747188b1c89d6ec22db3496f7305010 0.0s done
#21 exporting attestation manifest sha256:124cd4dbee1e5b31d0a0c95472f40041ef52cae093e4bb9e50e0e00d65e4afec 0.0s done
#21 exporting manifest list sha256:eee4e920bc83f499409ad413f22c1df5a15bc932692358a5e17c6065f5e5f4fd 0.0s done
#21 naming to 192.168.122.110:5000/rs_ix_ix518:latest
#21 naming to 192.168.122.110:5000/rs_ix_ix32:latest done
#21 unpacking to 192.168.122.110:5000/rs_ix_ix32:latest 0.1s done
#21 naming to 192.168.122.110:5000/rs_ix_ix518:latest done
#21 unpacking to 192.168.122.110:5000/rs_ix_ix518:latest 0.1s done
#21 DONE 0.5s
#21 DONE 0.5s
+ seedemu_build_and_push 192.168.122.110:5000/rs_ix_ix12:latest ./rs_ix_ix12
+ seedemu_build_and_push 192.168.122.110:5000/rs_ix_ix126:latest ./rs_ix_ix126

#6 [12/16] RUN chmod +x /seedemu_worker
#6 CACHED

#7 [ 5/16] COPY 92872f20cfb75af4e3e1c588b00d6484 /replace_address.sh
#7 CACHED

#8 [ 6/16] COPY 365d27384adc9719099d1f63f2d15824 /root/.zshrc.pre
#8 CACHED

#9 [ 7/16] COPY 082b96ec819c95ae773daebde675ef80 /start.sh
#9 CACHED

#10 [ 9/16] COPY 17ac2d812a99a91e7f747e1defb72a29 /seedemu_worker
#10 CACHED

#11 [11/16] RUN chmod +x /seedemu_sniffer
#11 CACHED

#12 [13/16] COPY 2b0ae038330eccd43095538618caee7d /etc/bird/bird.conf
#12 CACHED

#13 [14/16] COPY e01e36443f9f72c6204189260d0bd276 /ifinfo.txt
#13 CACHED

#14 [ 2/16] RUN apt-get update && apt-get install -y --no-install-recommends netcat-openbsd
#14 CACHED

#15 [ 3/16] RUN mkdir -p /usr/share/doc/bird2/examples/
#15 CACHED

#16 [ 4/16] RUN touch /usr/share/doc/bird2/examples/bird.conf
#16 CACHED

#17 [ 8/16] COPY d18858afc6bb66ec3a19d872077acfd2 /seedemu_sniffer
#17 CACHED

#18 [10/16] RUN chmod +x /start.sh
#18 CACHED

#19 [15/16] COPY d3d51fdf7f4bad30dc5db560a01ce629 /interface_setup
#0 building with "default" instance using docker driver

#1 [internal] load build definition from Dockerfile
#1 DONE 0.0s
#0 building with "default" instance using docker driver

#1 [internal] load build definition from Dockerfile
#1 DONE 0.0s
#0 building with "default" instance using docker driver

#0 building with "default" instance using docker driver


#1 [internal] load build definition from Dockerfile
#1 [internal] load build definition from Dockerfile
#5 [internal] load build context
#1 DONE 0.0s
#1 DONE 0.0s

#5 DONE 0.0s
#6 [10/16] RUN chmod +x /start.sh
#6 CACHED

#7 [11/16] RUN chmod +x /seedemu_sniffer
#7 CACHED

#8 [ 4/16] RUN touch /usr/share/doc/bird2/examples/bird.conf
#8 CACHED

#9 [ 6/16] COPY 365d27384adc9719099d1f63f2d15824 /root/.zshrc.pre
#9 CACHED

#10 [ 7/16] COPY 082b96ec819c95ae773daebde675ef80 /start.sh
#10 CACHED

#11 [ 8/16] COPY d18858afc6bb66ec3a19d872077acfd2 /seedemu_sniffer
#11 CACHED

#12 [14/16] COPY e01e36443f9f72c6204189260d0bd276 /ifinfo.txt
#12 CACHED

#13 [ 5/16] COPY 92872f20cfb75af4e3e1c588b00d6484 /replace_address.sh
#13 CACHED

#14 [12/16] RUN chmod +x /seedemu_worker
#14 CACHED

#15 [ 2/16] RUN apt-get update && apt-get install -y --no-install-recommends netcat-openbsd
#15 CACHED

#16 [ 9/16] COPY 17ac2d812a99a91e7f747e1defb72a29 /seedemu_worker
#16 CACHED

#17 [13/16] COPY 2b0ae038330eccd43095538618caee7d /etc/bird/bird.conf
#17 CACHED

#18 [ 3/16] RUN mkdir -p /usr/share/doc/bird2/examples/
#18 CACHED

#19 [15/16] COPY d3d51fdf7f4bad30dc5db560a01ce629 /interface_setup

#5 [internal] load build context
#5 DONE 0.0s

#1 [internal] load build definition from Dockerfile
#1 transferring dockerfile:

#5 [internal] load build context
#19 CACHED

#20 [16/16] COPY 8e9a384ab59c7626a3ffab63886cc30f /etc/bird/conf/kernel.conf
#19 CACHED

#20 [16/16] COPY 8e9a384ab59c7626a3ffab63886cc30f /etc/bird/conf/kernel.conf

#1 [internal] load build definition from Dockerfile
#1 transferring dockerfile: 884B done
#1 DONE 0.2s

#1 [internal] load build definition from Dockerfile
#1 transferring dockerfile: 884B done
#1 DONE 0.2s

#5 [internal] load build context
#5 transferring context: 5.45kB done
#5 DONE 0.1s
#1 transferring dockerfile: 884B done
#1 DONE 0.2s

#1 [internal] load build definition from Dockerfile
#1 transferring dockerfile: 884B done
#1 DONE 0.0s

#2 [internal] load metadata for docker.io/library/39e016aa9e819f203ebc1809245a5818:latest
#2 DONE 0.2s
#20 DONE 0.4s
#20 DONE 0.3s
#5 transferring context: 5.45kB done
#5 DONE 0.2s

#2 [internal] load metadata for docker.io/library/39e016aa9e819f203ebc1809245a5818:latest

#2 [internal] load metadata for docker.io/library/39e016aa9e819f203ebc1809245a5818:latest


#2 [internal] load metadata for docker.io/library/39e016aa9e819f203ebc1809245a5818:latest
#21 exporting to image

#21 exporting to image
#21 exporting layers 0.1s done
#21 exporting layers 0.1s done
#2 DONE 0.1s
#2 DONE 0.1s
#2 DONE 0.1s
#21 exporting manifest sha256:7e8a2ec88e13380e09e6f99627b5c1f454db1f47e57025553fc14f7ffe7494fa 0.0s done
#21 exporting config sha256:0ce8b94a3a0c40caf9882fc3b798711f38caa245c63ad7c3635eb6f088a52f61 0.0s done
#21 exporting attestation manifest sha256:b9cbfc7329c80f77bf86a55b4586adc90455b755a36c970f824b221104aca8d9 0.1s done
#21 exporting manifest list sha256:726c14e754de807735002b8bbe65fde59e4f8001d6417ef20daf1e1de411d399
#21 exporting manifest sha256:6fb40985fab941537a5c821a486492ac66336d0bd37932b3d8f448ef4459abb1 0.0s done
#21 exporting config sha256:880ecd0e829a6b1ff45c9072aee13cbb97a63b6a8b442fb890be4b5c0e7fe3c5 0.0s done
#21 exporting attestation manifest sha256:8aff60acdce2c3bb3c7ad39b4f340779ffa65ecff960bd0a1b1e7c97d1e48e17 0.1s done
#21 exporting manifest list sha256:9b43c737221b88e0ebc84c370dc28aa0d4997a00bd2c3aa1ad0792e7b6849821
#21 exporting manifest list sha256:9b43c737221b88e0ebc84c370dc28aa0d4997a00bd2c3aa1ad0792e7b6849821 0.0s done
#21 naming to 192.168.122.110:5000/rs_ix_ix31:latest done
#21 unpacking to 192.168.122.110:5000/rs_ix_ix31:latest 0.1s done
#21 DONE 0.5s
#21 exporting manifest list sha256:726c14e754de807735002b8bbe65fde59e4f8001d6417ef20daf1e1de411d399 0.0s done
#21 naming to 192.168.122.110:5000/rs_ix_ix125:latest done
#21 unpacking to 192.168.122.110:5000/rs_ix_ix125:latest 0.1s done
#21 DONE 0.5s
+ seedemu_build_and_push 192.168.122.110:5000/rs_ix_ix50:latest ./rs_ix_ix50
+ seedemu_build_and_push 192.168.122.110:5000/rs_ix_ix55:latest ./rs_ix_ix55

#6 [ 8/16] COPY d18858afc6bb66ec3a19d872077acfd2 /seedemu_sniffer
#6 CACHED

#7 [ 9/16] COPY 17ac2d812a99a91e7f747e1defb72a29 /seedemu_worker
#7 CACHED

#8 [11/16] RUN chmod +x /seedemu_sniffer
#8 CACHED

#9 [ 4/16] RUN touch /usr/share/doc/bird2/examples/bird.conf
#9 CACHED

#10 [13/16] COPY 2b0ae038330eccd43095538618caee7d /etc/bird/bird.conf
#10 CACHED

#11 [14/16] COPY e01e36443f9f72c6204189260d0bd276 /ifinfo.txt
#11 CACHED

#12 [ 3/16] RUN mkdir -p /usr/share/doc/bird2/examples/
#12 CACHED

#13 [ 5/16] COPY 92872f20cfb75af4e3e1c588b00d6484 /replace_address.sh
#13 CACHED

#14 [10/16] RUN chmod +x /start.sh
#14 CACHED

#15 [12/16] RUN chmod +x /seedemu_worker
#15 CACHED

#16 [ 2/16] RUN apt-get update && apt-get install -y --no-install-recommends netcat-openbsd
#16 CACHED

#17 [ 6/16] COPY 365d27384adc9719099d1f63f2d15824 /root/.zshrc.pre
#17 CACHED

#18 [ 7/16] COPY 082b96ec819c95ae773daebde675ef80 /start.sh
#18 CACHED

#19 [15/16] COPY d3d51fdf7f4bad30dc5db560a01ce629 /interface_setup

#3 [internal] load .dockerignore
#3 DONE 0.0s

#3 [internal] load .dockerignore
#3 DONE 0.0s

#6 [ 4/16] RUN touch /usr/share/doc/bird2/examples/bird.conf
#6 CACHED

#7 [ 9/16] COPY 17ac2d812a99a91e7f747e1defb72a29 /seedemu_worker
#7 CACHED

#8 [11/16] RUN chmod +x /seedemu_sniffer
#8 CACHED

#9 [13/16] COPY 2b0ae038330eccd43095538618caee7d /etc/bird/bird.conf
#9 CACHED

#10 [ 2/16] RUN apt-get update && apt-get install -y --no-install-recommends netcat-openbsd
#10 CACHED

#11 [ 5/16] COPY 92872f20cfb75af4e3e1c588b00d6484 /replace_address.sh
#11 CACHED

#12 [ 6/16] COPY 365d27384adc9719099d1f63f2d15824 /root/.zshrc.pre
#12 CACHED

#13 [10/16] RUN chmod +x /start.sh
#13 CACHED

#14 [ 7/16] COPY 082b96ec819c95ae773daebde675ef80 /start.sh
#14 CACHED

#15 [ 8/16] COPY d18858afc6bb66ec3a19d872077acfd2 /seedemu_sniffer
#15 CACHED

#16 [12/16] RUN chmod +x /seedemu_worker
#16 CACHED

#17 [14/16] COPY e01e36443f9f72c6204189260d0bd276 /ifinfo.txt
#17 CACHED

#18 [ 3/16] RUN mkdir -p /usr/share/doc/bird2/examples/
#18 CACHED

#19 [15/16] COPY d3d51fdf7f4bad30dc5db560a01ce629 /interface_setup

#3 [internal] load .dockerignore
#3 DONE 0.0s

#3 [internal] load .dockerignore
#0 building with "default" instance using docker driver

#1 [internal] load build definition from Dockerfile
#1 DONE 0.0s
#0 building with "default" instance using docker driver

#1 [internal] load build definition from Dockerfile

#1 [internal] load build definition from Dockerfile
#1 transferring dockerfile: 884B done
#1 DONE 0.1s

#2 [internal] load metadata for docker.io/library/39e016aa9e819f203ebc1809245a5818:latest
#1 transferring dockerfile: 884B done
#1 DONE 0.1s

#2 [internal] load metadata for docker.io/library/39e016aa9e819f203ebc1809245a5818:latest
#19 CACHED

#20 [16/16] COPY 8e9a384ab59c7626a3ffab63886cc30f /etc/bird/conf/kernel.conf
#19 CACHED

#20 [16/16] COPY 8e9a384ab59c7626a3ffab63886cc30f /etc/bird/conf/kernel.conf

#3 [internal] load .dockerignore
#3 transferring context: 2B done
#3 transferring context: 2B done

#4 [ 1/16] FROM docker.io/library/39e016aa9e819f203ebc1809245a5818:latest@sha256:43a6b8a656b4d087c7baad939091f8a4e19bfade899129aaa2d7fd409433266e
#4 resolve docker.io/library/39e016aa9e819f203ebc1809245a5818:latest@sha256:43a6b8a656b4d087c7baad939091f8a4e19bfade899129aaa2d7fd409433266e 0.0s done
#4 DONE 0.0s

#3 [internal] load .dockerignore
#3 transferring context: 2B done
#3 DONE 0.0s

#5 [internal] load build context

#4 [ 1/16] FROM docker.io/library/39e016aa9e819f203ebc1809245a5818:latest@sha256:43a6b8a656b4d087c7baad939091f8a4e19bfade899129aaa2d7fd409433266e
#4 resolve docker.io/library/39e016aa9e819f203ebc1809245a5818:latest@sha256:43a6b8a656b4d087c7baad939091f8a4e19bfade899129aaa2d7fd409433266e 0.0s done
#4 DONE 0.0s

#3 [internal] load .dockerignore
#3 transferring context: 2B done
#3 DONE 0.0s

#5 [internal] load build context
#3 DONE 0.2s
#3 DONE 0.2s
#2 DONE 0.1s

#3 [internal] load .dockerignore
#2 DONE 0.1s

#3 [internal] load .dockerignore
#3 transferring context: 2B done

#4 [ 1/16] FROM docker.io/library/39e016aa9e819f203ebc1809245a5818:latest@sha256:43a6b8a656b4d087c7baad939091f8a4e19bfade899129aaa2d7fd409433266e
#4 resolve docker.io/library/39e016aa9e819f203ebc1809245a5818:latest@sha256:43a6b8a656b4d087c7baad939091f8a4e19bfade899129aaa2d7fd409433266e 0.0s done
#4 DONE 0.0s

#5 [internal] load build context
#5 transferring context: 5.45kB done
#5 DONE 0.1s

#4 [ 1/16] FROM docker.io/library/39e016aa9e819f203ebc1809245a5818:latest@sha256:43a6b8a656b4d087c7baad939091f8a4e19bfade899129aaa2d7fd409433266e
#4 resolve docker.io/library/39e016aa9e819f203ebc1809245a5818:latest@sha256:43a6b8a656b4d087c7baad939091f8a4e19bfade899129aaa2d7fd409433266e 0.0s done
#4 DONE 0.0s

#5 [internal] load build context
#3 DONE 0.3s
#5 transferring context: 5.45kB done
#5 DONE 0.5s
#3 transferring context:
#5 transferring context: 5.45kB done
#5 DONE 0.6s
#5 transferring context: 5.45kB done
#5 DONE 0.4s
#3 transferring context: 2B done
#3 DONE 1.1s
#20 DONE 1.7s
#20 DONE 1.7s

#21 exporting to image

#21 exporting to image

#4 [ 1/16] FROM docker.io/library/39e016aa9e819f203ebc1809245a5818:latest@sha256:43a6b8a656b4d087c7baad939091f8a4e19bfade899129aaa2d7fd409433266e
#4 resolve docker.io/library/39e016aa9e819f203ebc1809245a5818:latest@sha256:43a6b8a656b4d087c7baad939091f8a4e19bfade899129aaa2d7fd409433266e 0.0s done
#4 DONE 0.0s

#4 [ 1/16] FROM docker.io/library/39e016aa9e819f203ebc1809245a5818:latest@sha256:43a6b8a656b4d087c7baad939091f8a4e19bfade899129aaa2d7fd409433266e
#4 resolve docker.io/library/39e016aa9e819f203ebc1809245a5818:latest@sha256:43a6b8a656b4d087c7baad939091f8a4e19bfade899129aaa2d7fd409433266e 0.0s done
#4 DONE 0.0s
#21 exporting layers
#21 exporting layers 0.2s done
#21 exporting layers
#21 exporting layers 0.2s done
#21 exporting manifest sha256:90f48d3178e8d734a72df810eb7e8fd8d6773f0fc16bba7a37f66fbb42b098c3 0.0s done
#21 exporting config sha256:7ea6a07211aac3e68fdf60f0a86aaa7884e2bc3a35e7ff07297ae6d929fa63e0 0.0s done
#21 exporting attestation manifest sha256:389254fa5059262028780436f392272cd2c4364d5324e9dfd04ea2549c51e2f8 0.0s done
#21 exporting manifest list sha256:8f075af7f35845a52b0ad8c4c301ceed7263f90a825268b531c56e66c2fa1073
#21 exporting manifest sha256:ccca8cda985f82bda28df67f4aadbf9c7e720c048104af832758063f3f41efda 0.0s done
#21 exporting config sha256:7a275e2fd5d42b9a8e0816cd9199ab940ef9598653e995f6fdf231211364ac7d 0.0s done
#21 exporting attestation manifest sha256:cff18ba3de0cc6f438253b9fec60dbd78af912eb1a5bdb44939dc4049b273135 0.0s done
#21 exporting manifest list sha256:bfb391ce84b4d423e066ee37acfed4e7bed25e18855ee73c41cdfc4fbf83df20 0.0s done
#21 naming to 192.168.122.110:5000/rs_ix_ix533:latest
#21 exporting manifest list sha256:8f075af7f35845a52b0ad8c4c301ceed7263f90a825268b531c56e66c2fa1073 0.0s done
#21 naming to 192.168.122.110:5000/rs_ix_ix51:latest done
#21 unpacking to 192.168.122.110:5000/rs_ix_ix51:latest 0.1s done
#21 DONE 0.5s
#21 naming to 192.168.122.110:5000/rs_ix_ix533:latest done
#21 unpacking to 192.168.122.110:5000/rs_ix_ix533:latest 0.1s done
#21 DONE 0.5s
+ seedemu_build_and_push 192.168.122.110:5000/rs_ix_ix99:latest ./rs_ix_ix99
+ seedemu_build_and_push 192.168.122.110:5000/rs_ix_ix9:latest ./rs_ix_ix9

#6 [11/16] RUN chmod +x /seedemu_sniffer
#6 CACHED

#7 [14/16] COPY e01e36443f9f72c6204189260d0bd276 /ifinfo.txt
#7 CACHED

#8 [ 5/16] COPY 92872f20cfb75af4e3e1c588b00d6484 /replace_address.sh
#8 CACHED

#9 [ 7/16] COPY 082b96ec819c95ae773daebde675ef80 /start.sh
#9 CACHED

#10 [ 9/16] COPY 17ac2d812a99a91e7f747e1defb72a29 /seedemu_worker
#10 CACHED

#11 [13/16] COPY 2b0ae038330eccd43095538618caee7d /etc/bird/bird.conf
#11 CACHED

#12 [12/16] RUN chmod +x /seedemu_worker
#12 CACHED

#13 [ 3/16] RUN mkdir -p /usr/share/doc/bird2/examples/
#13 CACHED

#14 [ 4/16] RUN touch /usr/share/doc/bird2/examples/bird.conf
#14 CACHED

#15 [ 8/16] COPY d18858afc6bb66ec3a19d872077acfd2 /seedemu_sniffer
#15 CACHED

#16 [10/16] RUN chmod +x /start.sh
#16 CACHED

#17 [ 2/16] RUN apt-get update && apt-get install -y --no-install-recommends netcat-openbsd
#17 CACHED

#18 [ 6/16] COPY 365d27384adc9719099d1f63f2d15824 /root/.zshrc.pre
#18 CACHED

#19 [15/16] COPY d3d51fdf7f4bad30dc5db560a01ce629 /interface_setup

#6 [10/16] RUN chmod +x /start.sh
#6 CACHED

#7 [13/16] COPY 2b0ae038330eccd43095538618caee7d /etc/bird/bird.conf
#7 CACHED

#8 [14/16] COPY e01e36443f9f72c6204189260d0bd276 /ifinfo.txt
#8 CACHED

#9 [ 5/16] COPY 92872f20cfb75af4e3e1c588b00d6484 /replace_address.sh
#9 CACHED

#10 [ 7/16] COPY 082b96ec819c95ae773daebde675ef80 /start.sh
#10 CACHED

#11 [12/16] RUN chmod +x /seedemu_worker
#11 CACHED

#12 [ 8/16] COPY d18858afc6bb66ec3a19d872077acfd2 /seedemu_sniffer
#12 CACHED

#13 [11/16] RUN chmod +x /seedemu_sniffer
#13 CACHED

#14 [ 2/16] RUN apt-get update && apt-get install -y --no-install-recommends netcat-openbsd
#14 CACHED

#15 [ 4/16] RUN touch /usr/share/doc/bird2/examples/bird.conf
#15 CACHED

#16 [ 6/16] COPY 365d27384adc9719099d1f63f2d15824 /root/.zshrc.pre
#16 CACHED

#17 [ 3/16] RUN mkdir -p /usr/share/doc/bird2/examples/
#17 CACHED

#18 [ 9/16] COPY 17ac2d812a99a91e7f747e1defb72a29 /seedemu_worker
#18 CACHED

#19 [15/16] COPY d3d51fdf7f4bad30dc5db560a01ce629 /interface_setup

#6 [12/16] RUN chmod +x /seedemu_worker
#6 CACHED

#7 [ 3/16] RUN mkdir -p /usr/share/doc/bird2/examples/
#7 CACHED

#8 [14/16] COPY e01e36443f9f72c6204189260d0bd276 /ifinfo.txt
#8 CACHED

#9 [ 6/16] COPY 365d27384adc9719099d1f63f2d15824 /root/.zshrc.pre
#9 CACHED

#10 [10/16] RUN chmod +x /start.sh
#10 CACHED

#11 [ 2/16] RUN apt-get update && apt-get install -y --no-install-recommends netcat-openbsd
#11 CACHED

#12 [ 7/16] COPY 082b96ec819c95ae773daebde675ef80 /start.sh
#12 CACHED

#13 [13/16] COPY 2b0ae038330eccd43095538618caee7d /etc/bird/bird.conf
#13 CACHED

#14 [ 4/16] RUN touch /usr/share/doc/bird2/examples/bird.conf
#14 CACHED

#15 [ 5/16] COPY 92872f20cfb75af4e3e1c588b00d6484 /replace_address.sh
#15 CACHED

#16 [ 8/16] COPY d18858afc6bb66ec3a19d872077acfd2 /seedemu_sniffer
#16 CACHED

#17 [ 9/16] COPY 17ac2d812a99a91e7f747e1defb72a29 /seedemu_worker
#17 CACHED

#18 [11/16] RUN chmod +x /seedemu_sniffer
#18 CACHED

#19 [15/16] COPY d3d51fdf7f4bad30dc5db560a01ce629 /interface_setup

#6 [ 7/16] COPY 082b96ec819c95ae773daebde675ef80 /start.sh
#6 CACHED

#7 [ 8/16] COPY d18858afc6bb66ec3a19d872077acfd2 /seedemu_sniffer
#7 CACHED


#5 [internal] load build context
#8 [12/16] RUN chmod +x /seedemu_worker
#8 CACHED


#5 DONE 0.0s
#9 [14/16] COPY e01e36443f9f72c6204189260d0bd276 /ifinfo.txt
#9 CACHED

#10 [ 2/16] RUN apt-get update && apt-get install -y --no-install-recommends netcat-openbsd
#5 [internal] load build context
#10 CACHED

#11 [ 6/16] COPY 365d27384adc9719099d1f63f2d15824 /root/.zshrc.pre
#11 CACHED

#5 DONE 0.0s
#12 [10/16] RUN chmod +x /start.sh
#12 CACHED

#13 [ 3/16] RUN mkdir -p /usr/share/doc/bird2/examples/
#13 CACHED

#14 [ 5/16] COPY 92872f20cfb75af4e3e1c588b00d6484 /replace_address.sh
#14 CACHED

#15 [11/16] RUN chmod +x /seedemu_sniffer
#15 CACHED

#16 [ 4/16] RUN touch /usr/share/doc/bird2/examples/bird.conf
#16 CACHED

#17 [ 9/16] COPY 17ac2d812a99a91e7f747e1defb72a29 /seedemu_worker
#17 CACHED

#18 [13/16] COPY 2b0ae038330eccd43095538618caee7d /etc/bird/bird.conf
#18 CACHED

#19 [15/16] COPY d3d51fdf7f4bad30dc5db560a01ce629 /interface_setup
#0 building with "default" instance using docker driver

#1 [internal] load build definition from Dockerfile
#1 DONE 0.0s
#0 building with "default" instance using docker driver

#1 [internal] load build definition from Dockerfile

#5 [internal] load build context
#5 transferring context: 5.45kB done
#5 DONE 0.1s

#5 [internal] load build context
#5 transferring context: 5.45kB done
#5 DONE 0.1s
#1 transferring dockerfile: 884B done
#1 DONE 0.1s
#19 CACHED

#20 [16/16] COPY 8e9a384ab59c7626a3ffab63886cc30f /etc/bird/conf/kernel.conf
#19 CACHED

#20 [16/16] COPY 8e9a384ab59c7626a3ffab63886cc30f /etc/bird/conf/kernel.conf
#19 CACHED

#20 [16/16] COPY 8e9a384ab59c7626a3ffab63886cc30f /etc/bird/conf/kernel.conf
#19 CACHED

#20 [16/16] COPY 8e9a384ab59c7626a3ffab63886cc30f /etc/bird/conf/kernel.conf

#1 [internal] load build definition from Dockerfile
#1 transferring dockerfile: 884B done
#1 DONE 0.2s
#20 DONE 1.2s
#20 DONE 1.3s
#20 DONE 1.4s
#20 DONE 1.4s

#2 [internal] load metadata for docker.io/library/39e016aa9e819f203ebc1809245a5818:latest

#2 [internal] load metadata for docker.io/library/39e016aa9e819f203ebc1809245a5818:latest

#21 exporting to image
#21 exporting layers

#21 exporting to image
#21 exporting layers

#21 exporting to image
#21 exporting layers

#21 exporting to image
#2 DONE 0.1s
#2 DONE 0.1s
#21 exporting layers
#21 exporting layers 0.2s done
#21 exporting layers 0.2s done
#21 exporting layers 0.2s done
#21 exporting layers 0.2s done
#21 exporting manifest sha256:8ded7621f66b7627a46edbd9801b3837d17d20d1d2d6d7fb6566be3b7e6efaf8 0.0s done
#21 exporting config sha256:0d5a7267383145985def22af46f37718f25f71da2150c9f9d06facfdd61e7c4e 0.0s done
#21 exporting attestation manifest sha256:82a2435eedba587a6744a9aaf8ef78d86c499037b7035b10c3e746d5b850a2c9
#21 exporting manifest sha256:06c5d6ca76ea74a63adca945dd8e7a42e5fa450410f59fe8080a559285bd719e 0.0s done
#21 exporting config sha256:46103bc53ff9c2845f16318c612e2bc5208b20563dd949cd9de71efc424270c8 0.0s done
#21 exporting attestation manifest sha256:c951ab8e08fde8745a51ff4b5c262de665a60901ae9a6c303993cd0b46d90f85
#21 exporting manifest sha256:c6a761482d64e57952ac2421d633449db7a1c2da391cdb9d70e9761cbedb58a7 0.0s done
#21 exporting config sha256:d9065eb8282ec7ecdbd57b30ee27cbf67d02983991e0b122db5f348b467a7e92 0.0s done
#21 exporting attestation manifest sha256:40989294951af375f0ecdb8a5b3407dd8222d7453a2e2eb936b6b7e469383ca8
#21 exporting manifest sha256:8eaa42abd5452d43256c0a47610d59120a1dd155060ea6ef0236cd293dd139e2 0.0s done
#21 exporting config sha256:086aa9e9e7d7ad09c576ae4492c9bf288f5218200a31d1079b15adca2a40dd7b 0.0s done
#21 exporting attestation manifest sha256:9b3cc2550a175db431d2d3719dc8bcadefcafb42ce623ef18f811e3a95e21bae 0.1s done
#21 exporting manifest list sha256:4fb2c0b346286fd7e23fe1527e7034ac50c36f9f635b84dc02d79f8a85ecc5dd
#21 exporting attestation manifest sha256:82a2435eedba587a6744a9aaf8ef78d86c499037b7035b10c3e746d5b850a2c9 0.1s done
#21 exporting manifest list sha256:53ea84eaa7191c923b0fb4a9143bb4109be840770431e60229e53437af384e6c 0.0s done
#21 naming to 192.168.122.110:5000/rs_ix_ix12:latest
#21 exporting attestation manifest sha256:c951ab8e08fde8745a51ff4b5c262de665a60901ae9a6c303993cd0b46d90f85 0.1s done
#21 exporting manifest list sha256:6f4a707401090ca39769307599f890ddd2fa3d58e0d1dde97732bcd393b9dc9d 0.0s done
#21 naming to 192.168.122.110:5000/rs_ix_ix28:latest
#21 exporting attestation manifest sha256:40989294951af375f0ecdb8a5b3407dd8222d7453a2e2eb936b6b7e469383ca8 0.1s done
#21 exporting manifest list sha256:88845b0710a9bf9eb38bfa71a48955a8703329a3404837ae23e1fbf3137eccc1 0.0s done
#21 naming to 192.168.122.110:5000/rs_ix_ix108:latest
#21 exporting manifest list sha256:4fb2c0b346286fd7e23fe1527e7034ac50c36f9f635b84dc02d79f8a85ecc5dd 0.0s done
#21 naming to 192.168.122.110:5000/rs_ix_ix126:latest 0.0s done
#21 unpacking to 192.168.122.110:5000/rs_ix_ix126:latest 0.1s done
#21 DONE 0.7s
#21 naming to 192.168.122.110:5000/rs_ix_ix28:latest done
#21 unpacking to 192.168.122.110:5000/rs_ix_ix28:latest 0.1s done
#21 DONE 0.7s
#21 naming to 192.168.122.110:5000/rs_ix_ix12:latest 0.0s done
#21 unpacking to 192.168.122.110:5000/rs_ix_ix12:latest 0.1s done
#21 naming to 192.168.122.110:5000/rs_ix_ix108:latest done
#21 unpacking to 192.168.122.110:5000/rs_ix_ix108:latest 0.1s done
#21 DONE 0.7s
#21 DONE 0.7s
+ seedemu_build_and_push 192.168.122.110:5000/rs_ix_ix347:latest ./rs_ix_ix347
+ seedemu_build_and_push 192.168.122.110:5000/rs_ix_ix60:latest ./rs_ix_ix60
+ seedemu_build_and_push 192.168.122.110:5000/rs_ix_ix68:latest ./rs_ix_ix68
+ seedemu_build_and_push 192.168.122.110:5000/rs_ix_ix33:latest ./rs_ix_ix33

#6 [10/16] RUN chmod +x /start.sh
#6 CACHED

#7 [12/16] RUN chmod +x /seedemu_worker
#7 CACHED

#8 [ 2/16] RUN apt-get update && apt-get install -y --no-install-recommends netcat-openbsd
#8 CACHED

#9 [ 4/16] RUN touch /usr/share/doc/bird2/examples/bird.conf
#9 CACHED

#10 [ 5/16] COPY 92872f20cfb75af4e3e1c588b00d6484 /replace_address.sh
#10 CACHED

#11 [14/16] COPY e01e36443f9f72c6204189260d0bd276 /ifinfo.txt
#11 CACHED

#12 [ 3/16] RUN mkdir -p /usr/share/doc/bird2/examples/
#12 CACHED

#13 [ 6/16] COPY 365d27384adc9719099d1f63f2d15824 /root/.zshrc.pre
#13 CACHED

#14 [11/16] RUN chmod +x /seedemu_sniffer
#14 CACHED

#15 [13/16] COPY 2b0ae038330eccd43095538618caee7d /etc/bird/bird.conf
#15 CACHED

#16 [ 7/16] COPY 082b96ec819c95ae773daebde675ef80 /start.sh
#16 CACHED

#17 [ 8/16] COPY d18858afc6bb66ec3a19d872077acfd2 /seedemu_sniffer
#17 CACHED

#18 [ 9/16] COPY 17ac2d812a99a91e7f747e1defb72a29 /seedemu_worker
#18 CACHED

#19 [15/16] COPY d3d51fdf7f4bad30dc5db560a01ce629 /interface_setup

#3 [internal] load .dockerignore

#3 DONE 0.0s
#3 [internal] load .dockerignore
#3 DONE 0.0s

#6 [ 9/16] COPY 17ac2d812a99a91e7f747e1defb72a29 /seedemu_worker
#6 CACHED

#7 [13/16] COPY 2b0ae038330eccd43095538618caee7d /etc/bird/bird.conf
#7 CACHED

#8 [11/16] RUN chmod +x /seedemu_sniffer
#8 CACHED

#9 [ 2/16] RUN apt-get update && apt-get install -y --no-install-recommends netcat-openbsd
#9 CACHED

#10 [ 7/16] COPY 082b96ec819c95ae773daebde675ef80 /start.sh
#10 CACHED

#11 [12/16] RUN chmod +x /seedemu_worker
#11 CACHED

#12 [ 3/16] RUN mkdir -p /usr/share/doc/bird2/examples/
#12 CACHED

#13 [ 5/16] COPY 92872f20cfb75af4e3e1c588b00d6484 /replace_address.sh
#13 CACHED

#14 [ 8/16] COPY d18858afc6bb66ec3a19d872077acfd2 /seedemu_sniffer
#14 CACHED

#15 [10/16] RUN chmod +x /start.sh
#15 CACHED

#16 [14/16] COPY e01e36443f9f72c6204189260d0bd276 /ifinfo.txt
#16 CACHED

#17 [ 4/16] RUN touch /usr/share/doc/bird2/examples/bird.conf
#17 CACHED

#18 [ 6/16] COPY 365d27384adc9719099d1f63f2d15824 /root/.zshrc.pre
#18 CACHED

#19 [15/16] COPY d3d51fdf7f4bad30dc5db560a01ce629 /interface_setup
#0 building with "default" instance using docker driver

#1 [internal] load build definition from Dockerfile
#1 transferring dockerfile: 884B done
#1 DONE 0.0s

#4 [ 1/16] FROM docker.io/library/39e016aa9e819f203ebc1809245a5818:latest@sha256:43a6b8a656b4d087c7baad939091f8a4e19bfade899129aaa2d7fd409433266e
#4 resolve docker.io/library/39e016aa9e819f203ebc1809245a5818:latest@sha256:43a6b8a656b4d087c7baad939091f8a4e19bfade899129aaa2d7fd409433266e 0.0s done
#4 DONE 0.0s

#3 [internal] load .dockerignore
#3 transferring context: 2B done
#3 DONE 0.0s

#5 [internal] load build context
#5 transferring context: 5.44kB done
#5 DONE 0.1s

#4 [ 1/16] FROM docker.io/library/39e016aa9e819f203ebc1809245a5818:latest@sha256:43a6b8a656b4d087c7baad939091f8a4e19bfade899129aaa2d7fd409433266e
#4 resolve docker.io/library/39e016aa9e819f203ebc1809245a5818:latest@sha256:43a6b8a656b4d087c7baad939091f8a4e19bfade899129aaa2d7fd409433266e 0.0s done
#4 DONE 0.0s

#3 [internal] load .dockerignore
#3 transferring context: 2B done
#3 DONE 0.0s

#5 [internal] load build context
#5 transferring context: 5.45kB done
#5 DONE 0.1s
#19 CACHED

#20 [16/16] COPY 8e9a384ab59c7626a3ffab63886cc30f /etc/bird/conf/kernel.conf
#19 CACHED

#20 [16/16] COPY 8e9a384ab59c7626a3ffab63886cc30f /etc/bird/conf/kernel.conf

#2 [internal] load metadata for docker.io/library/39e016aa9e819f203ebc1809245a5818:latest
#2 DONE 0.1s
#0 building with "default" instance using docker driver

#1 [internal] load build definition from Dockerfile
#1 transferring dockerfile: 884B done
#1 DONE 0.1s
#0 building with "default" instance using docker driver

#1 [internal] load build definition from Dockerfile
#1 transferring dockerfile: 884B done
#1 DONE 0.1s
#20 DONE 0.6s
#20 DONE 0.6s

#2 [internal] load metadata for docker.io/library/39e016aa9e819f203ebc1809245a5818:latest

#2 [internal] load metadata for docker.io/library/39e016aa9e819f203ebc1809245a5818:latest

#21 exporting to image
#21 exporting layers

#21 exporting to image
#21 exporting layers 0.1s done
#21 exporting layers 0.1s done
#2 DONE 0.1s
#2 DONE 0.1s
#21 exporting manifest sha256:87d13e08983884ce17a4584e05055b5985d8ef0f406fd7e767e0bdd19f12f606 0.0s done
#21 exporting config sha256:b2e8dee34bc58734e34cd35be7562b2014975f8d55bf847b80e5c76b26da545e 0.0s done
#21 exporting attestation manifest sha256:c2d712261c402b866d98cfd128e6d2ea008a93a9d7cfe112f39b72ee70b6ac8f
#21 exporting manifest sha256:03ca49b60da90bd58470b9149d39c6a971b53c83dca84f53bfb604f1989f8428 0.0s done
#21 exporting config sha256:f9dac84be5c46db88a031fb82d1cc403ae95805db1d3c5a29c7b3719cc791207 0.0s done
#21 exporting attestation manifest sha256:77f48a51d768bb6f471de8015017817264e21cf2cdc04e376dd9d455bca9b5c6 0.1s done
#21 exporting manifest list sha256:845dbd5c5ad7edc4a2fce451420881710f7196ef318edd7b39d5fe76cc2cffd7
#21 exporting attestation manifest sha256:c2d712261c402b866d98cfd128e6d2ea008a93a9d7cfe112f39b72ee70b6ac8f 0.0s done
#21 exporting manifest list sha256:7275efa4b5455d05080ed4cea4bc8c64d914ade61e83ff0f45a19adea3aac750 0.0s done
#21 naming to 192.168.122.110:5000/rs_ix_ix55:latest done
#21 unpacking to 192.168.122.110:5000/rs_ix_ix55:latest 0.1s done
#21 exporting manifest list sha256:845dbd5c5ad7edc4a2fce451420881710f7196ef318edd7b39d5fe76cc2cffd7 0.0s done
#21 naming to 192.168.122.110:5000/rs_ix_ix50:latest done
#21 unpacking to 192.168.122.110:5000/rs_ix_ix50:latest 0.1s done
#21 DONE 0.5s
#21 DONE 0.5s
+ seedemu_build_and_push 192.168.122.110:5000/rs_ix_ix63:latest ./rs_ix_ix63
+ seedemu_build_and_push 192.168.122.110:5000/rs_ix_ix58:latest ./rs_ix_ix58

#6 [ 6/16] COPY 365d27384adc9719099d1f63f2d15824 /root/.zshrc.pre
#6 CACHED

#7 [ 8/16] COPY d18858afc6bb66ec3a19d872077acfd2 /seedemu_sniffer
#7 CACHED

#8 [ 4/16] RUN touch /usr/share/doc/bird2/examples/bird.conf
#8 CACHED

#9 [ 7/16] COPY 082b96ec819c95ae773daebde675ef80 /start.sh
#9 CACHED

#10 [ 9/16] COPY 17ac2d812a99a91e7f747e1defb72a29 /seedemu_worker
#10 CACHED

#11 [11/16] RUN chmod +x /seedemu_sniffer
#11 CACHED

#12 [14/16] COPY e01e36443f9f72c6204189260d0bd276 /ifinfo.txt
#12 CACHED

#13 [ 2/16] RUN apt-get update && apt-get install -y --no-install-recommends netcat-openbsd
#13 CACHED

#14 [ 3/16] RUN mkdir -p /usr/share/doc/bird2/examples/
#14 CACHED

#15 [ 5/16] COPY 92872f20cfb75af4e3e1c588b00d6484 /replace_address.sh
#15 CACHED

#16 [10/16] RUN chmod +x /start.sh
#16 CACHED

#17 [12/16] RUN chmod +x /seedemu_worker
#17 CACHED

#18 [13/16] COPY 2b0ae038330eccd43095538618caee7d /etc/bird/bird.conf
#18 CACHED

#19 [15/16] COPY d3d51fdf7f4bad30dc5db560a01ce629 /interface_setup

#0 building with "default" instance using docker driver

#1 [internal] load build definition from Dockerfile

#6 [ 6/16] COPY 365d27384adc9719099d1f63f2d15824 /root/.zshrc.pre
#1 DONE 0.0s
#6 CACHED
#3 [internal] load .dockerignore

#7 [12/16] RUN chmod +x /seedemu_worker
#7 CACHED

#8 [13/16] COPY 2b0ae038330eccd43095538618caee7d /etc/bird/bird.conf
#8 CACHED

#9 [ 2/16] RUN apt-get update && apt-get install -y --no-install-recommends netcat-openbsd
#9 CACHED

#10 [ 3/16] RUN mkdir -p /usr/share/doc/bird2/examples/
#10 CACHED

#11 [ 9/16] COPY 17ac2d812a99a91e7f747e1defb72a29 /seedemu_worker
#11 CACHED

#12 [10/16] RUN chmod +x /start.sh
#12 CACHED

#13 [11/16] RUN chmod +x /seedemu_sniffer
#13 CACHED

#14 [14/16] COPY e01e36443f9f72c6204189260d0bd276 /ifinfo.txt
#14 CACHED

#15 [ 5/16] COPY 92872f20cfb75af4e3e1c588b00d6484 /replace_address.sh
#15 CACHED

#16 [ 7/16] COPY 082b96ec819c95ae773daebde675ef80 /start.sh
#16 CACHED

#17 [ 8/16] COPY d18858afc6bb66ec3a19d872077acfd2 /seedemu_sniffer
#17 CACHED

#18 [ 4/16] RUN touch /usr/share/doc/bird2/examples/bird.conf
#18 CACHED

#19 [15/16] COPY d3d51fdf7f4bad30dc5db560a01ce629 /interface_setup

#3 [internal] load .dockerignore

#3 DONE 0.0s
#3 [internal] load .dockerignore
#3 DONE 0.0s
#0 building with "default" instance using docker driver

#1 [internal] load build definition from Dockerfile
#1 transferring dockerfile:
#0 building with "default" instance using docker driver

#1 [internal] load build definition from Dockerfile
#1 transferring dockerfile: 884B done
#1 DONE 0.1s
#3 transferring context: 2B done
#3 DONE 0.0s

#4 [ 1/16] FROM docker.io/library/39e016aa9e819f203ebc1809245a5818:latest@sha256:43a6b8a656b4d087c7baad939091f8a4e19bfade899129aaa2d7fd409433266e
#4 resolve docker.io/library/39e016aa9e819f203ebc1809245a5818:latest@sha256:43a6b8a656b4d087c7baad939091f8a4e19bfade899129aaa2d7fd409433266e 0.0s done
#4 DONE 0.0s

#5 [internal] load build context

#4 [ 1/16] FROM docker.io/library/39e016aa9e819f203ebc1809245a5818:latest@sha256:43a6b8a656b4d087c7baad939091f8a4e19bfade899129aaa2d7fd409433266e
#4 resolve docker.io/library/39e016aa9e819f203ebc1809245a5818:latest@sha256:43a6b8a656b4d087c7baad939091f8a4e19bfade899129aaa2d7fd409433266e 0.0s done
#4 DONE 0.0s

#3 [internal] load .dockerignore
#3 transferring context: 2B done
#3 DONE 0.1s

#1 [internal] load build definition from Dockerfile
#1 transferring dockerfile: 884B done
#1 DONE 0.0s

#2 [internal] load metadata for docker.io/library/39e016aa9e819f203ebc1809245a5818:latest
#2 DONE 0.1s

#3 [internal] load .dockerignore
#3 transferring context: 2B done
#3 DONE 0.2s
#19 CACHED

#20 [16/16] COPY 8e9a384ab59c7626a3ffab63886cc30f /etc/bird/conf/kernel.conf
#19 CACHED

#20 [16/16] COPY 8e9a384ab59c7626a3ffab63886cc30f /etc/bird/conf/kernel.conf
#1 transferring dockerfile: 884B done
#1 DONE 0.2s

#2 [internal] load metadata for docker.io/library/39e016aa9e819f203ebc1809245a5818:latest
#2 DONE 0.1s

#5 [internal] load build context

#2 [internal] load metadata for docker.io/library/39e016aa9e819f203ebc1809245a5818:latest
#2 DONE 0.0s

#3 [internal] load .dockerignore

#3 [internal] load .dockerignore

#4 [ 1/16] FROM docker.io/library/39e016aa9e819f203ebc1809245a5818:latest@sha256:43a6b8a656b4d087c7baad939091f8a4e19bfade899129aaa2d7fd409433266e
#4 resolve docker.io/library/39e016aa9e819f203ebc1809245a5818:latest@sha256:43a6b8a656b4d087c7baad939091f8a4e19bfade899129aaa2d7fd409433266e 0.0s done
#4 DONE 0.0s

#5 [internal] load build context

#3 [internal] load .dockerignore
#3 transferring context:
#3 transferring context:
#3 transferring context:
#5 transferring context: 5.45kB done
#5 DONE 0.6s
#5 transferring context: 5.45kB done
#5 DONE 0.6s
#3 transferring context: 2B done
#3 DONE 0.6s
#3 transferring context: 2B done
#3 DONE 0.6s
#3 transferring context: 2B done
#3 DONE 0.5s
#5 transferring context: 5.45kB done
#5 DONE 0.6s
#20 DONE 1.6s
#20 DONE 1.7s

#4 [ 1/16] FROM docker.io/library/39e016aa9e819f203ebc1809245a5818:latest@sha256:43a6b8a656b4d087c7baad939091f8a4e19bfade899129aaa2d7fd409433266e
#4 resolve docker.io/library/39e016aa9e819f203ebc1809245a5818:latest@sha256:43a6b8a656b4d087c7baad939091f8a4e19bfade899129aaa2d7fd409433266e 0.0s done
#4 DONE 0.0s

#4 [ 1/16] FROM docker.io/library/39e016aa9e819f203ebc1809245a5818:latest@sha256:43a6b8a656b4d087c7baad939091f8a4e19bfade899129aaa2d7fd409433266e
#4 resolve docker.io/library/39e016aa9e819f203ebc1809245a5818:latest@sha256:43a6b8a656b4d087c7baad939091f8a4e19bfade899129aaa2d7fd409433266e 0.0s done
#4 DONE 0.0s

#4 [ 1/16] FROM docker.io/library/39e016aa9e819f203ebc1809245a5818:latest@sha256:43a6b8a656b4d087c7baad939091f8a4e19bfade899129aaa2d7fd409433266e
#4 resolve docker.io/library/39e016aa9e819f203ebc1809245a5818:latest@sha256:43a6b8a656b4d087c7baad939091f8a4e19bfade899129aaa2d7fd409433266e 0.0s done
#4 DONE 0.0s

#21 exporting to image

#21 exporting to image
#21 exporting layers
#21 exporting layers
#21 exporting layers 1.1s done
#21 exporting layers 1.1s done
#21 exporting manifest sha256:0407979895dea416f3cbaa43e0e440c22a689e23303a4c2f13ae16e5e020dab7 0.0s done
#21 exporting config sha256:a4ca4dcbf09d1909a29f7357044cd22a1243905f9c68b1bd9ee31bed9a654bd2 0.0s done
#21 exporting attestation manifest sha256:c41a09f3f6e2a8ec90f9049f3a5e81af82c7c4c82c1f3f24d7233a753d30682c 0.0s done
#21 exporting manifest list sha256:64c772ff4821447fc050d20f044cd31fe14fe3f315e1fcfaa5fdf66d00d5fb96
#21 exporting manifest sha256:5bbece6f21d5dc17fd6bf38a57a4f06bce3364a3795f4f42c165bca30fdd287b 0.0s done
#21 exporting config sha256:ad311a80d6c808ed7ea8ea248785ff94659dc0e58970b8527259b898441f9141 0.0s done
#21 exporting attestation manifest sha256:eb682d30203becba5c5c8f494e3d3ee4481a77f0c31c9a15f77923697f396797 0.0s done
#21 exporting manifest list sha256:caf70b73d585685e5c083bf4137a18cbd859ecffe0c5893e189107df1008e53d 0.0s done
#21 naming to 192.168.122.110:5000/rs_ix_ix99:latest
#21 exporting manifest list sha256:64c772ff4821447fc050d20f044cd31fe14fe3f315e1fcfaa5fdf66d00d5fb96 0.0s done
#21 naming to 192.168.122.110:5000/rs_ix_ix9:latest done
#21 unpacking to 192.168.122.110:5000/rs_ix_ix9:latest 0.1s done
#21 naming to 192.168.122.110:5000/rs_ix_ix99:latest done
#21 unpacking to 192.168.122.110:5000/rs_ix_ix99:latest 0.1s done
#21 DONE 1.5s
#21 DONE 1.5s
+ seedemu_build_and_push 192.168.122.110:5000/rs_ix_ix7:latest ./rs_ix_ix7
+ seedemu_build_and_push 192.168.122.110:5000/rs_ix_ix26:latest ./rs_ix_ix26

#6 [ 2/16] RUN apt-get update && apt-get install -y --no-install-recommends netcat-openbsd
#6 CACHED

#7 [ 3/16] RUN mkdir -p /usr/share/doc/bird2/examples/
#7 CACHED

#8 [ 4/16] RUN touch /usr/share/doc/bird2/examples/bird.conf
#8 CACHED

#9 [ 5/16] COPY 92872f20cfb75af4e3e1c588b00d6484 /replace_address.sh
#9 CACHED

#10 [ 8/16] COPY d18858afc6bb66ec3a19d872077acfd2 /seedemu_sniffer
#10 CACHED

#11 [ 9/16] COPY 17ac2d812a99a91e7f747e1defb72a29 /seedemu_worker
#11 CACHED

#12 [11/16] RUN chmod +x /seedemu_sniffer
#12 CACHED

#13 [13/16] COPY 2b0ae038330eccd43095538618caee7d /etc/bird/bird.conf
#13 CACHED

#14 [ 6/16] COPY 365d27384adc9719099d1f63f2d15824 /root/.zshrc.pre
#14 CACHED

#15 [10/16] RUN chmod +x /start.sh
#15 CACHED

#16 [12/16] RUN chmod +x /seedemu_worker
#16 CACHED

#17 [ 7/16] COPY 082b96ec819c95ae773daebde675ef80 /start.sh
#17 CACHED

#18 [14/16] COPY e01e36443f9f72c6204189260d0bd276 /ifinfo.txt
#18 CACHED

#19 [15/16] COPY d3d51fdf7f4bad30dc5db560a01ce629 /interface_setup

#5 [internal] load build context
#5 DONE 0.0s

#5 [internal] load build context
#5 DONE 0.0s

#6 [ 9/16] COPY 17ac2d812a99a91e7f747e1defb72a29 /seedemu_worker
#6 CACHED

#7 [12/16] RUN chmod +x /seedemu_worker
#7 CACHED

#8 [ 5/16] COPY 92872f20cfb75af4e3e1c588b00d6484 /replace_address.sh
#8 CACHED

#9 [ 6/16] COPY 365d27384adc9719099d1f63f2d15824 /root/.zshrc.pre
#9 CACHED

#10 [ 8/16] COPY d18858afc6bb66ec3a19d872077acfd2 /seedemu_sniffer
#10 CACHED

#11 [10/16] RUN chmod +x /start.sh
#11 CACHED

#12 [ 3/16] RUN mkdir -p /usr/share/doc/bird2/examples/
#12 CACHED

#13 [ 2/16] RUN apt-get update && apt-get install -y --no-install-recommends netcat-openbsd
#13 CACHED

#14 [11/16] RUN chmod +x /seedemu_sniffer
#14 CACHED

#15 [13/16] COPY 2b0ae038330eccd43095538618caee7d /etc/bird/bird.conf
#15 CACHED

#16 [14/16] COPY e01e36443f9f72c6204189260d0bd276 /ifinfo.txt
#16 CACHED

#17 [ 4/16] RUN touch /usr/share/doc/bird2/examples/bird.conf
#17 CACHED

#18 [ 7/16] COPY 082b96ec819c95ae773daebde675ef80 /start.sh
#18 CACHED

#19 [15/16] COPY d3d51fdf7f4bad30dc5db560a01ce629 /interface_setup

#5 [internal] load build context
#5 DONE 0.0s

#6 [11/16] RUN chmod +x /seedemu_sniffer
#6 CACHED

#7 [14/16] COPY e01e36443f9f72c6204189260d0bd276 /ifinfo.txt
#7 CACHED

#8 [ 3/16] RUN mkdir -p /usr/share/doc/bird2/examples/
#8 CACHED

#9 [ 6/16] COPY 365d27384adc9719099d1f63f2d15824 /root/.zshrc.pre
#9 CACHED

#10 [ 8/16] COPY d18858afc6bb66ec3a19d872077acfd2 /seedemu_sniffer
#10 CACHED

#11 [ 5/16] COPY 92872f20cfb75af4e3e1c588b00d6484 /replace_address.sh
#11 CACHED

#12 [ 7/16] COPY 082b96ec819c95ae773daebde675ef80 /start.sh
#12 CACHED

#13 [ 9/16] COPY 17ac2d812a99a91e7f747e1defb72a29 /seedemu_worker
#13 CACHED

#14 [10/16] RUN chmod +x /start.sh
#14 CACHED

#15 [12/16] RUN chmod +x /seedemu_worker
#15 CACHED

#16 [ 2/16] RUN apt-get update && apt-get install -y --no-install-recommends netcat-openbsd
#16 CACHED

#17 [13/16] COPY 2b0ae038330eccd43095538618caee7d /etc/bird/bird.conf
#17 CACHED

#18 [ 4/16] RUN touch /usr/share/doc/bird2/examples/bird.conf
#18 CACHED

#19 [15/16] COPY d3d51fdf7f4bad30dc5db560a01ce629 /interface_setup
#19 CACHED

#20 [16/16] COPY 8e9a384ab59c7626a3ffab63886cc30f /etc/bird/conf/kernel.conf
#19 CACHED

#20 [16/16] COPY 8e9a384ab59c7626a3ffab63886cc30f /etc/bird/conf/kernel.conf
#19 CACHED

#20 [16/16] COPY 8e9a384ab59c7626a3ffab63886cc30f /etc/bird/conf/kernel.conf

#5 [internal] load build context
#5 transferring context: 5.45kB done
#5 DONE 0.0s

#5 [internal] load build context
#5 transferring context: 5.45kB done
#5 DONE 0.1s

#5 [internal] load build context
#5 transferring context: 5.45kB done
#5 DONE 0.1s
#20 DONE 1.5s
#20 DONE 1.5s
#20 DONE 1.5s

#21 exporting to image
#21 exporting layers

#21 exporting to image
#21 exporting layers

#21 exporting to image
#21 exporting layers
#21 exporting layers 0.1s done
#21 exporting layers 0.2s done
#21 exporting layers 0.2s done
#21 exporting manifest sha256:19fd8f59ffcab7a7e129dcc8ff3f43dcb68ee3be83862caf8a81267b5b09dee5 0.0s done
#21 exporting config sha256:40547558717df1eb800c739291a000106b3bbadcc33da77a181ede78b3d6b744 0.0s done
#21 exporting attestation manifest sha256:4ac73f6abebf56364f1e43ec5f0a95d8ef61c85a67d36550d3b702f4660daa32
#21 exporting manifest sha256:e6f14212363eeb15dc2419159b84bb5c745710104fb90e00b47ca0925f7b442c 0.0s done
#21 exporting config sha256:32a1b445ad9459d11c2cfe7745144d4504466180d132adcc4abf6bf95864a728 0.0s done
#21 exporting attestation manifest sha256:b150b7b2b97d28b89cf1684431b5647aa9807eaa7553810dd6d577cd0bbefab0
#21 exporting manifest sha256:4a3425983869a0addc66493a107993486b341877d8afa858b04586d77ae0b401 0.0s done
#21 exporting config sha256:536772581689b3aea0ec6973ceb9c426a852989974c686bd21ed0221dd052818 0.0s done
#21 exporting attestation manifest sha256:11839ad4d07b6aeedd3ea73f3f835104feb05fb37d63fd1c0a16fe3c6bfc5410
#21 exporting attestation manifest sha256:4ac73f6abebf56364f1e43ec5f0a95d8ef61c85a67d36550d3b702f4660daa32 0.1s done
#21 exporting manifest list sha256:d831f95bb5e42efe29f9bc2c32a30f1f4d4b9ce2eaa94b56e7adb46a5a1a50e6 0.0s done
#21 naming to 192.168.122.110:5000/rs_ix_ix68:latest
#21 exporting attestation manifest sha256:b150b7b2b97d28b89cf1684431b5647aa9807eaa7553810dd6d577cd0bbefab0 0.1s done
#21 exporting manifest list sha256:f7ae89bcf2b819741521479494bff035fb278e65b200e4406ad1e3068a2bb5e5 0.0s done
#21 naming to 192.168.122.110:5000/rs_ix_ix60:latest
#21 exporting attestation manifest sha256:11839ad4d07b6aeedd3ea73f3f835104feb05fb37d63fd1c0a16fe3c6bfc5410 0.1s done
#21 exporting manifest list sha256:e9d13090a2bd41bc05c9e9e5805279eb56aaf2905f52387baa06637e10eed4ce 0.0s done
#21 naming to 192.168.122.110:5000/rs_ix_ix347:latest
#21 naming to 192.168.122.110:5000/rs_ix_ix68:latest 0.0s done
#21 unpacking to 192.168.122.110:5000/rs_ix_ix68:latest 0.1s done
#21 naming to 192.168.122.110:5000/rs_ix_ix347:latest done
#21 unpacking to 192.168.122.110:5000/rs_ix_ix347:latest 0.1s done
#21 naming to 192.168.122.110:5000/rs_ix_ix60:latest done
#21 unpacking to 192.168.122.110:5000/rs_ix_ix60:latest 0.1s done
#21 DONE 0.6s
#21 DONE 0.6s
#21 DONE 0.6s
+ seedemu_build_and_push 192.168.122.110:5000/rs_ix_ix62:latest ./rs_ix_ix62
+ seedemu_build_and_push 192.168.122.110:5000/rs_ix_ix41:latest ./rs_ix_ix41
+ seedemu_build_and_push 192.168.122.110:5000/rs_ix_ix45:latest ./rs_ix_ix45

#6 [10/16] RUN chmod +x /start.sh
#6 CACHED

#7 [ 3/16] RUN mkdir -p /usr/share/doc/bird2/examples/
#7 CACHED

#8 [ 8/16] COPY d18858afc6bb66ec3a19d872077acfd2 /seedemu_sniffer
#8 CACHED

#9 [ 9/16] COPY 17ac2d812a99a91e7f747e1defb72a29 /seedemu_worker
#9 CACHED

#10 [11/16] RUN chmod +x /seedemu_sniffer
#10 CACHED

#11 [12/16] RUN chmod +x /seedemu_worker
#11 CACHED

#12 [13/16] COPY 2b0ae038330eccd43095538618caee7d /etc/bird/bird.conf
#12 CACHED

#13 [14/16] COPY e01e36443f9f72c6204189260d0bd276 /ifinfo.txt
#13 CACHED

#14 [ 5/16] COPY 92872f20cfb75af4e3e1c588b00d6484 /replace_address.sh
#14 CACHED

#15 [ 6/16] COPY 365d27384adc9719099d1f63f2d15824 /root/.zshrc.pre
#15 CACHED

#16 [ 2/16] RUN apt-get update && apt-get install -y --no-install-recommends netcat-openbsd
#16 CACHED

#17 [ 4/16] RUN touch /usr/share/doc/bird2/examples/bird.conf
#17 CACHED

#18 [ 7/16] COPY 082b96ec819c95ae773daebde675ef80 /start.sh
#18 CACHED

#19 [15/16] COPY d3d51fdf7f4bad30dc5db560a01ce629 /interface_setup

#0 building with "default" instance using docker driver

#0 building with "default" instance using docker driver

#6 [10/16] RUN chmod +x /start.sh
#1 [internal] load build definition from Dockerfile
#1 [internal] load build definition from Dockerfile
#0 building with "default" instance using docker driver

#6 CACHED
#1 DONE 0.0s
#1 [internal] load build definition from Dockerfile

#7 [ 2/16] RUN apt-get update && apt-get install -y --no-install-recommends netcat-openbsd
#1 DONE 0.0s
#7 CACHED

#8 [ 8/16] COPY d18858afc6bb66ec3a19d872077acfd2 /seedemu_sniffer
#8 CACHED

#9 [ 9/16] COPY 17ac2d812a99a91e7f747e1defb72a29 /seedemu_worker
#9 CACHED

#10 [11/16] RUN chmod +x /seedemu_sniffer
#10 CACHED

#11 [ 4/16] RUN touch /usr/share/doc/bird2/examples/bird.conf
#0 building with "default" instance using docker driver

#11 CACHED

#0 building with "default" instance using docker driver

#12 [ 6/16] COPY 365d27384adc9719099d1f63f2d15824 /root/.zshrc.pre
#1 [internal] load build definition from Dockerfile
#12 CACHED
#1 [internal] load build definition from Dockerfile

#1 DONE 0.0s
#13 [ 7/16] COPY 082b96ec819c95ae773daebde675ef80 /start.sh
#1 DONE 0.0s
#13 CACHED

#14 [12/16] RUN chmod +x /seedemu_worker
#14 CACHED

#15 [13/16] COPY 2b0ae038330eccd43095538618caee7d /etc/bird/bird.conf
#15 CACHED

#16 [14/16] COPY e01e36443f9f72c6204189260d0bd276 /ifinfo.txt
#16 CACHED

#17 [ 3/16] RUN mkdir -p /usr/share/doc/bird2/examples/
#17 CACHED

#18 [ 5/16] COPY 92872f20cfb75af4e3e1c588b00d6484 /replace_address.sh
#18 CACHED

#19 [15/16] COPY d3d51fdf7f4bad30dc5db560a01ce629 /interface_setup

#6 [ 5/16] COPY 92872f20cfb75af4e3e1c588b00d6484 /replace_address.sh
#6 CACHED

#7 [ 6/16] COPY 365d27384adc9719099d1f63f2d15824 /root/.zshrc.pre
#7 CACHED

#8 [ 8/16] COPY d18858afc6bb66ec3a19d872077acfd2 /seedemu_sniffer
#8 CACHED

#9 [ 9/16] COPY 17ac2d812a99a91e7f747e1defb72a29 /seedemu_worker
#9 CACHED

#10 [ 3/16] RUN mkdir -p /usr/share/doc/bird2/examples/
#10 CACHED

#11 [ 4/16] RUN touch /usr/share/doc/bird2/examples/bird.conf
#11 CACHED

#12 [ 7/16] COPY 082b96ec819c95ae773daebde675ef80 /start.sh
#12 CACHED

#13 [10/16] RUN chmod +x /start.sh
#13 CACHED

#14 [11/16] RUN chmod +x /seedemu_sniffer
#14 CACHED

#15 [12/16] RUN chmod +x /seedemu_worker
#15 CACHED

#16 [13/16] COPY 2b0ae038330eccd43095538618caee7d /etc/bird/bird.conf
#16 CACHED

#17 [14/16] COPY e01e36443f9f72c6204189260d0bd276 /ifinfo.txt
#17 CACHED

#18 [ 2/16] RUN apt-get update && apt-get install -y --no-install-recommends netcat-openbsd
#18 CACHED

#19 [15/16] COPY d3d51fdf7f4bad30dc5db560a01ce629 /interface_setup
#1 transferring dockerfile: 884B done
#1 DONE 0.1s

#2 [internal] load metadata for docker.io/library/39e016aa9e819f203ebc1809245a5818:latest

#1 [internal] load build definition from Dockerfile
#1 transferring dockerfile: 884B done
#1 DONE 0.1s

#2 [internal] load metadata for docker.io/library/39e016aa9e819f203ebc1809245a5818:latest

#1 [internal] load build definition from Dockerfile
#1 transferring dockerfile: 884B done
#1 DONE 0.1s

#1 [internal] load build definition from Dockerfile
#1 transferring dockerfile: 884B done
#1 DONE 0.1s

#1 [internal] load build definition from Dockerfile
#1 transferring dockerfile: 884B done
#1 DONE 0.1s
#19 CACHED

#20 [16/16] COPY 8e9a384ab59c7626a3ffab63886cc30f /etc/bird/conf/kernel.conf
#20 DONE 0.1s
#19 CACHED

#20 [16/16] COPY 8e9a384ab59c7626a3ffab63886cc30f /etc/bird/conf/kernel.conf
#20 DONE 0.1s
#19 CACHED

#20 [16/16] COPY 8e9a384ab59c7626a3ffab63886cc30f /etc/bird/conf/kernel.conf
#20 DONE 0.1s
#2 DONE 0.0s

#3 [ 1/16] FROM docker.io/library/39e016aa9e819f203ebc1809245a5818:latest@sha256:43a6b8a656b4d087c7baad939091f8a4e19bfade899129aaa2d7fd409433266e
#3 resolve docker.io/library/39e016aa9e819f203ebc1809245a5818:latest@sha256:43a6b8a656b4d087c7baad939091f8a4e19bfade899129aaa2d7fd409433266e 0.0s done
#3 DONE 0.0s

#4 [internal] load .dockerignore
#4 transferring context: 2B done
#4 DONE 0.0s

#2 [ 1/16] FROM docker.io/library/39e016aa9e819f203ebc1809245a5818:latest@sha256:43a6b8a656b4d087c7baad939091f8a4e19bfade899129aaa2d7fd409433266e
#2 resolve docker.io/library/39e016aa9e819f203ebc1809245a5818:latest@sha256:43a6b8a656b4d087c7baad939091f8a4e19bfade899129aaa2d7fd409433266e 0.0s done
#2 DONE 0.0s

#3 [internal] load metadata for docker.io/library/39e016aa9e819f203ebc1809245a5818:latest
#3 DONE 0.0s

#4 [internal] load .dockerignore
#4 transferring context: 2B done
#4 DONE 0.0s

#5 [internal] load build context

#2 [ 1/16] FROM docker.io/library/39e016aa9e819f203ebc1809245a5818:latest@sha256:43a6b8a656b4d087c7baad939091f8a4e19bfade899129aaa2d7fd409433266e
#2 resolve docker.io/library/39e016aa9e819f203ebc1809245a5818:latest@sha256:43a6b8a656b4d087c7baad939091f8a4e19bfade899129aaa2d7fd409433266e 0.0s done
#2 DONE 0.0s

#3 [internal] load metadata for docker.io/library/39e016aa9e819f203ebc1809245a5818:latest
#3 DONE 0.0s

#4 [internal] load .dockerignore
#4 transferring context: 2B done
#4 DONE 0.0s

#5 [internal] load build context
#2 DONE 0.0s

#3 [ 1/16] FROM docker.io/library/39e016aa9e819f203ebc1809245a5818:latest@sha256:43a6b8a656b4d087c7baad939091f8a4e19bfade899129aaa2d7fd409433266e
#3 resolve docker.io/library/39e016aa9e819f203ebc1809245a5818:latest@sha256:43a6b8a656b4d087c7baad939091f8a4e19bfade899129aaa2d7fd409433266e 0.0s done
#3 DONE 0.0s

#4 [internal] load .dockerignore
#4 transferring context: 2B done
#4 DONE 0.0s

#5 [internal] load build context

#2 [ 1/16] FROM docker.io/library/39e016aa9e819f203ebc1809245a5818:latest@sha256:43a6b8a656b4d087c7baad939091f8a4e19bfade899129aaa2d7fd409433266e
#2 resolve docker.io/library/39e016aa9e819f203ebc1809245a5818:latest@sha256:43a6b8a656b4d087c7baad939091f8a4e19bfade899129aaa2d7fd409433266e 0.0s done
#2 DONE 0.0s

#3 [internal] load metadata for docker.io/library/39e016aa9e819f203ebc1809245a5818:latest
#3 DONE 0.0s

#4 [internal] load .dockerignore
#4 transferring context: 2B done
#4 DONE 0.0s

#5 [internal] load build context

#21 exporting to image
#21 exporting layers

#21 exporting to image
#21 exporting layers

#21 exporting to image
#21 exporting layers
#21 exporting layers 0.2s done
#21 exporting layers 0.2s done
#21 exporting layers 0.2s done
#5 transferring context: 5.45kB done
#5 DONE 0.1s
#5 transferring context: 5.45kB done
#5 DONE 0.1s
#5 transferring context: 5.44kB done
#5 DONE 0.1s

#5 [internal] load build context
#5 transferring context: 5.45kB done
#5 DONE 0.1s
#5 transferring context: 5.45kB done
#5 DONE 0.1s
#21 exporting manifest sha256:492d54e7949a2895e55f2d61945bb09397be3ef352eaead02d7236fa948eb07f 0.0s done
#21 exporting config sha256:283941035d91f980570eeb5d46b2ce4455266d16e5a501fe270d81b702ee6a39 0.0s done
#21 exporting attestation manifest sha256:9d710f7e2af6f9113b26c1d18f8d4dfb347f3938a5a4d020d8b7eeb9b3fb274f 0.1s done
#21 exporting manifest list sha256:87af6f7402666be1c63abb0ad960b56bc9c2310e071409ca13d869504e091557
#21 exporting manifest sha256:f4bd97a6d6d6c05486a6c576df682cb4f538a5ffd03bbda6e3882c438ea30614 0.0s done
#21 exporting config sha256:cf9d51dfa827b39f83cdd9abb2f580d82a7a7b27434a59dffc0ebaf92b6c57cc 0.0s done
#21 exporting attestation manifest sha256:a2d9557e160fecd89e4a1417fe798d802a7814c03cc14f661cd91fe358a70c87 0.1s done
#21 exporting manifest list sha256:67dec252e37458d8bbf9ab51cafa434da2557a72e33cc97ee47ca1079d88fb2a
#21 exporting manifest sha256:6f28fd545a5ce4e66f692a72109e3d2986077347f364b7b7d13892a9cdf891f3 0.0s done
#21 exporting config sha256:3d81fb32fc19e8c997bdf05715a245eda953672fa89358fcc7333ee0addc9396 0.0s done
#21 exporting attestation manifest sha256:fc1b78f453f508fb80fd9ea81163b8ba2856a30871159230ee2836ddab6afecb 0.1s done
#21 exporting manifest list sha256:ca09484bf37cafb8349c314fdebb3c3ec9f8a3833794d143bdb4e31b47157952
#21 exporting manifest list sha256:87af6f7402666be1c63abb0ad960b56bc9c2310e071409ca13d869504e091557 0.0s done
#21 naming to 192.168.122.110:5000/rs_ix_ix58:latest 0.0s done
#21 unpacking to 192.168.122.110:5000/rs_ix_ix58:latest 0.1s done
#21 exporting manifest list sha256:ca09484bf37cafb8349c314fdebb3c3ec9f8a3833794d143bdb4e31b47157952 0.0s done
#21 naming to 192.168.122.110:5000/rs_ix_ix63:latest 0.0s done
#21 unpacking to 192.168.122.110:5000/rs_ix_ix63:latest 0.1s done
#21 exporting manifest list sha256:67dec252e37458d8bbf9ab51cafa434da2557a72e33cc97ee47ca1079d88fb2a 0.0s done
#21 naming to 192.168.122.110:5000/rs_ix_ix33:latest 0.0s done
#21 unpacking to 192.168.122.110:5000/rs_ix_ix33:latest 0.1s done
#21 DONE 0.7s
#21 DONE 0.7s
#21 DONE 0.7s
+ seedemu_build_and_push 192.168.122.110:5000/rs_ix_ix42:latest ./rs_ix_ix42
+ seedemu_build_and_push 192.168.122.110:5000/rs_ix_ix352:latest ./rs_ix_ix352
+ seedemu_build_and_push 192.168.122.110:5000/rs_ix_ix403:latest ./rs_ix_ix403

#6 [ 2/16] RUN apt-get update && apt-get install -y --no-install-recommends netcat-openbsd
#6 CACHED

#7 [ 3/16] RUN mkdir -p /usr/share/doc/bird2/examples/
#7 CACHED

#8 [10/16] RUN chmod +x /start.sh
#8 CACHED

#9 [13/16] COPY 2b0ae038330eccd43095538618caee7d /etc/bird/bird.conf
#9 CACHED

#10 [ 7/16] COPY 082b96ec819c95ae773daebde675ef80 /start.sh
#10 CACHED

#11 [ 9/16] COPY 17ac2d812a99a91e7f747e1defb72a29 /seedemu_worker
#11 CACHED

#12 [11/16] RUN chmod +x /seedemu_sniffer
#12 CACHED

#13 [ 6/16] COPY 365d27384adc9719099d1f63f2d15824 /root/.zshrc.pre
#13 CACHED

#14 [ 8/16] COPY d18858afc6bb66ec3a19d872077acfd2 /seedemu_sniffer
#14 CACHED

#15 [14/16] COPY e01e36443f9f72c6204189260d0bd276 /ifinfo.txt
#15 CACHED

#16 [ 4/16] RUN touch /usr/share/doc/bird2/examples/bird.conf
#16 CACHED

#17 [ 5/16] COPY 92872f20cfb75af4e3e1c588b00d6484 /replace_address.sh
#17 CACHED

#18 [12/16] RUN chmod +x /seedemu_worker
#18 CACHED

#19 [15/16] COPY d3d51fdf7f4bad30dc5db560a01ce629 /interface_setup
#0 building with "default" instance using docker driver

#1 [internal] load build definition from Dockerfile
#1 DONE 0.0s
#0 building with "default" instance using docker driver

#1 [internal] load build definition from Dockerfile
#1 DONE 0.0s

#6 [ 6/16] COPY 365d27384adc9719099d1f63f2d15824 /root/.zshrc.pre
#6 CACHED

#7 [13/16] COPY 2b0ae038330eccd43095538618caee7d /etc/bird/bird.conf
#7 CACHED

#8 [ 2/16] RUN apt-get update && apt-get install -y --no-install-recommends netcat-openbsd
#8 CACHED

#9 [10/16] RUN chmod +x /start.sh
#9 CACHED

#10 [14/16] COPY e01e36443f9f72c6204189260d0bd276 /ifinfo.txt
#10 CACHED

#11 [ 3/16] RUN mkdir -p /usr/share/doc/bird2/examples/
#11 CACHED

#12 [ 4/16] RUN touch /usr/share/doc/bird2/examples/bird.conf
#12 CACHED

#13 [ 5/16] COPY 92872f20cfb75af4e3e1c588b00d6484 /replace_address.sh
#13 CACHED

#14 [ 7/16] COPY 082b96ec819c95ae773daebde675ef80 /start.sh
#14 CACHED

#15 [ 8/16] COPY d18858afc6bb66ec3a19d872077acfd2 /seedemu_sniffer
#15 CACHED

#16 [ 9/16] COPY 17ac2d812a99a91e7f747e1defb72a29 /seedemu_worker
#16 CACHED

#17 [11/16] RUN chmod +x /seedemu_sniffer
#17 CACHED

#18 [12/16] RUN chmod +x /seedemu_worker
#18 CACHED

#19 [15/16] COPY d3d51fdf7f4bad30dc5db560a01ce629 /interface_setup

#6 [10/16] RUN chmod +x /start.sh
#6 CACHED

#7 [ 3/16] RUN mkdir -p /usr/share/doc/bird2/examples/
#7 CACHED

#8 [12/16] RUN chmod +x /seedemu_worker
#8 CACHED

#9 [13/16] COPY 2b0ae038330eccd43095538618caee7d /etc/bird/bird.conf
#9 CACHED

#10 [ 7/16] COPY 082b96ec819c95ae773daebde675ef80 /start.sh
#10 CACHED

#11 [ 9/16] COPY 17ac2d812a99a91e7f747e1defb72a29 /seedemu_worker
#11 CACHED

#12 [11/16] RUN chmod +x /seedemu_sniffer
#12 CACHED

#13 [14/16] COPY e01e36443f9f72c6204189260d0bd276 /ifinfo.txt
#13 CACHED

#14 [ 2/16] RUN apt-get update && apt-get install -y --no-install-recommends netcat-openbsd
#0 building with "default" instance using docker driver

#14 CACHED
#1 [internal] load build definition from Dockerfile

#15 [ 5/16] COPY 92872f20cfb75af4e3e1c588b00d6484 /replace_address.sh
#15 CACHED

#16 [ 6/16] COPY 365d27384adc9719099d1f63f2d15824 /root/.zshrc.pre
#1 DONE 0.0s
#16 CACHED

#17 [ 4/16] RUN touch /usr/share/doc/bird2/examples/bird.conf
#17 CACHED

#18 [ 8/16] COPY d18858afc6bb66ec3a19d872077acfd2 /seedemu_sniffer
#18 CACHED

#19 [15/16] COPY d3d51fdf7f4bad30dc5db560a01ce629 /interface_setup

#6 [ 4/16] RUN touch /usr/share/doc/bird2/examples/bird.conf
#6 CACHED

#7 [ 8/16] COPY d18858afc6bb66ec3a19d872077acfd2 /seedemu_sniffer
#7 CACHED

#8 [12/16] RUN chmod +x /seedemu_worker
#8 CACHED

#9 [ 2/16] RUN apt-get update && apt-get install -y --no-install-recommends netcat-openbsd
#9 CACHED

#10 [ 5/16] COPY 92872f20cfb75af4e3e1c588b00d6484 /replace_address.sh
#10 CACHED

#11 [ 6/16] COPY 365d27384adc9719099d1f63f2d15824 /root/.zshrc.pre
#11 CACHED

#12 [11/16] RUN chmod +x /seedemu_sniffer
#12 CACHED

#13 [14/16] COPY e01e36443f9f72c6204189260d0bd276 /ifinfo.txt
#13 CACHED

#14 [ 3/16] RUN mkdir -p /usr/share/doc/bird2/examples/
#14 CACHED

#15 [ 7/16] COPY 082b96ec819c95ae773daebde675ef80 /start.sh
#15 CACHED

#16 [10/16] RUN chmod +x /start.sh
#16 CACHED


#6 [ 6/16] COPY 365d27384adc9719099d1f63f2d15824 /root/.zshrc.pre
#6 CACHED

#7 [ 8/16] COPY d18858afc6bb66ec3a19d872077acfd2 /seedemu_sniffer
#7 CACHED

#8 [10/16] RUN chmod +x /start.sh
#8 CACHED

#9 [12/16] RUN chmod +x /seedemu_worker
#9 CACHED

#10 [13/16] COPY 2b0ae038330eccd43095538618caee7d /etc/bird/bird.conf
#10 CACHED

#11 [ 2/16] RUN apt-get update && apt-get install -y --no-install-recommends netcat-openbsd
#11 CACHED

#12 [ 4/16] RUN touch /usr/share/doc/bird2/examples/bird.conf
#12 CACHED

#13 [ 5/16] COPY 92872f20cfb75af4e3e1c588b00d6484 /replace_address.sh
#13 CACHED

#14 [ 7/16] COPY 082b96ec819c95ae773daebde675ef80 /start.sh
#14 CACHED

#15 [ 9/16] COPY 17ac2d812a99a91e7f747e1defb72a29 /seedemu_worker
#15 CACHED

#16 [11/16] RUN chmod +x /seedemu_sniffer
#16 CACHED

#17 [14/16] COPY e01e36443f9f72c6204189260d0bd276 /ifinfo.txt
#17 CACHED

#18 [ 3/16] RUN mkdir -p /usr/share/doc/bird2/examples/
#18 CACHED

#19 [15/16] COPY d3d51fdf7f4bad30dc5db560a01ce629 /interface_setup
#17 [ 9/16] COPY 17ac2d812a99a91e7f747e1defb72a29 /seedemu_worker
#17 CACHED

#18 [13/16] COPY 2b0ae038330eccd43095538618caee7d /etc/bird/bird.conf
#18 CACHED

#19 [15/16] COPY d3d51fdf7f4bad30dc5db560a01ce629 /interface_setup

#1 [internal] load build definition from Dockerfile
#1 transferring dockerfile: 884B done
#1 DONE 0.1s
#19 CACHED

#20 [16/16] COPY 8e9a384ab59c7626a3ffab63886cc30f /etc/bird/conf/kernel.conf

#1 [internal] load build definition from Dockerfile
#1 transferring dockerfile: 884B done
#1 DONE 0.2s
#19 CACHED

#20 [16/16] COPY 8e9a384ab59c7626a3ffab63886cc30f /etc/bird/conf/kernel.conf
#19 CACHED

#20 [16/16] COPY 8e9a384ab59c7626a3ffab63886cc30f /etc/bird/conf/kernel.conf

#1 [internal] load build definition from Dockerfile
#1 transferring dockerfile: 884B done
#1 DONE 0.2s
#19 CACHED

#20 [16/16] COPY 8e9a384ab59c7626a3ffab63886cc30f /etc/bird/conf/kernel.conf
#19 CACHED

#20 [16/16] COPY 8e9a384ab59c7626a3ffab63886cc30f /etc/bird/conf/kernel.conf

#2 [internal] load metadata for docker.io/library/39e016aa9e819f203ebc1809245a5818:latest
#2 DONE 0.1s

#2 [ 1/16] FROM docker.io/library/39e016aa9e819f203ebc1809245a5818:latest@sha256:43a6b8a656b4d087c7baad939091f8a4e19bfade899129aaa2d7fd409433266e
#2 resolve docker.io/library/39e016aa9e819f203ebc1809245a5818:latest@sha256:43a6b8a656b4d087c7baad939091f8a4e19bfade899129aaa2d7fd409433266e 0.0s done
#2 DONE 0.0s

#3 [internal] load metadata for docker.io/library/39e016aa9e819f203ebc1809245a5818:latest
#3 DONE 0.0s

#4 [internal] load .dockerignore
#4 transferring context: 2B done
#4 DONE 0.0s

#2 [internal] load metadata for docker.io/library/39e016aa9e819f203ebc1809245a5818:latest
#2 DONE 0.0s

#3 [internal] load .dockerignore
#3 transferring context: 2B done
#3 DONE 0.1s

#3 [ 1/16] FROM docker.io/library/39e016aa9e819f203ebc1809245a5818:latest@sha256:43a6b8a656b4d087c7baad939091f8a4e19bfade899129aaa2d7fd409433266e
#3 resolve docker.io/library/39e016aa9e819f203ebc1809245a5818:latest@sha256:43a6b8a656b4d087c7baad939091f8a4e19bfade899129aaa2d7fd409433266e 0.0s done
#3 DONE 0.0s

#4 [internal] load .dockerignore
#4 transferring context: 2B done
#4 DONE 0.0s

#5 [internal] load build context

#5 [internal] load build context
#5 transferring context: 5.45kB done
#5 DONE 0.1s

#4 [ 1/16] FROM docker.io/library/39e016aa9e819f203ebc1809245a5818:latest@sha256:43a6b8a656b4d087c7baad939091f8a4e19bfade899129aaa2d7fd409433266e
#4 resolve docker.io/library/39e016aa9e819f203ebc1809245a5818:latest@sha256:43a6b8a656b4d087c7baad939091f8a4e19bfade899129aaa2d7fd409433266e 0.0s done
#4 DONE 0.0s

#5 [internal] load build context
#5 transferring context: 5.45kB done
#5 DONE 0.1s
#5 transferring context: 5.45kB done
#5 DONE 0.1s
#20 DONE 1.7s
#20 DONE 1.7s
#20 DONE 1.7s
#20 DONE 1.7s
#20 DONE 1.7s

#21 exporting to image

#21 exporting to image

#21 exporting to image
#21 exporting layers

#21 exporting to image

#21 exporting to image
#21 exporting layers
#21 exporting layers
#21 exporting layers
#21 exporting layers
#21 exporting layers 0.3s done
#21 exporting layers 0.3s done
#21 exporting layers 0.3s done
#21 exporting layers 0.3s done
#21 exporting layers 0.3s done
#21 exporting manifest sha256:9d0c84348e20de0ba7daeb50dfdc1bb8f04dae21023a0e14c44a133583d9f326 0.0s done
#21 exporting config sha256:3366d830131daff63a593afa3eaaedc80b98bcfaac917e4376c68b0a1ce584db 0.1s done
#21 exporting manifest sha256:a3d035a7848aa88fe8e1e21dfb9d86a175aa6bbc80ff07585b72fafb688ac1c9 0.0s done
#21 exporting config sha256:bc8edbed5d62f2612d90ea73912af990114a4d67a4ed1bce6d7ea001089c749c 0.1s done
#21 exporting manifest sha256:e306d681195f8b68b78a97005db125f81aa50c96687694d9c137aee48d204a2f 0.0s done
#21 exporting config sha256:6c81474c54868da70ce4cb0558d7848b69c6f651f94ed1c9290d9c7a2ab6eb72 0.1s done
#21 exporting attestation manifest sha256:f69530ce0eed133acf51cf9ecb6a9056911715d3ce3f6e4a86ebf9754560812b
#21 exporting manifest sha256:4c7c72c71b773a4cd4bf79dbd177f71dba6e0b112116a61ba78b98b224f5e73f 0.0s done
#21 exporting config sha256:785142792f6f515528ac25b1aeeea7a36036785033c91e9429ec5f1aac09f6bf 0.1s done
#21 exporting attestation manifest sha256:6a8cb6a70340acfc8641c64d1a5386774671dea9138410d49c38fad4281374f3
#21 exporting manifest sha256:c5f5dde0dad1a9729602dde0dc904f16ec806eadb4b5a440b1f3feafeb312b15 0.0s done
#21 exporting config sha256:163c745b8f1b3bd6787eb1f46fb3ab69c065a2c4f2441aa378ee81268572cd7a 0.1s done
#21 exporting attestation manifest sha256:8925ad081069ac5566726aa97d973242003b5fb86c9e2677128e188c5a5343e1
#21 exporting attestation manifest sha256:8925ad081069ac5566726aa97d973242003b5fb86c9e2677128e188c5a5343e1 0.1s done
#21 exporting manifest list sha256:164ce744f2b7ed23e6eddeb82bb09072a9836595240d1d673680e9a8b2199cb3
#21 exporting attestation manifest sha256:d6f9c08948d41834751dca8369f1cc97d8fd60a152bacfaae212a21a62ae9bb8 0.1s done
#21 exporting manifest list sha256:224a29d855ce505c048b8c2b402c309191fdba58e69a6ddcd1f71886cbec3d43
#21 exporting attestation manifest sha256:8c20f0489851512e69dedbbcc918473bed9df12ba053e316aa58e556b68c02ef 0.1s done
#21 exporting attestation manifest sha256:f69530ce0eed133acf51cf9ecb6a9056911715d3ce3f6e4a86ebf9754560812b 0.1s done
#21 exporting manifest list sha256:ba7c1fa8318e25f81ce91860135f7856975082b9a5b732f570370695088cc3aa 0.1s done
#21 naming to 192.168.122.110:5000/rs_ix_ix41:latest
#21 exporting attestation manifest sha256:6a8cb6a70340acfc8641c64d1a5386774671dea9138410d49c38fad4281374f3 0.1s done
#21 exporting manifest list sha256:f7ede95696f0ca91f9c6096fca73741e0bdfb91f26933833ecabf9423b96ec37 0.1s done
#21 naming to 192.168.122.110:5000/rs_ix_ix62:latest
#21 naming to 192.168.122.110:5000/rs_ix_ix41:latest 0.0s done
#21 unpacking to 192.168.122.110:5000/rs_ix_ix41:latest 0.1s done
#21 naming to 192.168.122.110:5000/rs_ix_ix62:latest 0.0s done
#21 unpacking to 192.168.122.110:5000/rs_ix_ix62:latest 0.1s done
#21 exporting manifest list sha256:164ce744f2b7ed23e6eddeb82bb09072a9836595240d1d673680e9a8b2199cb3 0.0s done
#21 naming to 192.168.122.110:5000/rs_ix_ix26:latest 0.0s done
#21 unpacking to 192.168.122.110:5000/rs_ix_ix26:latest 0.1s done
#21 exporting manifest list sha256:224a29d855ce505c048b8c2b402c309191fdba58e69a6ddcd1f71886cbec3d43 0.0s done
#21 naming to 192.168.122.110:5000/rs_ix_ix7:latest 0.0s done
#21 unpacking to 192.168.122.110:5000/rs_ix_ix7:latest 0.1s done
#21 exporting manifest list sha256:938b6c5df074270364e5049f8333bd9afaa5cc5a9c57a0523083618e6bb6164c 0.0s done
#21 naming to 192.168.122.110:5000/rs_ix_ix45:latest done
#21 unpacking to 192.168.122.110:5000/rs_ix_ix45:latest 0.1s done
#21 DONE 0.8s
#21 DONE 0.8s
#21 DONE 0.8s
#21 DONE 0.9s
#21 DONE 0.9s
+ seedemu_build_and_push 192.168.122.110:5000/rs_ix_ix190:latest ./rs_ix_ix190
+ seedemu_build_and_push 192.168.122.110:5000/rs_ix_ix40:latest ./rs_ix_ix40
+ seedemu_build_and_push 192.168.122.110:5000/rs_ix_ix344:latest ./rs_ix_ix344
+ seedemu_build_and_push 192.168.122.110:5000/rs_ix_ix19:latest ./rs_ix_ix19
+ seedemu_build_and_push 192.168.122.110:5000/rs_ix_ix38:latest ./rs_ix_ix38

#6 [ 5/16] COPY 92872f20cfb75af4e3e1c588b00d6484 /replace_address.sh
#6 CACHED

#7 [ 8/16] COPY d18858afc6bb66ec3a19d872077acfd2 /seedemu_sniffer
#7 CACHED

#8 [10/16] RUN chmod +x /start.sh
#8 CACHED

#9 [14/16] COPY e01e36443f9f72c6204189260d0bd276 /ifinfo.txt
#9 CACHED

#10 [ 2/16] RUN apt-get update && apt-get install -y --no-install-recommends netcat-openbsd
#10 CACHED

#11 [ 9/16] COPY 17ac2d812a99a91e7f747e1defb72a29 /seedemu_worker
#11 CACHED

#12 [ 6/16] COPY 365d27384adc9719099d1f63f2d15824 /root/.zshrc.pre
#12 CACHED

#13 [ 7/16] COPY 082b96ec819c95ae773daebde675ef80 /start.sh
#13 CACHED

#14 [12/16] RUN chmod +x /seedemu_worker
#14 CACHED

#15 [ 3/16] RUN mkdir -p /usr/share/doc/bird2/examples/
#15 CACHED

#16 [ 4/16] RUN touch /usr/share/doc/bird2/examples/bird.conf
#16 CACHED

#17 [11/16] RUN chmod +x /seedemu_sniffer
#17 CACHED

#18 [13/16] COPY 2b0ae038330eccd43095538618caee7d /etc/bird/bird.conf
#18 CACHED

#19 [15/16] COPY d3d51fdf7f4bad30dc5db560a01ce629 /interface_setup

#6 [12/16] RUN chmod +x /seedemu_worker
#6 CACHED

#7 [ 5/16] COPY 92872f20cfb75af4e3e1c588b00d6484 /replace_address.sh
#7 CACHED

#8 [ 8/16] COPY d18858afc6bb66ec3a19d872077acfd2 /seedemu_sniffer
#8 CACHED

#9 [ 2/16] RUN apt-get update && apt-get install -y --no-install-recommends netcat-openbsd
#9 CACHED

#10 [ 3/16] RUN mkdir -p /usr/share/doc/bird2/examples/
#10 CACHED

#11 [11/16] RUN chmod +x /seedemu_sniffer
#11 CACHED

#12 [13/16] COPY 2b0ae038330eccd43095538618caee7d /etc/bird/bird.conf
#12 CACHED

#13 [ 9/16] COPY 17ac2d812a99a91e7f747e1defb72a29 /seedemu_worker
#13 CACHED

#14 [10/16] RUN chmod +x /start.sh
#14 CACHED

#15 [14/16] COPY e01e36443f9f72c6204189260d0bd276 /ifinfo.txt
#15 CACHED

#16 [ 4/16] RUN touch /usr/share/doc/bird2/examples/bird.conf
#16 CACHED

#17 [ 6/16] COPY 365d27384adc9719099d1f63f2d15824 /root/.zshrc.pre
#17 CACHED

#18 [ 7/16] COPY 082b96ec819c95ae773daebde675ef80 /start.sh
#18 CACHED

#19 [15/16] COPY d3d51fdf7f4bad30dc5db560a01ce629 /interface_setup
#0 building with "default" instance using docker driver

#1 [internal] load build definition from Dockerfile
#0 building with "default" instance using docker driver

#1 [internal] load build definition from Dockerfile
#0 building with "default" instance using docker driver

#1 [internal] load build definition from Dockerfile
#0 building with "default" instance using docker driver

#1 DONE 0.0s
#1 [internal] load build definition from Dockerfile

#1 DONE 0.0s
#6 [ 9/16] COPY 17ac2d812a99a91e7f747e1defb72a29 /seedemu_worker
#6 CACHED

#7 [10/16] RUN chmod +x /start.sh
#7 CACHED

#0 building with "default" instance using docker driver

#8 [ 3/16] RUN mkdir -p /usr/share/doc/bird2/examples/
#8 CACHED

#1 [internal] load build definition from Dockerfile
#9 [12/16] RUN chmod +x /seedemu_worker
#9 CACHED

#1 DONE 0.0s
#10 [13/16] COPY 2b0ae038330eccd43095538618caee7d /etc/bird/bird.conf
#10 CACHED

#11 [ 2/16] RUN apt-get update && apt-get install -y --no-install-recommends netcat-openbsd
#11 CACHED

#12 [ 4/16] RUN touch /usr/share/doc/bird2/examples/bird.conf
#12 CACHED

#13 [11/16] RUN chmod +x /seedemu_sniffer
#13 CACHED

#14 [ 5/16] COPY 92872f20cfb75af4e3e1c588b00d6484 /replace_address.sh
#14 CACHED

#15 [ 7/16] COPY 082b96ec819c95ae773daebde675ef80 /start.sh
#15 CACHED

#16 [14/16] COPY e01e36443f9f72c6204189260d0bd276 /ifinfo.txt
#16 CACHED

#17 [ 6/16] COPY 365d27384adc9719099d1f63f2d15824 /root/.zshrc.pre
#17 CACHED

#18 [ 8/16] COPY d18858afc6bb66ec3a19d872077acfd2 /seedemu_sniffer
#18 CACHED

#19 [15/16] COPY d3d51fdf7f4bad30dc5db560a01ce629 /interface_setup
#1 transferring dockerfile: 884B done
#1 DONE 0.0s

#2 [internal] load metadata for docker.io/library/39e016aa9e819f203ebc1809245a5818:latest
#2 DONE 0.1s

#3 [internal] load .dockerignore
#3 transferring context:

#1 [internal] load build definition from Dockerfile
#1 transferring dockerfile: 884B done
#1 DONE 0.1s

#2 [internal] load metadata for docker.io/library/39e016aa9e819f203ebc1809245a5818:latest
#2 DONE 0.0s

#3 [internal] load .dockerignore
#3 transferring context:

#1 [internal] load build definition from Dockerfile
#1 transferring dockerfile: 884B done
#1 DONE 0.0s

#2 [internal] load metadata for docker.io/library/39e016aa9e819f203ebc1809245a5818:latest
#2 DONE 0.0s

#3 [internal] load .dockerignore
#3 transferring context:
#1 transferring dockerfile: 884B done
#1 DONE 0.0s

#2 [internal] load metadata for docker.io/library/39e016aa9e819f203ebc1809245a5818:latest
#2 DONE 0.0s

#3 [internal] load .dockerignore
#3 transferring context:
#19 CACHED

#20 [16/16] COPY 8e9a384ab59c7626a3ffab63886cc30f /etc/bird/conf/kernel.conf
#19 CACHED

#20 [16/16] COPY 8e9a384ab59c7626a3ffab63886cc30f /etc/bird/conf/kernel.conf

#1 [internal] load build definition from Dockerfile
#1 transferring dockerfile: 884B done
#1 DONE 0.1s

#2 [internal] load metadata for docker.io/library/39e016aa9e819f203ebc1809245a5818:latest
#2 DONE 0.1s
#19 CACHED

#20 [16/16] COPY 8e9a384ab59c7626a3ffab63886cc30f /etc/bird/conf/kernel.conf
#3 transferring context: 2B done
#3 DONE 0.1s

#4 [ 1/16] FROM docker.io/library/39e016aa9e819f203ebc1809245a5818:latest@sha256:43a6b8a656b4d087c7baad939091f8a4e19bfade899129aaa2d7fd409433266e
#4 resolve docker.io/library/39e016aa9e819f203ebc1809245a5818:latest@sha256:43a6b8a656b4d087c7baad939091f8a4e19bfade899129aaa2d7fd409433266e 0.0s done
#4 DONE 0.0s

#5 [internal] load build context
#3 transferring context: 2B done
#3 DONE 0.1s

#4 [ 1/16] FROM docker.io/library/39e016aa9e819f203ebc1809245a5818:latest@sha256:43a6b8a656b4d087c7baad939091f8a4e19bfade899129aaa2d7fd409433266e
#4 resolve docker.io/library/39e016aa9e819f203ebc1809245a5818:latest@sha256:43a6b8a656b4d087c7baad939091f8a4e19bfade899129aaa2d7fd409433266e 0.0s done
#4 DONE 0.0s
#3 transferring context: 2B done
#3 DONE 0.1s

#4 [ 1/16] FROM docker.io/library/39e016aa9e819f203ebc1809245a5818:latest@sha256:43a6b8a656b4d087c7baad939091f8a4e19bfade899129aaa2d7fd409433266e
#4 resolve docker.io/library/39e016aa9e819f203ebc1809245a5818:latest@sha256:43a6b8a656b4d087c7baad939091f8a4e19bfade899129aaa2d7fd409433266e 0.0s done
#4 DONE 0.0s
#3 transferring context: 2B done
#3 DONE 0.1s

#4 [ 1/16] FROM docker.io/library/39e016aa9e819f203ebc1809245a5818:latest@sha256:43a6b8a656b4d087c7baad939091f8a4e19bfade899129aaa2d7fd409433266e
#4 resolve docker.io/library/39e016aa9e819f203ebc1809245a5818:latest@sha256:43a6b8a656b4d087c7baad939091f8a4e19bfade899129aaa2d7fd409433266e 0.0s done
#4 DONE 0.0s

#3 [internal] load .dockerignore
#3 transferring context: 2B done
#3 DONE 0.1s
#5 transferring context: 5.45kB done
#5 DONE 0.1s

#5 [internal] load build context
#5 transferring context: 5.45kB done
#5 DONE 0.1s

#4 [ 1/16] FROM docker.io/library/39e016aa9e819f203ebc1809245a5818:latest@sha256:43a6b8a656b4d087c7baad939091f8a4e19bfade899129aaa2d7fd409433266e
#4 resolve docker.io/library/39e016aa9e819f203ebc1809245a5818:latest@sha256:43a6b8a656b4d087c7baad939091f8a4e19bfade899129aaa2d7fd409433266e 0.0s done
#4 DONE 0.0s

#5 [internal] load build context

#5 [internal] load build context
#5 transferring context: 5.45kB done
#5 DONE 0.2s

#5 [internal] load build context
#5 transferring context: 5.45kB done
#5 DONE 0.2s
#5 transferring context: 5.45kB done
#5 DONE 0.1s
#20 DONE 1.6s
#20 DONE 1.6s
#20 DONE 1.6s

#21 exporting to image
#21 exporting layers

#21 exporting to image
#21 exporting layers

#21 exporting to image
#21 exporting layers 0.2s done
#21 exporting layers
#21 exporting layers 0.2s done
#21 exporting layers 0.2s done
#21 exporting manifest sha256:e82571d24f59c66c2ceaedea156d25a755dd8b954f74c6b85efc285b09e162c0 0.0s done
#21 exporting config sha256:6a982b018e13373b76af6c72a28ef3fbd40d45ba267d651420f277b023b747c2 0.0s done
#21 exporting attestation manifest sha256:e5a103305886ade0382b03c67dd7a0300871e324be81474b1755bb3be97a4681 0.1s done
#21 exporting manifest list sha256:9831aa46bf6f4e4fb2bc888e6ebb35a5f925afd50c4b3b58c0bdbbf50c6d2519
#21 exporting manifest sha256:3d307a2debf0d175beb292372cda2a39bc50d0a8ffe218a5eadb17f231fc0f34 0.0s done
#21 exporting config sha256:e55737c74dfd1d3a48bd814bbe5409f4cce7a2ca2b03eaf68efc4dc23d3c9349 0.0s done
#21 exporting attestation manifest sha256:686c259dc63d07edb8f3e6ccd703d2fc5ff63b6e7f94e5b48e7273f83dae24b9 0.1s done
#21 exporting manifest list sha256:6f7006aeeb59e558690c49b5d990236cf7df923ea0d1338f6af1e9b471a153e6
#21 exporting manifest sha256:e8ec944769159317cdca483321adc3d7c22b72bebd8fbbc5c77edf1769be1c93 0.0s done
#21 exporting config sha256:890e148cc69953cfddbd08e4e3a4bc2327f0736535b1ad91f23668b5a6c0bf4a 0.0s done
#21 exporting attestation manifest sha256:b6566ae933b019c971f50e483b56f1bdd9ce7d217498e87bdc8bcab2ee14acc2 0.1s done
#21 exporting manifest list sha256:801ae203238ff0d5e78bbba876e281ec94e8fc6cda867d51fcbcf58374f7a4db
#21 exporting manifest list sha256:6f7006aeeb59e558690c49b5d990236cf7df923ea0d1338f6af1e9b471a153e6 0.0s done
#21 naming to 192.168.122.110:5000/rs_ix_ix352:latest 0.0s done
#21 unpacking to 192.168.122.110:5000/rs_ix_ix352:latest 0.1s done
#21 exporting manifest list sha256:9831aa46bf6f4e4fb2bc888e6ebb35a5f925afd50c4b3b58c0bdbbf50c6d2519 0.0s done
#21 naming to 192.168.122.110:5000/rs_ix_ix42:latest 0.0s done
#21 unpacking to 192.168.122.110:5000/rs_ix_ix42:latest 0.1s done
#21 exporting manifest list sha256:801ae203238ff0d5e78bbba876e281ec94e8fc6cda867d51fcbcf58374f7a4db 0.0s done
#21 naming to 192.168.122.110:5000/rs_ix_ix403:latest done
#21 unpacking to 192.168.122.110:5000/rs_ix_ix403:latest 0.1s done
#21 DONE 0.6s
#21 DONE 0.6s
#21 DONE 0.6s
+ seedemu_build_and_push 192.168.122.110:5000/rs_ix_ix237:latest ./rs_ix_ix237
+ seedemu_build_and_push 192.168.122.110:5000/rs_ix_ix35:latest ./rs_ix_ix35
+ seedemu_build_and_push 192.168.122.110:5000/rs_ix_ix189:latest ./rs_ix_ix189

#6 [ 7/16] COPY 082b96ec819c95ae773daebde675ef80 /start.sh
#6 CACHED

#7 [ 9/16] COPY 17ac2d812a99a91e7f747e1defb72a29 /seedemu_worker
#7 CACHED

#8 [10/16] RUN chmod +x /start.sh
#8 CACHED

#9 [11/16] RUN chmod +x /seedemu_sniffer
#9 CACHED

#10 [13/16] COPY 2b0ae038330eccd43095538618caee7d /etc/bird/bird.conf
#10 CACHED

#11 [ 2/16] RUN apt-get update && apt-get install -y --no-install-recommends netcat-openbsd
#11 CACHED

#12 [ 4/16] RUN touch /usr/share/doc/bird2/examples/bird.conf
#12 CACHED

#13 [ 5/16] COPY 92872f20cfb75af4e3e1c588b00d6484 /replace_address.sh
#13 CACHED

#14 [ 8/16] COPY d18858afc6bb66ec3a19d872077acfd2 /seedemu_sniffer
#14 CACHED

#15 [12/16] RUN chmod +x /seedemu_worker
#15 CACHED

#16 [14/16] COPY e01e36443f9f72c6204189260d0bd276 /ifinfo.txt
#16 CACHED

#17 [ 3/16] RUN mkdir -p /usr/share/doc/bird2/examples/
#17 CACHED

#18 [ 6/16] COPY 365d27384adc9719099d1f63f2d15824 /root/.zshrc.pre
#18 CACHED

#19 [15/16] COPY d3d51fdf7f4bad30dc5db560a01ce629 /interface_setup

#6 [ 5/16] COPY 92872f20cfb75af4e3e1c588b00d6484 /replace_address.sh
#6 CACHED

#7 [ 7/16] COPY 082b96ec819c95ae773daebde675ef80 /start.sh
#7 CACHED

#8 [14/16] COPY e01e36443f9f72c6204189260d0bd276 /ifinfo.txt
#8 CACHED

#9 [ 3/16] RUN mkdir -p /usr/share/doc/bird2/examples/
#9 CACHED

#10 [ 6/16] COPY 365d27384adc9719099d1f63f2d15824 /root/.zshrc.pre
#10 CACHED

#11 [ 9/16] COPY 17ac2d812a99a91e7f747e1defb72a29 /seedemu_worker
#11 CACHED

#12 [ 2/16] RUN apt-get update && apt-get install -y --no-install-recommends netcat-openbsd
#12 CACHED

#13 [ 8/16] COPY d18858afc6bb66ec3a19d872077acfd2 /seedemu_sniffer
#13 CACHED

#14 [10/16] RUN chmod +x /start.sh
#14 CACHED


#15 [11/16] RUN chmod +x /seedemu_sniffer
#15 CACHED

#16 [12/16] RUN chmod +x /seedemu_worker
#16 CACHED

#17 [13/16] COPY 2b0ae038330eccd43095538618caee7d /etc/bird/bird.conf
#6 [ 6/16] COPY 365d27384adc9719099d1f63f2d15824 /root/.zshrc.pre
#17 CACHED

#18 [ 4/16] RUN touch /usr/share/doc/bird2/examples/bird.conf
#6 CACHED
#18 CACHED


#7 [13/16] COPY 2b0ae038330eccd43095538618caee7d /etc/bird/bird.conf
#19 [15/16] COPY d3d51fdf7f4bad30dc5db560a01ce629 /interface_setup
#7 CACHED

#8 [14/16] COPY e01e36443f9f72c6204189260d0bd276 /ifinfo.txt
#8 CACHED

#9 [ 2/16] RUN apt-get update && apt-get install -y --no-install-recommends netcat-openbsd
#9 CACHED

#10 [ 3/16] RUN mkdir -p /usr/share/doc/bird2/examples/
#10 CACHED

#11 [ 4/16] RUN touch /usr/share/doc/bird2/examples/bird.conf
#11 CACHED

#12 [ 7/16] COPY 082b96ec819c95ae773daebde675ef80 /start.sh
#12 CACHED

#13 [11/16] RUN chmod +x /seedemu_sniffer
#13 CACHED

#14 [12/16] RUN chmod +x /seedemu_worker
#14 CACHED


#15 [ 8/16] COPY d18858afc6bb66ec3a19d872077acfd2 /seedemu_sniffer
#15 CACHED

#16 [10/16] RUN chmod +x /start.sh
#16 CACHED
#6 [ 4/16] RUN touch /usr/share/doc/bird2/examples/bird.conf

#6 CACHED
#17 [ 9/16] COPY 17ac2d812a99a91e7f747e1defb72a29 /seedemu_worker
#17 CACHED


#7 [ 6/16] COPY 365d27384adc9719099d1f63f2d15824 /root/.zshrc.pre
#18 [ 5/16] COPY 92872f20cfb75af4e3e1c588b00d6484 /replace_address.sh
#7 CACHED
#18 CACHED

#8 [ 8/16] COPY d18858afc6bb66ec3a19d872077acfd2 /seedemu_sniffer
#8 CACHED


#19 [15/16] COPY d3d51fdf7f4bad30dc5db560a01ce629 /interface_setup
#9 [10/16] RUN chmod +x /start.sh
#9 CACHED

#10 [14/16] COPY e01e36443f9f72c6204189260d0bd276 /ifinfo.txt
#10 CACHED

#11 [ 5/16] COPY 92872f20cfb75af4e3e1c588b00d6484 /replace_address.sh
#11 CACHED

#12 [ 7/16] COPY 082b96ec819c95ae773daebde675ef80 /start.sh
#12 CACHED

#13 [ 9/16] COPY 17ac2d812a99a91e7f747e1defb72a29 /seedemu_worker
#13 CACHED

#14 [11/16] RUN chmod +x /seedemu_sniffer
#14 CACHED

#15 [12/16] RUN chmod +x /seedemu_worker
#0 building with "default" instance using docker driver

#15 CACHED

#16 [13/16] COPY 2b0ae038330eccd43095538618caee7d /etc/bird/bird.conf
#1 [internal] load build definition from Dockerfile
#16 CACHED

#17 [ 2/16] RUN apt-get update && apt-get install -y --no-install-recommends netcat-openbsd
#17 CACHED

#18 [ 3/16] RUN mkdir -p /usr/share/doc/bird2/examples/
#18 CACHED

#19 [15/16] COPY d3d51fdf7f4bad30dc5db560a01ce629 /interface_setup

#0 building with "default" instance using docker driver

#6 [ 2/16] RUN apt-get update && apt-get install -y --no-install-recommends netcat-openbsd
#6 CACHED

#7 [ 4/16] RUN touch /usr/share/doc/bird2/examples/bird.conf
#7 CACHED
#1 [internal] load build definition from Dockerfile

#8 [13/16] COPY 2b0ae038330eccd43095538618caee7d /etc/bird/bird.conf
#8 CACHED

#9 [ 5/16] COPY 92872f20cfb75af4e3e1c588b00d6484 /replace_address.sh
#9 CACHED

#10 [ 7/16] COPY 082b96ec819c95ae773daebde675ef80 /start.sh
#10 CACHED
#1 DONE 0.0s

#11 [ 8/16] COPY d18858afc6bb66ec3a19d872077acfd2 /seedemu_sniffer
#11 CACHED

#12 [ 9/16] COPY 17ac2d812a99a91e7f747e1defb72a29 /seedemu_worker
#12 CACHED

#13 [11/16] RUN chmod +x /seedemu_sniffer
#13 CACHED

#14 [ 6/16] COPY 365d27384adc9719099d1f63f2d15824 /root/.zshrc.pre
#14 CACHED

#15 [14/16] COPY e01e36443f9f72c6204189260d0bd276 /ifinfo.txt
#15 CACHED

#16 [ 3/16] RUN mkdir -p /usr/share/doc/bird2/examples/
#16 CACHED

#17 [10/16] RUN chmod +x /start.sh
#17 CACHED

#18 [12/16] RUN chmod +x /seedemu_worker
#18 CACHED

#19 [15/16] COPY d3d51fdf7f4bad30dc5db560a01ce629 /interface_setup
#0 building with "default" instance using docker driver

#1 [internal] load build definition from Dockerfile

#1 [internal] load build definition from Dockerfile
#1 transferring dockerfile: 884B done
#1 DONE 0.1s
#1 transferring dockerfile: 884B done
#1 DONE 0.1s

#2 [internal] load metadata for docker.io/library/39e016aa9e819f203ebc1809245a5818:latest
#1 transferring dockerfile: 884B done
#1 DONE 0.1s

#2 [internal] load metadata for docker.io/library/39e016aa9e819f203ebc1809245a5818:latest
#2 DONE 0.0s
#19 CACHED

#20 [16/16] COPY 8e9a384ab59c7626a3ffab63886cc30f /etc/bird/conf/kernel.conf
#19 CACHED

#20 [16/16] COPY 8e9a384ab59c7626a3ffab63886cc30f /etc/bird/conf/kernel.conf
#19 CACHED

#20 [16/16] COPY 8e9a384ab59c7626a3ffab63886cc30f /etc/bird/conf/kernel.conf
#19 CACHED

#20 [16/16] COPY 8e9a384ab59c7626a3ffab63886cc30f /etc/bird/conf/kernel.conf
#19 CACHED

#20 [16/16] COPY 8e9a384ab59c7626a3ffab63886cc30f /etc/bird/conf/kernel.conf

#2 [ 1/16] FROM docker.io/library/39e016aa9e819f203ebc1809245a5818:latest@sha256:43a6b8a656b4d087c7baad939091f8a4e19bfade899129aaa2d7fd409433266e
#2 resolve docker.io/library/39e016aa9e819f203ebc1809245a5818:latest@sha256:43a6b8a656b4d087c7baad939091f8a4e19bfade899129aaa2d7fd409433266e 0.0s done
#2 DONE 0.0s

#3 [internal] load metadata for docker.io/library/39e016aa9e819f203ebc1809245a5818:latest
#3 DONE 0.0s

#4 [internal] load .dockerignore
#4 transferring context: 2B done
#4 DONE 0.0s

#5 [internal] load build context
#5 transferring context: 5.45kB done
#2 DONE 0.0s

#3 [ 1/16] FROM docker.io/library/39e016aa9e819f203ebc1809245a5818:latest@sha256:43a6b8a656b4d087c7baad939091f8a4e19bfade899129aaa2d7fd409433266e
#3 resolve docker.io/library/39e016aa9e819f203ebc1809245a5818:latest@sha256:43a6b8a656b4d087c7baad939091f8a4e19bfade899129aaa2d7fd409433266e 0.0s done
#3 DONE 0.0s

#4 [internal] load .dockerignore
#4 transferring context: 2B done
#4 DONE 0.0s

#5 [internal] load build context

#3 [ 1/16] FROM docker.io/library/39e016aa9e819f203ebc1809245a5818:latest@sha256:43a6b8a656b4d087c7baad939091f8a4e19bfade899129aaa2d7fd409433266e
#3 resolve docker.io/library/39e016aa9e819f203ebc1809245a5818:latest@sha256:43a6b8a656b4d087c7baad939091f8a4e19bfade899129aaa2d7fd409433266e 0.0s done
#3 DONE 0.0s

#4 [internal] load .dockerignore
#4 transferring context: 2B done
#4 DONE 0.0s

#5 [internal] load build context
#5 transferring context: 5.45kB done
#5 DONE 0.1s
#5 DONE 0.0s
#5 transferring context: 5.45kB done
#5 DONE 0.1s
#20 DONE 1.9s
#20 DONE 1.9s
#20 DONE 1.9s
#20 DONE 1.9s
#20 DONE 1.9s

#21 exporting to image

#21 exporting to image
#21 exporting layers

#21 exporting to image

#21 exporting to image
#21 exporting layers

#21 exporting to image
#21 exporting layers
#21 exporting layers
#21 exporting layers
#21 exporting layers 0.3s done
#21 exporting layers 0.3s done
#21 exporting layers 0.3s done
#21 exporting layers 0.3s done
#21 exporting layers 0.3s done
#21 exporting manifest sha256:ca7d54adfa6f2e77c3d3f5ac7f1f4dc0f1cfee0bba227d0235bc2804c8d237f6 0.0s done
#21 exporting config sha256:d8f65307294940fedc3f88a948a1cf90da2772e3ddd178baad799af1504d9800 0.1s done
#21 exporting manifest sha256:123aeb056152d2ec27db50d98182dfcdbbdd3994d2a23327ee877285c0077e3d 0.0s done
#21 exporting config sha256:97959640af05928a46e17cd395bca7dfdb5c5adebd22c3adc0e4a764bcaf839d 0.1s done
#21 exporting manifest sha256:f8e6d6d84a49f5ff529d43bbd7838131edd6b77d3f0d11f4671d0a0d1179437b 0.0s done
#21 exporting config sha256:b6bd7b50fb6ea1f6fbf5e30adba14b76859bd8211532f9504615426d3e093aa3 0.1s done
#21 exporting attestation manifest sha256:22720b68d5d25db19ed980a12de1755d0a4605331ef819c7be10e5c4809002a1
#21 exporting manifest sha256:f28b1034379718b3e76f01170eb0d4d2827e3d3ac9ff45fe0bb83f53af028126 0.0s done
#21 exporting config sha256:b355c22f0b55caf48f1a9814e7c4cd64418d4144800016f9a1a1010b803b599d 0.1s done
#21 exporting attestation manifest sha256:94dbf022dca77d3c897fbb5ed2df820968abbd47e6f9caf3539d10da310b5407
#21 exporting manifest sha256:b74e8a9fb3e853fcc5196b5b81c5dec3335421d60f91d89203622ff6794fc66d 0.0s done
#21 exporting config sha256:b8b2e92f2b0310e310190c66dc030eebbe43fd01d9d87af9d9389390be7cea0e 0.1s done
#21 exporting attestation manifest sha256:74c51ae9da4a72ec6edf257f1ba8745d1e96b6dcbf5abec9afbbb73e1ffee686
#21 exporting attestation manifest sha256:22720b68d5d25db19ed980a12de1755d0a4605331ef819c7be10e5c4809002a1 0.1s done
#21 exporting manifest list sha256:78ac08fe4b114ddc665a847a69887f53994ccba55c5a678687536495c9d4ed0f
#21 exporting attestation manifest sha256:94dbf022dca77d3c897fbb5ed2df820968abbd47e6f9caf3539d10da310b5407 0.1s done
#21 exporting manifest list sha256:a9db31b5b71b6758a364ba1c6011c5a802abf673ec3fb28ccd4da3e242fba6a2
#21 exporting attestation manifest sha256:74c51ae9da4a72ec6edf257f1ba8745d1e96b6dcbf5abec9afbbb73e1ffee686 0.1s done
#21 exporting manifest list sha256:5afc08cdf720acf2bbfdfbf38e3d8a4e636434fdcf44604361f0322759054954
#21 exporting attestation manifest sha256:cf3b49d8e06ade36550a653539f7454314fda57d85c54411b5abfc188dc090bf 0.1s done
#21 exporting manifest list sha256:2bdb4711d780ef413c898a79b985372b0f4367c2337bb79364754ae14cc35ace
#21 exporting attestation manifest sha256:0694e64f9a8415a5cbf00d64306ea84a4c76c194579434c35f9b69c0199349ed 0.1s done
#21 exporting manifest list sha256:7348c86b2d6fdc2bf4f21db13517f49a6a3bcf3c18720f93e74256d766fde6d7
#21 exporting manifest list sha256:78ac08fe4b114ddc665a847a69887f53994ccba55c5a678687536495c9d4ed0f 0.0s done
#21 naming to 192.168.122.110:5000/rs_ix_ix40:latest 0.0s done
#21 unpacking to 192.168.122.110:5000/rs_ix_ix40:latest 0.1s done
#21 exporting manifest list sha256:a9db31b5b71b6758a364ba1c6011c5a802abf673ec3fb28ccd4da3e242fba6a2 0.0s done
#21 naming to 192.168.122.110:5000/rs_ix_ix19:latest 0.0s done
#21 unpacking to 192.168.122.110:5000/rs_ix_ix19:latest 0.1s done
#21 exporting manifest list sha256:2bdb4711d780ef413c898a79b985372b0f4367c2337bb79364754ae14cc35ace 0.0s done
#21 naming to 192.168.122.110:5000/rs_ix_ix38:latest 0.0s done
#21 unpacking to 192.168.122.110:5000/rs_ix_ix38:latest 0.1s done
#21 exporting manifest list sha256:5afc08cdf720acf2bbfdfbf38e3d8a4e636434fdcf44604361f0322759054954 0.0s done
#21 naming to 192.168.122.110:5000/rs_ix_ix190:latest 0.0s done
#21 unpacking to 192.168.122.110:5000/rs_ix_ix190:latest 0.1s done
#21 exporting manifest list sha256:7348c86b2d6fdc2bf4f21db13517f49a6a3bcf3c18720f93e74256d766fde6d7 0.1s done
#21 naming to 192.168.122.110:5000/rs_ix_ix344:latest done
#21 unpacking to 192.168.122.110:5000/rs_ix_ix344:latest 0.1s done
#21 DONE 0.9s
#21 DONE 0.9s
#21 DONE 0.9s
#21 DONE 0.9s
#21 DONE 0.9s
+ seedemu_build_and_push 192.168.122.110:5000/rs_ix_ix158:latest ./rs_ix_ix158
+ seedemu_build_and_push 192.168.122.110:5000/rs_ix_ix10:latest ./rs_ix_ix10
+ seedemu_build_and_push 192.168.122.110:5000/rs_ix_ix75:latest ./rs_ix_ix75
+ seedemu_build_and_push 192.168.122.110:5000/rs_ix_ix147:latest ./rs_ix_ix147
+ seedemu_build_and_push 192.168.122.110:5000/rs_ix_ix70:latest ./rs_ix_ix70

#6 [11/16] RUN chmod +x /seedemu_sniffer
#6 CACHED

#7 [ 6/16] COPY 365d27384adc9719099d1f63f2d15824 /root/.zshrc.pre
#7 CACHED

#8 [ 8/16] COPY d18858afc6bb66ec3a19d872077acfd2 /seedemu_sniffer
#8 CACHED

#9 [13/16] COPY 2b0ae038330eccd43095538618caee7d /etc/bird/bird.conf
#9 CACHED

#10 [14/16] COPY e01e36443f9f72c6204189260d0bd276 /ifinfo.txt
#10 CACHED

#11 [ 9/16] COPY 17ac2d812a99a91e7f747e1defb72a29 /seedemu_worker
#11 CACHED

#12 [10/16] RUN chmod +x /start.sh
#12 CACHED

#13 [12/16] RUN chmod +x /seedemu_worker
#13 CACHED

#14 [ 3/16] RUN mkdir -p /usr/share/doc/bird2/examples/
#14 CACHED

#15 [ 4/16] RUN touch /usr/share/doc/bird2/examples/bird.conf
#15 CACHED

#16 [ 5/16] COPY 92872f20cfb75af4e3e1c588b00d6484 /replace_address.sh
#16 CACHED

#17 [ 2/16] RUN apt-get update && apt-get install -y --no-install-recommends netcat-openbsd
#17 CACHED

#18 [ 7/16] COPY 082b96ec819c95ae773daebde675ef80 /start.sh
#18 CACHED

#19 [15/16] COPY d3d51fdf7f4bad30dc5db560a01ce629 /interface_setup

#6 [ 3/16] RUN mkdir -p /usr/share/doc/bird2/examples/
#6 CACHED

#7 [ 6/16] COPY 365d27384adc9719099d1f63f2d15824 /root/.zshrc.pre
#7 CACHED

#8 [ 8/16] COPY d18858afc6bb66ec3a19d872077acfd2 /seedemu_sniffer
#8 CACHED

#9 [ 9/16] COPY 17ac2d812a99a91e7f747e1defb72a29 /seedemu_worker
#9 CACHED

#10 [14/16] COPY e01e36443f9f72c6204189260d0bd276 /ifinfo.txt
#10 CACHED

#11 [ 4/16] RUN touch /usr/share/doc/bird2/examples/bird.conf
#11 CACHED

#12 [ 7/16] COPY 082b96ec819c95ae773daebde675ef80 /start.sh
#12 CACHED

#13 [10/16] RUN chmod +x /start.sh
#13 CACHED

#14 [ 2/16] RUN apt-get update && apt-get install -y --no-install-recommends netcat-openbsd
#14 CACHED

#15 [11/16] RUN chmod +x /seedemu_sniffer
#15 CACHED

#16 [12/16] RUN chmod +x /seedemu_worker
#16 CACHED

#17 [ 5/16] COPY 92872f20cfb75af4e3e1c588b00d6484 /replace_address.sh
#17 CACHED

#18 [13/16] COPY 2b0ae038330eccd43095538618caee7d /etc/bird/bird.conf
#18 CACHED

#19 [15/16] COPY d3d51fdf7f4bad30dc5db560a01ce629 /interface_setup

#0 building with "default" instance using docker driver

#1 [internal] load build definition from Dockerfile
#6 [ 9/16] COPY 17ac2d812a99a91e7f747e1defb72a29 /seedemu_worker
#6 CACHED

#7 [11/16] RUN chmod +x /seedemu_sniffer
#7 CACHED

#8 [13/16] COPY 2b0ae038330eccd43095538618caee7d /etc/bird/bird.conf
#8 CACHED
#0 building with "default" instance using docker driver


#9 [10/16] RUN chmod +x /start.sh
#1 [internal] load build definition from Dockerfile
#0 building with "default" instance using docker driver

#9 CACHED

#1 [internal] load build definition from Dockerfile
#10 [ 3/16] RUN mkdir -p /usr/share/doc/bird2/examples/
#10 CACHED

#11 [ 4/16] RUN touch /usr/share/doc/bird2/examples/bird.conf
#1 DONE 0.0s
#11 CACHED

#12 [ 8/16] COPY d18858afc6bb66ec3a19d872077acfd2 /seedemu_sniffer
#12 CACHED

#13 [ 2/16] RUN apt-get update && apt-get install -y --no-install-recommends netcat-openbsd
#13 CACHED

#0 building with "default" instance using docker driver

#14 [ 6/16] COPY 365d27384adc9719099d1f63f2d15824 /root/.zshrc.pre
#14 CACHED
#1 [internal] load build definition from Dockerfile

#15 [12/16] RUN chmod +x /seedemu_worker
#1 DONE 0.0s
#15 CACHED

#16 [14/16] COPY e01e36443f9f72c6204189260d0bd276 /ifinfo.txt
#16 CACHED

#17 [ 5/16] COPY 92872f20cfb75af4e3e1c588b00d6484 /replace_address.sh
#17 CACHED

#18 [ 7/16] COPY 082b96ec819c95ae773daebde675ef80 /start.sh
#18 CACHED

#19 [15/16] COPY d3d51fdf7f4bad30dc5db560a01ce629 /interface_setup
#0 building with "default" instance using docker driver

#1 [internal] load build definition from Dockerfile
#1 DONE 0.0s
#1 transferring dockerfile: 884B done
#1 DONE 0.1s
#19 CACHED

#20 [16/16] COPY 8e9a384ab59c7626a3ffab63886cc30f /etc/bird/conf/kernel.conf
#19 CACHED

#20 [16/16] COPY 8e9a384ab59c7626a3ffab63886cc30f /etc/bird/conf/kernel.conf
#1 transferring dockerfile: 884B done
#1 DONE 0.2s
#19 CACHED

#20 [16/16] COPY 8e9a384ab59c7626a3ffab63886cc30f /etc/bird/conf/kernel.conf

#1 [internal] load build definition from Dockerfile
#1 transferring dockerfile: 884B done

#1 [internal] load build definition from Dockerfile
#1 transferring dockerfile: 884B done

#1 [internal] load build definition from Dockerfile
#1 transferring dockerfile: 884B done
#1 DONE 0.2s
#1 DONE 0.2s

#2 [internal] load metadata for docker.io/library/39e016aa9e819f203ebc1809245a5818:latest
#2 DONE 0.1s
#1 DONE 0.2s

#2 [internal] load metadata for docker.io/library/39e016aa9e819f203ebc1809245a5818:latest
#2 DONE 0.0s

#3 [internal] load .dockerignore
#3 transferring context:

#2 [internal] load metadata for docker.io/library/39e016aa9e819f203ebc1809245a5818:latest
#2 DONE 0.0s

#3 [internal] load .dockerignore
#3 transferring context: 2B done
#3 DONE 0.1s

#2 [internal] load metadata for docker.io/library/39e016aa9e819f203ebc1809245a5818:latest
#2 DONE 0.1s

#2 [internal] load metadata for docker.io/library/39e016aa9e819f203ebc1809245a5818:latest
#2 DONE 0.1s

#3 [internal] load .dockerignore
#3 transferring context: 2B done
#3 DONE 0.1s
#3 transferring context: 2B done
#3 DONE 0.1s

#4 [ 1/16] FROM docker.io/library/39e016aa9e819f203ebc1809245a5818:latest@sha256:43a6b8a656b4d087c7baad939091f8a4e19bfade899129aaa2d7fd409433266e
#4 resolve docker.io/library/39e016aa9e819f203ebc1809245a5818:latest@sha256:43a6b8a656b4d087c7baad939091f8a4e19bfade899129aaa2d7fd409433266e 0.0s done
#4 DONE 0.0s

#4 [ 1/16] FROM docker.io/library/39e016aa9e819f203ebc1809245a5818:latest@sha256:43a6b8a656b4d087c7baad939091f8a4e19bfade899129aaa2d7fd409433266e
#4 resolve docker.io/library/39e016aa9e819f203ebc1809245a5818:latest@sha256:43a6b8a656b4d087c7baad939091f8a4e19bfade899129aaa2d7fd409433266e 0.0s done
#4 DONE 0.0s

#5 [internal] load build context

#3 [internal] load .dockerignore
#3 transferring context:

#4 [ 1/16] FROM docker.io/library/39e016aa9e819f203ebc1809245a5818:latest@sha256:43a6b8a656b4d087c7baad939091f8a4e19bfade899129aaa2d7fd409433266e
#4 resolve docker.io/library/39e016aa9e819f203ebc1809245a5818:latest@sha256:43a6b8a656b4d087c7baad939091f8a4e19bfade899129aaa2d7fd409433266e 0.0s done
#4 DONE 0.0s

#5 [internal] load build context

#3 [internal] load .dockerignore
#3 transferring context: 2B done
#3 DONE 0.2s

#5 [internal] load build context
#5 transferring context: 5.45kB done
#5 DONE 0.2s
#3 transferring context: 2B done
#3 DONE 0.3s
#5 transferring context: 5.45kB done
#5 DONE 0.3s
#5 transferring context: 5.45kB done
#5 DONE 0.3s

#4 [ 1/16] FROM docker.io/library/39e016aa9e819f203ebc1809245a5818:latest@sha256:43a6b8a656b4d087c7baad939091f8a4e19bfade899129aaa2d7fd409433266e
#4 resolve docker.io/library/39e016aa9e819f203ebc1809245a5818:latest@sha256:43a6b8a656b4d087c7baad939091f8a4e19bfade899129aaa2d7fd409433266e 0.0s done
#4 DONE 0.0s

#5 [internal] load build context
#5 transferring context: 5.45kB done
#5 DONE 0.2s
#20 DONE 1.5s
#20 DONE 1.5s
#20 DONE 1.5s

#21 exporting to image
#21 exporting layers

#21 exporting to image

#4 [ 1/16] FROM docker.io/library/39e016aa9e819f203ebc1809245a5818:latest@sha256:43a6b8a656b4d087c7baad939091f8a4e19bfade899129aaa2d7fd409433266e
#4 resolve docker.io/library/39e016aa9e819f203ebc1809245a5818:latest@sha256:43a6b8a656b4d087c7baad939091f8a4e19bfade899129aaa2d7fd409433266e 0.0s done
#4 DONE 0.0s

#21 exporting to image
#21 exporting layers
#21 exporting layers
#21 exporting layers 0.2s done
#21 exporting layers 0.2s done
#21 exporting layers 0.2s done
#21 exporting manifest sha256:4a680041f5f78681868a9b02f527f03dd9791832cbe9e58bab4a30957dd22109 0.0s done
#21 exporting config sha256:589b5492e4217e896ed334f1d94c8c79db057564fe6e463e382ef543708aec85 0.0s done
#21 exporting attestation manifest sha256:11bbc223e3b683a68781c27d51484f2316c00f8cce96a4729f341232ab555387 0.1s done
#21 exporting manifest list sha256:bb28c94bfb90dc9ee7ed4ba71930012e308cf54ba6facf0196ee33e5af089bea
#21 exporting manifest sha256:0a3010234ddca71bc6238d0005c4a009f8a01eea792d206a86ea639f0ad4b1ba 0.0s done
#21 exporting config sha256:fad24a349ca33a69767821f83aa7067aac17e8f21341af451533627b6d9e8b5c 0.0s done
#21 exporting attestation manifest sha256:3de95cbe4a923ab33c2073145dc1f6a0e609b3ce70b91d4a265a90687c93c453 0.1s done
#21 exporting manifest list sha256:aa45f798d18dc606a1ad2101cbcbd6ff5c564adecf3dad4070a8a82a8224ccc7
#21 exporting manifest sha256:38e4bd957efe4ea9d3ad77d417d90d4f021c8a1bc85805261f810d5aa4d858bd 0.0s done
#21 exporting config sha256:fbc6a3165d6e2afc8f7f73d80c5a0c4278bbf2370a45e6e1e5a59fe469c8635f 0.0s done
#21 exporting attestation manifest sha256:24d1118c94c0d7cbfc0ad0dba88a9f87ce7019bc258b5f0b8e05a3e04b4a029d 0.1s done
#21 exporting manifest list sha256:1770ee0fd0bad087bf431eacecae93b4ebf1b0d5523213af49fbc451dadde881
#21 exporting manifest list sha256:bb28c94bfb90dc9ee7ed4ba71930012e308cf54ba6facf0196ee33e5af089bea 0.0s done
#21 naming to 192.168.122.110:5000/rs_ix_ix237:latest 0.0s done
#21 unpacking to 192.168.122.110:5000/rs_ix_ix237:latest 0.1s done
#21 exporting manifest list sha256:aa45f798d18dc606a1ad2101cbcbd6ff5c564adecf3dad4070a8a82a8224ccc7 0.0s done
#21 naming to 192.168.122.110:5000/rs_ix_ix189:latest done
#21 unpacking to 192.168.122.110:5000/rs_ix_ix189:latest 0.1s done
#21 exporting manifest list sha256:1770ee0fd0bad087bf431eacecae93b4ebf1b0d5523213af49fbc451dadde881 0.0s done
#21 naming to 192.168.122.110:5000/rs_ix_ix35:latest done
#21 unpacking to 192.168.122.110:5000/rs_ix_ix35:latest 0.1s done
#21 DONE 0.6s
#21 DONE 0.6s
#21 DONE 0.6s
+ seedemu_build_and_push 192.168.122.110:5000/rs_ix_ix3:latest ./rs_ix_ix3
+ seedemu_build_and_push 192.168.122.110:5000/rs_ix_ix127:latest ./rs_ix_ix127
+ seedemu_build_and_push 192.168.122.110:5000/rs_ix_ix94:latest ./rs_ix_ix94

#6 [ 9/16] COPY 17ac2d812a99a91e7f747e1defb72a29 /seedemu_worker
#6 CACHED

#7 [13/16] COPY 2b0ae038330eccd43095538618caee7d /etc/bird/bird.conf
#7 CACHED

#8 [14/16] COPY e01e36443f9f72c6204189260d0bd276 /ifinfo.txt
#8 CACHED

#9 [ 4/16] RUN touch /usr/share/doc/bird2/examples/bird.conf
#9 CACHED

#10 [ 5/16] COPY 92872f20cfb75af4e3e1c588b00d6484 /replace_address.sh
#10 CACHED

#11 [ 8/16] COPY d18858afc6bb66ec3a19d872077acfd2 /seedemu_sniffer
#11 CACHED

#12 [10/16] RUN chmod +x /start.sh
#12 CACHED

#13 [12/16] RUN chmod +x /seedemu_worker
#13 CACHED

#14 [ 3/16] RUN mkdir -p /usr/share/doc/bird2/examples/
#14 CACHED

#15 [ 7/16] COPY 082b96ec819c95ae773daebde675ef80 /start.sh
#15 CACHED

#16 [11/16] RUN chmod +x /seedemu_sniffer
#16 CACHED

#17 [ 2/16] RUN apt-get update && apt-get install -y --no-install-recommends netcat-openbsd
#17 CACHED

#18 [ 6/16] COPY 365d27384adc9719099d1f63f2d15824 /root/.zshrc.pre
#18 CACHED

#19 [15/16] COPY d3d51fdf7f4bad30dc5db560a01ce629 /interface_setup

#6 [ 9/16] COPY 17ac2d812a99a91e7f747e1defb72a29 /seedemu_worker
#6 CACHED

#7 [11/16] RUN chmod +x /seedemu_sniffer
#7 CACHED

#8 [ 5/16] COPY 92872f20cfb75af4e3e1c588b00d6484 /replace_address.sh
#8 CACHED

#9 [ 6/16] COPY 365d27384adc9719099d1f63f2d15824 /root/.zshrc.pre
#9 CACHED

#10 [10/16] RUN chmod +x /start.sh
#10 CACHED

#11 [12/16] RUN chmod +x /seedemu_worker
#11 CACHED

#12 [13/16] COPY 2b0ae038330eccd43095538618caee7d /etc/bird/bird.conf
#12 CACHED

#13 [ 4/16] RUN touch /usr/share/doc/bird2/examples/bird.conf
#13 CACHED

#14 [14/16] COPY e01e36443f9f72c6204189260d0bd276 /ifinfo.txt
#14 CACHED

#15 [ 2/16] RUN apt-get update && apt-get install -y --no-install-recommends netcat-openbsd
#15 CACHED

#16 [ 7/16] COPY 082b96ec819c95ae773daebde675ef80 /start.sh
#16 CACHED

#17 [ 3/16] RUN mkdir -p /usr/share/doc/bird2/examples/
#17 CACHED

#18 [ 8/16] COPY d18858afc6bb66ec3a19d872077acfd2 /seedemu_sniffer
#18 CACHED

#19 [15/16] COPY d3d51fdf7f4bad30dc5db560a01ce629 /interface_setup

#6 [ 7/16] COPY 082b96ec819c95ae773daebde675ef80 /start.sh
#6 CACHED

#7 [ 9/16] COPY 17ac2d812a99a91e7f747e1defb72a29 /seedemu_worker
#7 CACHED

#8 [14/16] COPY e01e36443f9f72c6204189260d0bd276 /ifinfo.txt
#8 CACHED

#9 [ 2/16] RUN apt-get update && apt-get install -y --no-install-recommends netcat-openbsd
#9 CACHED

#10 [ 3/16] RUN mkdir -p /usr/share/doc/bird2/examples/
#10 CACHED

#11 [ 5/16] COPY 92872f20cfb75af4e3e1c588b00d6484 /replace_address.sh
#11 CACHED

#12 [ 8/16] COPY d18858afc6bb66ec3a19d872077acfd2 /seedemu_sniffer
#12 CACHED

#13 [10/16] RUN chmod +x /start.sh
#13 CACHED

#14 [12/16] RUN chmod +x /seedemu_worker
#14 CACHED

#15 [ 6/16] COPY 365d27384adc9719099d1f63f2d15824 /root/.zshrc.pre
#15 CACHED

#16 [11/16] RUN chmod +x /seedemu_sniffer
#16 CACHED

#17 [ 4/16] RUN touch /usr/share/doc/bird2/examples/bird.conf
#17 CACHED

#18 [13/16] COPY 2b0ae038330eccd43095538618caee7d /etc/bird/bird.conf
#18 CACHED

#19 [15/16] COPY d3d51fdf7f4bad30dc5db560a01ce629 /interface_setup
#19 CACHED
#19 CACHED
#19 CACHED

#20 [16/16] COPY 8e9a384ab59c7626a3ffab63886cc30f /etc/bird/conf/kernel.conf


#20 [16/16] COPY 8e9a384ab59c7626a3ffab63886cc30f /etc/bird/conf/kernel.conf
#20 [16/16] COPY 8e9a384ab59c7626a3ffab63886cc30f /etc/bird/conf/kernel.conf
#0 building with "default" instance using docker driver

#1 [internal] load build definition from Dockerfile
#1 DONE 0.0s

#5 [internal] load build context
#5 DONE 0.0s

#6 [ 2/16] RUN apt-get update && apt-get install -y --no-install-recommends netcat-openbsd
#6 CACHED

#7 [ 3/16] RUN mkdir -p /usr/share/doc/bird2/examples/
#7 CACHED

#8 [ 5/16] COPY 92872f20cfb75af4e3e1c588b00d6484 /replace_address.sh
#8 CACHED

#9 [ 6/16] COPY 365d27384adc9719099d1f63f2d15824 /root/.zshrc.pre
#9 CACHED

#10 [ 7/16] COPY 082b96ec819c95ae773daebde675ef80 /start.sh
#10 CACHED

#11 [ 9/16] COPY 17ac2d812a99a91e7f747e1defb72a29 /seedemu_worker
#11 CACHED

#12 [13/16] COPY 2b0ae038330eccd43095538618caee7d /etc/bird/bird.conf
#12 CACHED

#13 [14/16] COPY e01e36443f9f72c6204189260d0bd276 /ifinfo.txt
#13 CACHED

#14 [ 4/16] RUN touch /usr/share/doc/bird2/examples/bird.conf
#14 CACHED

#15 [11/16] RUN chmod +x /seedemu_sniffer
#15 CACHED

#16 [12/16] RUN chmod +x /seedemu_worker
#16 CACHED

#17 [ 8/16] COPY d18858afc6bb66ec3a19d872077acfd2 /seedemu_sniffer
#17 CACHED

#18 [10/16] RUN chmod +x /start.sh
#18 CACHED

#19 [15/16] COPY d3d51fdf7f4bad30dc5db560a01ce629 /interface_setup
#0 building with "default" instance using docker driver

#1 [internal] load build definition from Dockerfile
#1 DONE 0.0s
#0 building with "default" instance using docker driver

#1 [internal] load build definition from Dockerfile

#1 [internal] load build definition from Dockerfile

#1 [internal] load build definition from Dockerfile

#5 [internal] load build context
#19 CACHED

#20 [16/16] COPY 8e9a384ab59c7626a3ffab63886cc30f /etc/bird/conf/kernel.conf
#1 transferring dockerfile:
#5 transferring context:
#1 transferring dockerfile:
#1 transferring dockerfile:
#1 transferring dockerfile: 884B done
#1 DONE 0.4s
#5 transferring context: 5.45kB done
#5 DONE 0.4s
#1 transferring dockerfile: 884B done
#1 DONE 0.4s
#1 transferring dockerfile: 884B done
#1 DONE 0.4s

#2 [internal] load metadata for docker.io/library/39e016aa9e819f203ebc1809245a5818:latest
#2 DONE 0.1s
#20 DONE 0.8s
#20 DONE 0.6s
#20 DONE 0.6s
#20 DONE 0.5s

#2 [internal] load metadata for docker.io/library/39e016aa9e819f203ebc1809245a5818:latest

#21 exporting to image

#2 [internal] load metadata for docker.io/library/39e016aa9e819f203ebc1809245a5818:latest

#21 exporting to image

#21 exporting to image

#21 exporting to image
#21 exporting layers
#21 exporting layers
#21 exporting layers
#21 exporting layers

#3 [internal] load .dockerignore
#2 DONE 0.1s
#3 DONE 0.0s

#3 [internal] load .dockerignore
#3 DONE 0.0s

#6 [ 4/16] RUN touch /usr/share/doc/bird2/examples/bird.conf
#6 CACHED

#7 [ 6/16] COPY 365d27384adc9719099d1f63f2d15824 /root/.zshrc.pre
#7 CACHED

#8 [ 7/16] COPY 082b96ec819c95ae773daebde675ef80 /start.sh
#8 CACHED

#9 [ 9/16] COPY 17ac2d812a99a91e7f747e1defb72a29 /seedemu_worker
#9 CACHED

#10 [12/16] RUN chmod +x /seedemu_worker
#10 CACHED

#11 [14/16] COPY e01e36443f9f72c6204189260d0bd276 /ifinfo.txt
#11 CACHED

#12 [ 5/16] COPY 92872f20cfb75af4e3e1c588b00d6484 /replace_address.sh
#12 CACHED

#13 [ 8/16] COPY d18858afc6bb66ec3a19d872077acfd2 /seedemu_sniffer
#13 CACHED

#14 [11/16] RUN chmod +x /seedemu_sniffer
#14 CACHED

#15 [13/16] COPY 2b0ae038330eccd43095538618caee7d /etc/bird/bird.conf
#15 CACHED

#16 [ 2/16] RUN apt-get update && apt-get install -y --no-install-recommends netcat-openbsd
#16 CACHED

#17 [ 3/16] RUN mkdir -p /usr/share/doc/bird2/examples/
#17 CACHED

#18 [10/16] RUN chmod +x /start.sh
#18 CACHED

#19 [15/16] COPY d3d51fdf7f4bad30dc5db560a01ce629 /interface_setup
#2 DONE 0.1s

#3 [internal] load .dockerignore
#3 DONE 0.0s
#21 exporting layers 0.2s done
#21 exporting layers 0.2s done
#21 exporting layers 0.2s done
#21 exporting layers 0.2s done

#4 [ 1/16] FROM docker.io/library/39e016aa9e819f203ebc1809245a5818:latest@sha256:43a6b8a656b4d087c7baad939091f8a4e19bfade899129aaa2d7fd409433266e
#4 resolve docker.io/library/39e016aa9e819f203ebc1809245a5818:latest@sha256:43a6b8a656b4d087c7baad939091f8a4e19bfade899129aaa2d7fd409433266e 0.0s done
#4 DONE 0.0s

#3 [internal] load .dockerignore
#3 transferring context: 2B done
#3 DONE 0.0s

#5 [internal] load build context
#5 transferring context: 5.45kB done

#4 [ 1/16] FROM docker.io/library/39e016aa9e819f203ebc1809245a5818:latest@sha256:43a6b8a656b4d087c7baad939091f8a4e19bfade899129aaa2d7fd409433266e
#4 resolve docker.io/library/39e016aa9e819f203ebc1809245a5818:latest@sha256:43a6b8a656b4d087c7baad939091f8a4e19bfade899129aaa2d7fd409433266e 0.0s done
#4 DONE 0.0s

#3 [internal] load .dockerignore
#3 transferring context: 2B done
#3 DONE 0.0s

#5 [internal] load build context
#5 transferring context: 5.44kB done
#5 DONE 0.0s
#21 exporting manifest sha256:f2b5f71f657c0655d7b9a3a1c902ebc63717947cc3fc0fcbeacb7ed689903d05 0.1s done
#21 exporting config sha256:8c325c57f70b5e0b033bed14677beb3d926c0c4193d46a47190ccec011dfd801
#21 exporting manifest sha256:635ade9b794c0cb2488f5d2c0428f95dbc62ab8610c3541d699ab41f480fce0f 0.1s done
#21 exporting config sha256:7f3ffc236ae5a911cc2af42e25323fd9e84a4e865d6ddf61f4c0d8b4607fd4ca
#19 CACHED

#20 [16/16] COPY 8e9a384ab59c7626a3ffab63886cc30f /etc/bird/conf/kernel.conf
#21 exporting manifest sha256:482a4fea1c697746a4e88ef2840f2a3c30446baaa948469798964a5a56a2ff9f 0.0s done
#21 exporting config sha256:57cf7a2f326b9ead56f42281265510a6cbf0145584778bd7e6f7cdd3b208d4c4 0.1s done

#4 [ 1/16] FROM docker.io/library/39e016aa9e819f203ebc1809245a5818:latest@sha256:43a6b8a656b4d087c7baad939091f8a4e19bfade899129aaa2d7fd409433266e
#4 resolve docker.io/library/39e016aa9e819f203ebc1809245a5818:latest@sha256:43a6b8a656b4d087c7baad939091f8a4e19bfade899129aaa2d7fd409433266e 0.0s done
#4 DONE 0.0s

#3 [internal] load .dockerignore
#3 transferring context: 2B done
#3 DONE 0.0s

#5 [internal] load build context
#5 transferring context: 5.45kB done
#5 DONE 0.0s
#21 exporting manifest sha256:7f7e422834d161c811d8d009d15900ba2627076bee6550c1deaf029dba1bdad5 0.1s done
#21 exporting config sha256:06dba95b4d98708e3d38d365a93b01a73651f5825be19fbe58d134ec60f891c2
#5 DONE 0.0s
#21 exporting config sha256:06dba95b4d98708e3d38d365a93b01a73651f5825be19fbe58d134ec60f891c2 0.2s done
#21 exporting config sha256:8c325c57f70b5e0b033bed14677beb3d926c0c4193d46a47190ccec011dfd801 0.2s done
#21 exporting config sha256:7f3ffc236ae5a911cc2af42e25323fd9e84a4e865d6ddf61f4c0d8b4607fd4ca 0.2s done
#21 exporting attestation manifest sha256:4783599a83b96336c96405e27aa48dcd57003662f804225ea747b59a35425cf7
#21 exporting attestation manifest sha256:005874789a7ad2ecd1c517e30d7e934ff2a705eedd09c09402ad65b049695f34
#21 exporting attestation manifest sha256:10e8b52d2466c44090eec8a8b6fe269da5d3dc51d4a2de14a4e6f1ed2499c179
#21 exporting attestation manifest sha256:b4c69b8e08dda9f4709e33fae701fc8d116a7298f851cc768c6222370cb211d0
#20 DONE 1.1s
#21 exporting attestation manifest sha256:4783599a83b96336c96405e27aa48dcd57003662f804225ea747b59a35425cf7 0.7s done
#21 exporting manifest list sha256:e66473380fe481fa67f7444ef7a616dc6ad8e46c5e26e891bfcb00d98db66013
#21 exporting attestation manifest sha256:005874789a7ad2ecd1c517e30d7e934ff2a705eedd09c09402ad65b049695f34 0.7s done
#21 exporting manifest list sha256:af71721aa790af1f7e735d4bbd78591fe29918c69b304399d85f3c002a532aaa
#21 exporting attestation manifest sha256:10e8b52d2466c44090eec8a8b6fe269da5d3dc51d4a2de14a4e6f1ed2499c179 0.7s done
#21 exporting manifest list sha256:d8633eaebb0e43ef13bc924d40142daa900219eb1a2570615e45672a8202d4eb
#21 exporting attestation manifest sha256:b4c69b8e08dda9f4709e33fae701fc8d116a7298f851cc768c6222370cb211d0 0.7s done
#21 exporting manifest list sha256:1e050777625b1a97f0d67d23c8663d97891d200e2b6c3d4a41b8c92af9aab5e1
#21 exporting manifest list sha256:e66473380fe481fa67f7444ef7a616dc6ad8e46c5e26e891bfcb00d98db66013 0.1s done
#21 naming to 192.168.122.110:5000/rs_ix_ix10:latest 0.0s done
#21 unpacking to 192.168.122.110:5000/rs_ix_ix10:latest
#21 exporting manifest list sha256:d8633eaebb0e43ef13bc924d40142daa900219eb1a2570615e45672a8202d4eb 0.0s done
#21 naming to 192.168.122.110:5000/rs_ix_ix75:latest done
#21 unpacking to 192.168.122.110:5000/rs_ix_ix75:latest 0.1s done
#21 exporting manifest list sha256:1e050777625b1a97f0d67d23c8663d97891d200e2b6c3d4a41b8c92af9aab5e1 0.0s done
#21 naming to 192.168.122.110:5000/rs_ix_ix158:latest done
#21 unpacking to 192.168.122.110:5000/rs_ix_ix158:latest 0.1s done
#21 exporting manifest list sha256:af71721aa790af1f7e735d4bbd78591fe29918c69b304399d85f3c002a532aaa 0.0s done
#21 naming to 192.168.122.110:5000/rs_ix_ix147:latest 0.0s done
#21 unpacking to 192.168.122.110:5000/rs_ix_ix147:latest 0.1s done
#21 unpacking to 192.168.122.110:5000/rs_ix_ix10:latest 0.1s done
#21 DONE 1.7s
#21 DONE 1.7s
#21 DONE 1.7s
#21 DONE 1.7s

#21 exporting to image
#21 exporting layers 0.1s done
#21 exporting manifest sha256:944ffbe348d31cd831446bdcb45e911bf704e33cc28219f0fd53a619c9e26d82
#21 exporting manifest sha256:944ffbe348d31cd831446bdcb45e911bf704e33cc28219f0fd53a619c9e26d82 0.0s done
#21 exporting config sha256:098525c852f2c6329ec1613b941600e9cd24d7a0f26532736bc9a35a6f5b3f60 0.0s done
#21 exporting attestation manifest sha256:2263af915bc5ded60e2e578a47a3349f4bb8e0fc6d8538efebb3476a8cadd439 0.0s done
#21 exporting manifest list sha256:4dcd4a9e4b01709dece974d46be5ca43f64bdd1ac169f66e608ff142c4f93143 0.0s done
#21 naming to 192.168.122.110:5000/rs_ix_ix70:latest
#21 naming to 192.168.122.110:5000/rs_ix_ix70:latest done
#21 unpacking to 192.168.122.110:5000/rs_ix_ix70:latest 0.1s done
#21 DONE 0.4s
+ seedemu_build_and_push 192.168.122.110:5000/rs_ix_ix221:latest ./rs_ix_ix221
+ seedemu_build_and_push 192.168.122.110:5000/rs_ix_ix346:latest ./rs_ix_ix346
+ seedemu_build_and_push 192.168.122.110:5000/rs_ix_ix37:latest ./rs_ix_ix37
+ seedemu_build_and_push 192.168.122.110:5000/rs_ix_ix21:latest ./rs_ix_ix21
+ seedemu_build_and_push 192.168.122.110:5000/rs_ix_ix2:latest ./rs_ix_ix2

#6 [ 2/16] RUN apt-get update && apt-get install -y --no-install-recommends netcat-openbsd
#6 CACHED

#7 [ 8/16] COPY d18858afc6bb66ec3a19d872077acfd2 /seedemu_sniffer
#7 CACHED

#8 [13/16] COPY 2b0ae038330eccd43095538618caee7d /etc/bird/bird.conf
#8 CACHED

#9 [14/16] COPY e01e36443f9f72c6204189260d0bd276 /ifinfo.txt
#9 CACHED

#10 [ 4/16] RUN touch /usr/share/doc/bird2/examples/bird.conf
#10 CACHED

#11 [10/16] RUN chmod +x /start.sh
#11 CACHED

#12 [11/16] RUN chmod +x /seedemu_sniffer
#12 CACHED

#13 [12/16] RUN chmod +x /seedemu_worker
#13 CACHED

#14 [ 7/16] COPY 082b96ec819c95ae773daebde675ef80 /start.sh
#14 CACHED

#15 [ 3/16] RUN mkdir -p /usr/share/doc/bird2/examples/
#15 CACHED

#16 [ 5/16] COPY 92872f20cfb75af4e3e1c588b00d6484 /replace_address.sh
#16 CACHED

#17 [ 6/16] COPY 365d27384adc9719099d1f63f2d15824 /root/.zshrc.pre
#17 CACHED

#18 [ 9/16] COPY 17ac2d812a99a91e7f747e1defb72a29 /seedemu_worker
#18 CACHED

#19 [15/16] COPY d3d51fdf7f4bad30dc5db560a01ce629 /interface_setup
#0 building with "default" instance using docker driver

#1 [internal] load build definition from Dockerfile
#1 DONE 0.0s

#6 [ 5/16] COPY 92872f20cfb75af4e3e1c588b00d6484 /replace_address.sh
#6 CACHED


#7 [ 6/16] COPY 365d27384adc9719099d1f63f2d15824 /root/.zshrc.pre
#7 CACHED

#8 [10/16] RUN chmod +x /start.sh
#8 CACHED

#9 [12/16] RUN chmod +x /seedemu_worker
#9 CACHED

#6 [ 5/16] COPY 92872f20cfb75af4e3e1c588b00d6484 /replace_address.sh
#10 [ 2/16] RUN apt-get update && apt-get install -y --no-install-recommends netcat-openbsd
#10 CACHED

#11 [ 4/16] RUN touch /usr/share/doc/bird2/examples/bird.conf
#6 CACHED
#11 CACHED


#7 [ 6/16] COPY 365d27384adc9719099d1f63f2d15824 /root/.zshrc.pre
#7 CACHED
#12 [ 7/16] COPY 082b96ec819c95ae773daebde675ef80 /start.sh
#12 CACHED


#13 [ 8/16] COPY d18858afc6bb66ec3a19d872077acfd2 /seedemu_sniffer
#8 [ 8/16] COPY d18858afc6bb66ec3a19d872077acfd2 /seedemu_sniffer
#13 CACHED

#8 CACHED
#14 [ 9/16] COPY 17ac2d812a99a91e7f747e1defb72a29 /seedemu_worker
#14 CACHED


#15 [11/16] RUN chmod +x /seedemu_sniffer
#9 [ 4/16] RUN touch /usr/share/doc/bird2/examples/bird.conf
#15 CACHED
#9 CACHED


#16 [13/16] COPY 2b0ae038330eccd43095538618caee7d /etc/bird/bird.conf
#16 CACHED
#10 [ 9/16] COPY 17ac2d812a99a91e7f747e1defb72a29 /seedemu_worker

#17 [14/16] COPY e01e36443f9f72c6204189260d0bd276 /ifinfo.txt
#10 CACHED
#17 CACHED

#18 [ 3/16] RUN mkdir -p /usr/share/doc/bird2/examples/

#18 CACHED
#11 [12/16] RUN chmod +x /seedemu_worker

#11 CACHED
#19 [15/16] COPY d3d51fdf7f4bad30dc5db560a01ce629 /interface_setup

#12 [13/16] COPY 2b0ae038330eccd43095538618caee7d /etc/bird/bird.conf
#12 CACHED

#0 building with "default" instance using docker driver

#13 [14/16] COPY e01e36443f9f72c6204189260d0bd276 /ifinfo.txt
#13 CACHED

#14 [ 2/16] RUN apt-get update && apt-get install -y --no-install-recommends netcat-openbsd
#1 [internal] load build definition from Dockerfile
#14 CACHED

#15 [ 3/16] RUN mkdir -p /usr/share/doc/bird2/examples/
#15 CACHED

#16 [ 7/16] COPY 082b96ec819c95ae773daebde675ef80 /start.sh
#16 CACHED

#17 [10/16] RUN chmod +x /start.sh
#17 CACHED

#18 [11/16] RUN chmod +x /seedemu_sniffer
#18 CACHED

#19 [15/16] COPY d3d51fdf7f4bad30dc5db560a01ce629 /interface_setup
#0 building with "default" instance using docker driver

#0 building with "default" instance using docker driver

#1 [internal] load build definition from Dockerfile
#1 [internal] load build definition from Dockerfile
#1 DONE 0.0s
#1 DONE 0.0s
#0 building with "default" instance using docker driver

#1 [internal] load build definition from Dockerfile

#1 [internal] load build definition from Dockerfile
#1 transferring dockerfile: 884B done
#1 DONE 0.1s

#1 [internal] load build definition from Dockerfile
#1 transferring dockerfile: 884B done
#1 DONE 0.1s

#2 [internal] load metadata for docker.io/library/39e016aa9e819f203ebc1809245a5818:latest

#1 [internal] load build definition from Dockerfile
#1 transferring dockerfile: 884B done
#1 DONE 0.1s
#1 transferring dockerfile: 884B done
#1 DONE 0.1s
#1 transferring dockerfile: 884B done
#1 DONE 0.1s

#2 [internal] load metadata for docker.io/library/39e016aa9e819f203ebc1809245a5818:latest
#2 DONE 0.1s
#19 CACHED

#20 [16/16] COPY 8e9a384ab59c7626a3ffab63886cc30f /etc/bird/conf/kernel.conf
#19 CACHED

#20 [16/16] COPY 8e9a384ab59c7626a3ffab63886cc30f /etc/bird/conf/kernel.conf
#19 CACHED

#20 [16/16] COPY 8e9a384ab59c7626a3ffab63886cc30f /etc/bird/conf/kernel.conf

#2 [internal] load metadata for docker.io/library/39e016aa9e819f203ebc1809245a5818:latest
#2 DONE 0.1s

#3 [internal] load .dockerignore
#3 DONE 0.0s
#2 DONE 0.0s

#3 [ 1/16] FROM docker.io/library/39e016aa9e819f203ebc1809245a5818:latest@sha256:43a6b8a656b4d087c7baad939091f8a4e19bfade899129aaa2d7fd409433266e
#3 resolve docker.io/library/39e016aa9e819f203ebc1809245a5818:latest@sha256:43a6b8a656b4d087c7baad939091f8a4e19bfade899129aaa2d7fd409433266e 0.0s done
#3 DONE 0.0s

#4 [internal] load .dockerignore
#4 transferring context: 2B done
#4 DONE 0.1s

#2 [ 1/16] FROM docker.io/library/39e016aa9e819f203ebc1809245a5818:latest@sha256:43a6b8a656b4d087c7baad939091f8a4e19bfade899129aaa2d7fd409433266e
#2 resolve docker.io/library/39e016aa9e819f203ebc1809245a5818:latest@sha256:43a6b8a656b4d087c7baad939091f8a4e19bfade899129aaa2d7fd409433266e 0.0s done
#2 DONE 0.0s

#3 [internal] load metadata for docker.io/library/39e016aa9e819f203ebc1809245a5818:latest
#3 DONE 0.0s

#4 [internal] load .dockerignore
#4 transferring context: 2B done
#4 DONE 0.1s

#3 [ 1/16] FROM docker.io/library/39e016aa9e819f203ebc1809245a5818:latest@sha256:43a6b8a656b4d087c7baad939091f8a4e19bfade899129aaa2d7fd409433266e
#3 resolve docker.io/library/39e016aa9e819f203ebc1809245a5818:latest@sha256:43a6b8a656b4d087c7baad939091f8a4e19bfade899129aaa2d7fd409433266e 0.0s done
#3 DONE 0.0s

#4 [internal] load .dockerignore
#4 transferring context: 2B done
#4 DONE 0.0s

#5 [internal] load build context

#2 [internal] load metadata for docker.io/library/39e016aa9e819f203ebc1809245a5818:latest
#2 DONE 0.1s

#3 [internal] load .dockerignore
#3 transferring context:

#5 [internal] load build context
#5 transferring context: 5.45kB done
#5 DONE 0.1s

#5 [internal] load build context
#5 transferring context: 5.45kB done
#5 DONE 0.1s
#5 transferring context: 5.44kB done
#5 DONE 0.1s

#3 [internal] load .dockerignore
#3 transferring context: 2B done
#3 DONE 0.1s
#3 transferring context: 2B done
#3 DONE 0.1s
#20 DONE 1.7s
#20 DONE 1.7s
#20 DONE 1.7s

#21 exporting to image

#4 [ 1/16] FROM docker.io/library/39e016aa9e819f203ebc1809245a5818:latest@sha256:43a6b8a656b4d087c7baad939091f8a4e19bfade899129aaa2d7fd409433266e
#4 resolve docker.io/library/39e016aa9e819f203ebc1809245a5818:latest@sha256:43a6b8a656b4d087c7baad939091f8a4e19bfade899129aaa2d7fd409433266e 0.0s done
#4 DONE 0.0s

#21 exporting to image
#21 exporting layers

#4 [ 1/16] FROM docker.io/library/39e016aa9e819f203ebc1809245a5818:latest@sha256:43a6b8a656b4d087c7baad939091f8a4e19bfade899129aaa2d7fd409433266e
#4 resolve docker.io/library/39e016aa9e819f203ebc1809245a5818:latest@sha256:43a6b8a656b4d087c7baad939091f8a4e19bfade899129aaa2d7fd409433266e 0.0s done
#4 DONE 0.0s

#21 exporting to image
#21 exporting layers
#21 exporting layers 0.2s done
#21 exporting manifest sha256:57b4af671997d203d66837e88198547e6d30d5596c36b6e2b9d3cb6547264905
#21 exporting layers
#21 exporting layers 0.2s done
#21 exporting manifest sha256:050f0daac0b97fb760ed00dd9aac0e3ff00df392336193e27d8f3662dd81dcab
#21 exporting layers 0.2s done
#21 exporting manifest sha256:d5914066ea71a6f9282ec0c0ddeb8de78a2cc5207ac19535fefaf29c65cae012
#21 exporting manifest sha256:57b4af671997d203d66837e88198547e6d30d5596c36b6e2b9d3cb6547264905 0.0s done
#21 exporting config sha256:6bd4ccec8aff32971bc28d2a62f8d2a8dd3cf33515dfedd246cd16d980479bcc 0.0s done
#21 exporting attestation manifest sha256:fe1c13d4a24c83d86ca3484ab1547d74c2b296ce67208f74a36ac01363a72d1e 0.1s done
#21 exporting manifest list sha256:6e7d8906794aa23cfbf78b9748d1704f56a1acc0ac500672b2d5a1da01ec4ed0
#21 exporting manifest sha256:050f0daac0b97fb760ed00dd9aac0e3ff00df392336193e27d8f3662dd81dcab 0.0s done
#21 exporting config sha256:a4a438db3e2720b766f6dcaa677d2bf116cd703ac18451a2742239c3619301f4 0.0s done
#21 exporting attestation manifest sha256:3b85940153fbb5d77caf902c5a4954259ec264ff3df3339732b781f4ce89fa40 0.1s done
#21 exporting manifest list sha256:413a367a8d48c99ebcb747f072de7925b7dd3dc258ace69bbcca16e18dac7047
#21 exporting manifest sha256:d5914066ea71a6f9282ec0c0ddeb8de78a2cc5207ac19535fefaf29c65cae012 0.0s done
#21 exporting config sha256:ad1e02ee4f710b2a9bab5aea6c183b4153dad91efb51f411c749a99aac1002fd 0.0s done
#21 exporting attestation manifest sha256:730d9f816867606d42c5feb2376f9cde68499ecaffd4496460be7585bb824e17 0.1s done
#21 exporting manifest list sha256:58c9f3b2b1c7d7041272a5fbe7e9becb3ea336e6c54eb7a22ce36363d387021d
#21 exporting manifest list sha256:6e7d8906794aa23cfbf78b9748d1704f56a1acc0ac500672b2d5a1da01ec4ed0 0.0s done
#21 naming to 192.168.122.110:5000/rs_ix_ix3:latest 0.0s done
#21 unpacking to 192.168.122.110:5000/rs_ix_ix3:latest 0.1s done
#21 exporting manifest list sha256:58c9f3b2b1c7d7041272a5fbe7e9becb3ea336e6c54eb7a22ce36363d387021d 0.0s done
#21 naming to 192.168.122.110:5000/rs_ix_ix127:latest 0.0s done
#21 unpacking to 192.168.122.110:5000/rs_ix_ix127:latest 0.1s done
#21 exporting manifest list sha256:413a367a8d48c99ebcb747f072de7925b7dd3dc258ace69bbcca16e18dac7047 0.0s done
#21 naming to 192.168.122.110:5000/rs_ix_ix94:latest 0.0s done
#21 unpacking to 192.168.122.110:5000/rs_ix_ix94:latest 0.1s done
#21 DONE 0.6s
#21 DONE 0.6s
#21 DONE 0.6s
+ seedemu_build_and_push 192.168.122.110:5000/rs_ix_ix113:latest ./rs_ix_ix113
+ seedemu_build_and_push 192.168.122.110:5000/rs_ix_ix300:latest ./rs_ix_ix300
+ seedemu_build_and_push 192.168.122.110:5000/rs_ix_ix14:latest ./rs_ix_ix14

#6 [10/16] RUN chmod +x /start.sh
#6 CACHED

#7 [11/16] RUN chmod +x /seedemu_sniffer
#7 CACHED

#8 [13/16] COPY 2b0ae038330eccd43095538618caee7d /etc/bird/bird.conf
#8 CACHED

#9 [ 8/16] COPY d18858afc6bb66ec3a19d872077acfd2 /seedemu_sniffer
#9 CACHED

#10 [ 6/16] COPY 365d27384adc9719099d1f63f2d15824 /root/.zshrc.pre
#10 CACHED

#11 [ 9/16] COPY 17ac2d812a99a91e7f747e1defb72a29 /seedemu_worker
#11 CACHED

#12 [ 2/16] RUN apt-get update && apt-get install -y --no-install-recommends netcat-openbsd
#12 CACHED

#13 [ 5/16] COPY 92872f20cfb75af4e3e1c588b00d6484 /replace_address.sh
#13 CACHED

#14 [12/16] RUN chmod +x /seedemu_worker
#14 CACHED

#15 [14/16] COPY e01e36443f9f72c6204189260d0bd276 /ifinfo.txt
#15 CACHED

#16 [ 3/16] RUN mkdir -p /usr/share/doc/bird2/examples/
#16 CACHED

#17 [ 4/16] RUN touch /usr/share/doc/bird2/examples/bird.conf
#17 CACHED

#18 [ 7/16] COPY 082b96ec819c95ae773daebde675ef80 /start.sh
#18 CACHED

#19 [15/16] COPY d3d51fdf7f4bad30dc5db560a01ce629 /interface_setup

#6 [11/16] RUN chmod +x /seedemu_sniffer
#6 CACHED

#7 [13/16] COPY 2b0ae038330eccd43095538618caee7d /etc/bird/bird.conf
#7 CACHED

#8 [14/16] COPY e01e36443f9f72c6204189260d0bd276 /ifinfo.txt
#8 CACHED

#9 [ 5/16] COPY 92872f20cfb75af4e3e1c588b00d6484 /replace_address.sh
#9 CACHED

#10 [ 6/16] COPY 365d27384adc9719099d1f63f2d15824 /root/.zshrc.pre
#10 CACHED

#11 [ 7/16] COPY 082b96ec819c95ae773daebde675ef80 /start.sh
#11 CACHED

#12 [ 9/16] COPY 17ac2d812a99a91e7f747e1defb72a29 /seedemu_worker
#12 CACHED

#13 [12/16] RUN chmod +x /seedemu_worker
#13 CACHED

#14 [ 3/16] RUN mkdir -p /usr/share/doc/bird2/examples/
#14 CACHED

#15 [ 8/16] COPY d18858afc6bb66ec3a19d872077acfd2 /seedemu_sniffer
#15 CACHED

#16 [ 2/16] RUN apt-get update && apt-get install -y --no-install-recommends netcat-openbsd
#16 CACHED

#17 [ 4/16] RUN touch /usr/share/doc/bird2/examples/bird.conf
#17 CACHED

#18 [10/16] RUN chmod +x /start.sh
#18 CACHED

#19 [15/16] COPY d3d51fdf7f4bad30dc5db560a01ce629 /interface_setup

#6 [ 3/16] RUN mkdir -p /usr/share/doc/bird2/examples/
#6 CACHED

#7 [ 9/16] COPY 17ac2d812a99a91e7f747e1defb72a29 /seedemu_worker
#7 CACHED

#8 [10/16] RUN chmod +x /start.sh
#8 CACHED

#9 [13/16] COPY 2b0ae038330eccd43095538618caee7d /etc/bird/bird.conf
#9 CACHED

#10 [ 6/16] COPY 365d27384adc9719099d1f63f2d15824 /root/.zshrc.pre
#10 CACHED

#11 [ 7/16] COPY 082b96ec819c95ae773daebde675ef80 /start.sh
#11 CACHED

#12 [ 4/16] RUN touch /usr/share/doc/bird2/examples/bird.conf
#12 CACHED

#13 [14/16] COPY e01e36443f9f72c6204189260d0bd276 /ifinfo.txt
#13 CACHED

#14 [ 2/16] RUN apt-get update && apt-get install -y --no-install-recommends netcat-openbsd
#14 CACHED

#15 [ 5/16] COPY 92872f20cfb75af4e3e1c588b00d6484 /replace_address.sh
#15 CACHED

#16 [ 8/16] COPY d18858afc6bb66ec3a19d872077acfd2 /seedemu_sniffer
#16 CACHED

#17 [11/16] RUN chmod +x /seedemu_sniffer
#17 CACHED

#18 [12/16] RUN chmod +x /seedemu_worker

#18 CACHED

#5 [internal] load build context
#19 [15/16] COPY d3d51fdf7f4bad30dc5db560a01ce629 /interface_setup

#5 [internal] load build context
#5 DONE 0.0s
#0 building with "default" instance using docker driver

#1 [internal] load build definition from Dockerfile
#1 DONE 0.0s
#0 building with "default" instance using docker driver

#1 [internal] load build definition from Dockerfile
#1 DONE 0.0s
#0 building with "default" instance using docker driver

#1 [internal] load build definition from Dockerfile
#1 DONE 0.0s

#5 [internal] load build context
#5 transferring context: 5.45kB done
#5 DONE 0.1s
#19 CACHED

#20 [16/16] COPY 8e9a384ab59c7626a3ffab63886cc30f /etc/bird/conf/kernel.conf
#19 CACHED

#20 [16/16] COPY 8e9a384ab59c7626a3ffab63886cc30f /etc/bird/conf/kernel.conf
#19 CACHED

#20 [16/16] COPY 8e9a384ab59c7626a3ffab63886cc30f /etc/bird/conf/kernel.conf
#5 transferring context: 5.45kB done
#5 DONE 0.0s

#1 [internal] load build definition from Dockerfile
#1 transferring dockerfile: 884B done
#1 DONE 0.0s

#1 [internal] load build definition from Dockerfile
#1 transferring dockerfile: 884B done
#1 DONE 0.0s

#1 [internal] load build definition from Dockerfile
#1 transferring dockerfile: 884B done
#1 DONE 0.1s
#20 DONE 0.6s
#20 DONE 0.6s
#20 DONE 0.6s

#21 exporting to image

#21 exporting to image

#2 [internal] load metadata for docker.io/library/39e016aa9e819f203ebc1809245a5818:latest

#2 [internal] load metadata for docker.io/library/39e016aa9e819f203ebc1809245a5818:latest

#2 [internal] load metadata for docker.io/library/39e016aa9e819f203ebc1809245a5818:latest

#21 exporting to image
#21 exporting layers
#21 exporting layers
#21 exporting layers
#21 exporting layers 0.2s done
#21 exporting layers 0.2s done
#21 exporting layers 0.2s done
#2 DONE 0.1s
#2 DONE 0.1s
#2 DONE 0.1s
#21 exporting manifest sha256:833b28600ff6b3a994420fa1188328d65c83b845635090317e6a980ab86207c0 0.0s done
#21 exporting config sha256:abdc83dcb1b83b819ff4c30293fdc5b638ea0f9b5032e05677358445be594031 0.0s done
#21 exporting attestation manifest sha256:fedbdaf23f4535e74dbb8759160ac99273cd824106cd16c4147142ba0f7e51a3
#21 exporting manifest sha256:872f073fbe2c14f72ef8bd1955c97c15a8405c7c48a6e4ce8a401cfca9da2c54 0.0s done
#21 exporting config sha256:946c657677d061b83f4c72e517e7be7e2bf5d29337e7c42642c603bf45856a32 0.0s done
#21 exporting attestation manifest sha256:d747f330d84ca368a4d06fa53ee70d120c0e7329e3441409c8928858e928b4e0
#21 exporting manifest sha256:0d77021e123a2c6a98121ba271c240f1d2f00d7e64f1eab672e01677b9d0883d 0.0s done
#21 exporting config sha256:404bfd1a289460d29c072b5223e77de4ba7c01ca96fe5101cf1be06430211f5f 0.1s done
#21 exporting attestation manifest sha256:b09458e88578268220590604d40fac53a46f6f7c7ec17df4337312fb228e1a27
#21 exporting attestation manifest sha256:fedbdaf23f4535e74dbb8759160ac99273cd824106cd16c4147142ba0f7e51a3 0.1s done
#21 exporting manifest list sha256:c0eefa08222897a254f0e291acc5ba3e540653c3d88e8b717ffd7c84d846c492 0.0s done
#21 naming to 192.168.122.110:5000/rs_ix_ix21:latest 0.0s done
#21 unpacking to 192.168.122.110:5000/rs_ix_ix21:latest
#21 exporting attestation manifest sha256:d747f330d84ca368a4d06fa53ee70d120c0e7329e3441409c8928858e928b4e0 0.1s done
#21 exporting manifest list sha256:a590e5866bd61af57e4914d64496bd60c426061e7651855ddf3a399851529221 0.0s done
#21 naming to 192.168.122.110:5000/rs_ix_ix346:latest 0.0s done
#21 unpacking to 192.168.122.110:5000/rs_ix_ix346:latest
#21 exporting attestation manifest sha256:b09458e88578268220590604d40fac53a46f6f7c7ec17df4337312fb228e1a27 0.1s done
#21 exporting manifest list sha256:ddf24c7951b8e0233cf62036000877b370c2fb7252e770297093c28790b45ce3 0.0s done
#21 naming to 192.168.122.110:5000/rs_ix_ix2:latest 0.0s done
#21 unpacking to 192.168.122.110:5000/rs_ix_ix2:latest
#21 unpacking to 192.168.122.110:5000/rs_ix_ix346:latest 0.1s done
#21 unpacking to 192.168.122.110:5000/rs_ix_ix21:latest 0.1s done
#21 DONE 0.6s
#21 DONE 0.6s
#21 unpacking to 192.168.122.110:5000/rs_ix_ix2:latest 0.1s done
#21 DONE 0.6s
+ seedemu_build_and_push 192.168.122.110:5000/rs_ix_ix167:latest ./rs_ix_ix167
+ seedemu_build_and_push 192.168.122.110:5000/rs_ix_ix17:latest ./rs_ix_ix17
+ seedemu_build_and_push 192.168.122.110:5000/rs_ix_ix43:latest ./rs_ix_ix43

#6 [ 6/16] COPY 365d27384adc9719099d1f63f2d15824 /root/.zshrc.pre
#6 CACHED

#7 [10/16] RUN chmod +x /start.sh
#7 CACHED

#8 [12/16] RUN chmod +x /seedemu_worker
#8 CACHED

#9 [13/16] COPY 2b0ae038330eccd43095538618caee7d /etc/bird/bird.conf
#9 CACHED

#10 [ 4/16] RUN touch /usr/share/doc/bird2/examples/bird.conf
#10 CACHED

#11 [ 7/16] COPY 082b96ec819c95ae773daebde675ef80 /start.sh
#11 CACHED

#12 [ 8/16] COPY d18858afc6bb66ec3a19d872077acfd2 /seedemu_sniffer
#12 CACHED

#13 [11/16] RUN chmod +x /seedemu_sniffer
#13 CACHED

#14 [14/16] COPY e01e36443f9f72c6204189260d0bd276 /ifinfo.txt
#14 CACHED

#15 [ 2/16] RUN apt-get update && apt-get install -y --no-install-recommends netcat-openbsd
#15 CACHED

#16 [ 3/16] RUN mkdir -p /usr/share/doc/bird2/examples/
#16 CACHED

#17 [ 5/16] COPY 92872f20cfb75af4e3e1c588b00d6484 /replace_address.sh
#17 CACHED

#18 [ 9/16] COPY 17ac2d812a99a91e7f747e1defb72a29 /seedemu_worker
#18 CACHED

#19 [15/16] COPY d3d51fdf7f4bad30dc5db560a01ce629 /interface_setup

#3 [internal] load .dockerignore
#3 DONE 0.0s

#3 [internal] load .dockerignore

#3 [internal] load .dockerignore
#3 DONE 0.0s
#3 DONE 0.0s

#6 [ 8/16] COPY d18858afc6bb66ec3a19d872077acfd2 /seedemu_sniffer
#6 CACHED

#7 [10/16] RUN chmod +x /start.sh
#7 CACHED

#8 [12/16] RUN chmod +x /seedemu_worker
#8 CACHED

#9 [14/16] COPY e01e36443f9f72c6204189260d0bd276 /ifinfo.txt
#9 CACHED

#10 [ 5/16] COPY 92872f20cfb75af4e3e1c588b00d6484 /replace_address.sh
#10 CACHED

#11 [ 6/16] COPY 365d27384adc9719099d1f63f2d15824 /root/.zshrc.pre
#11 CACHED

#12 [ 7/16] COPY 082b96ec819c95ae773daebde675ef80 /start.sh
#12 CACHED

#13 [ 9/16] COPY 17ac2d812a99a91e7f747e1defb72a29 /seedemu_worker
#13 CACHED

#14 [ 2/16] RUN apt-get update && apt-get install -y --no-install-recommends netcat-openbsd
#14 CACHED

#15 [ 4/16] RUN touch /usr/share/doc/bird2/examples/bird.conf
#15 CACHED

#16 [11/16] RUN chmod +x /seedemu_sniffer
#16 CACHED

#17 [13/16] COPY 2b0ae038330eccd43095538618caee7d /etc/bird/bird.conf
#17 CACHED

#18 [ 3/16] RUN mkdir -p /usr/share/doc/bird2/examples/
#18 CACHED

#19 [15/16] COPY d3d51fdf7f4bad30dc5db560a01ce629 /interface_setup
#0 building with "default" instance using docker driver

#1 [internal] load build definition from Dockerfile
#1 transferring dockerfile: 30B
#0 building with "default" instance using docker driver

#1 [internal] load build definition from Dockerfile
#1 transferring dockerfile: 884B done
#1 DONE 0.1s

#3 [internal] load .dockerignore
#3 transferring context: 2B done
#3 DONE 0.1s
#1 transferring dockerfile: 884B done
#1 DONE 0.1s
#19 CACHED

#20 [16/16] COPY 8e9a384ab59c7626a3ffab63886cc30f /etc/bird/conf/kernel.conf
#19 CACHED

#20 [16/16] COPY 8e9a384ab59c7626a3ffab63886cc30f /etc/bird/conf/kernel.conf
#0 building with "default" instance using docker driver

#1 [internal] load build definition from Dockerfile
#1 transferring dockerfile: 884B done
#1 DONE 0.2s

#4 [ 1/16] FROM docker.io/library/39e016aa9e819f203ebc1809245a5818:latest@sha256:43a6b8a656b4d087c7baad939091f8a4e19bfade899129aaa2d7fd409433266e
#4 resolve docker.io/library/39e016aa9e819f203ebc1809245a5818:latest@sha256:43a6b8a656b4d087c7baad939091f8a4e19bfade899129aaa2d7fd409433266e 0.0s done
#4 DONE 0.0s

#3 [internal] load .dockerignore
#3 transferring context: 2B done
#3 DONE 0.0s

#5 [internal] load build context

#4 [ 1/16] FROM docker.io/library/39e016aa9e819f203ebc1809245a5818:latest@sha256:43a6b8a656b4d087c7baad939091f8a4e19bfade899129aaa2d7fd409433266e
#4 resolve docker.io/library/39e016aa9e819f203ebc1809245a5818:latest@sha256:43a6b8a656b4d087c7baad939091f8a4e19bfade899129aaa2d7fd409433266e 0.0s done
#4 DONE 0.0s

#3 [internal] load .dockerignore
#3 transferring context: 2B done
#3 DONE 0.0s

#5 [internal] load build context

#2 [internal] load metadata for docker.io/library/39e016aa9e819f203ebc1809245a5818:latest
#2 DONE 0.1s

#4 [ 1/16] FROM docker.io/library/39e016aa9e819f203ebc1809245a5818:latest@sha256:43a6b8a656b4d087c7baad939091f8a4e19bfade899129aaa2d7fd409433266e
#4 resolve docker.io/library/39e016aa9e819f203ebc1809245a5818:latest@sha256:43a6b8a656b4d087c7baad939091f8a4e19bfade899129aaa2d7fd409433266e 0.0s done
#4 DONE 0.0s

#5 [internal] load build context

#2 [internal] load metadata for docker.io/library/39e016aa9e819f203ebc1809245a5818:latest
#2 DONE 0.0s

#3 [internal] load .dockerignore
#3 transferring context:
#5 transferring context: 5.45kB done
#5 DONE 0.2s
#5 transferring context: 5.45kB done
#5 DONE 0.2s

#2 [internal] load metadata for docker.io/library/39e016aa9e819f203ebc1809245a5818:latest
#2 DONE 0.0s

#3 [internal] load .dockerignore

#3 [internal] load .dockerignore
#3 transferring context:
#3 transferring context:
#3 transferring context: 2B done
#3 DONE 0.2s
#5 transferring context: 5.45kB done
#5 DONE 0.2s
#3 transferring context: 2B done
#3 DONE 0.2s
#3 transferring context: 2B done
#3 DONE 0.2s
#20 DONE 1.4s
#20 DONE 1.4s

#21 exporting to image

#21 exporting to image

#4 [ 1/16] FROM docker.io/library/39e016aa9e819f203ebc1809245a5818:latest@sha256:43a6b8a656b4d087c7baad939091f8a4e19bfade899129aaa2d7fd409433266e
#4 resolve docker.io/library/39e016aa9e819f203ebc1809245a5818:latest@sha256:43a6b8a656b4d087c7baad939091f8a4e19bfade899129aaa2d7fd409433266e 0.0s done
#4 DONE 0.0s

#4 [ 1/16] FROM docker.io/library/39e016aa9e819f203ebc1809245a5818:latest@sha256:43a6b8a656b4d087c7baad939091f8a4e19bfade899129aaa2d7fd409433266e
#4 resolve docker.io/library/39e016aa9e819f203ebc1809245a5818:latest@sha256:43a6b8a656b4d087c7baad939091f8a4e19bfade899129aaa2d7fd409433266e 0.0s done
#4 DONE 0.0s

#4 [ 1/16] FROM docker.io/library/39e016aa9e819f203ebc1809245a5818:latest@sha256:43a6b8a656b4d087c7baad939091f8a4e19bfade899129aaa2d7fd409433266e
#4 resolve docker.io/library/39e016aa9e819f203ebc1809245a5818:latest@sha256:43a6b8a656b4d087c7baad939091f8a4e19bfade899129aaa2d7fd409433266e 0.0s done
#4 DONE 0.0s
#21 exporting layers 0.1s done
#21 exporting layers 0.1s done
#21 exporting manifest sha256:27b96288c1051d90df55c5a923f8c4cd2cf2e214cb98017b18554df5580b391d 0.0s done
#21 exporting config sha256:e761dad0d5652197f4bf29e1b28f3c5bb5abd10446953d745030bd535b2f6f4c 0.0s done
#21 exporting attestation manifest sha256:9d5ea8ca87866f06b56af8db23841dc54d3890d649918ff88926f2ae28281860 0.0s done
#21 exporting manifest list sha256:95b84a2b0f735676b120e5b7a7a0ce16c96c43a0e9ffb045995a48fa055967a1
#21 exporting manifest sha256:14c4868348829a0d1de0a8d8176e5abbd5d64d1f22003ad0ea37f12ee5685068 0.0s done
#21 exporting config sha256:92394fe1fd4aceefc035e0cf8086ecc5936592ae96514a5413415eb761f06d08 0.0s done
#21 exporting attestation manifest sha256:643940b9a44a720b8feece55e8838c371fe9fdd1f4377ecb4ca39de8ea39057d 0.0s done
#21 exporting manifest list sha256:7203643b69ff1d7b5e7ddfb31faf8db2f933432548733ef7a0dd923dff1eb317 0.0s done
#21 naming to 192.168.122.110:5000/rs_ix_ix37:latest
#21 exporting manifest list sha256:95b84a2b0f735676b120e5b7a7a0ce16c96c43a0e9ffb045995a48fa055967a1 0.0s done
#21 naming to 192.168.122.110:5000/rs_ix_ix221:latest done
#21 unpacking to 192.168.122.110:5000/rs_ix_ix221:latest 0.1s done
#21 DONE 0.4s
#21 naming to 192.168.122.110:5000/rs_ix_ix37:latest done
#21 unpacking to 192.168.122.110:5000/rs_ix_ix37:latest 0.1s done
#21 DONE 0.4s
+ seedemu_build_and_push 192.168.122.110:5000/rs_ix_ix83:latest ./rs_ix_ix83
+ seedemu_build_and_push 192.168.122.110:5000/rs_ix_ix128:latest ./rs_ix_ix128

#6 [10/16] RUN chmod +x /start.sh
#6 CACHED

#7 [ 3/16] RUN mkdir -p /usr/share/doc/bird2/examples/
#7 CACHED

#8 [12/16] RUN chmod +x /seedemu_worker
#8 CACHED

#9 [ 8/16] COPY d18858afc6bb66ec3a19d872077acfd2 /seedemu_sniffer
#9 CACHED

#10 [11/16] RUN chmod +x /seedemu_sniffer
#10 CACHED

#11 [14/16] COPY e01e36443f9f72c6204189260d0bd276 /ifinfo.txt
#11 CACHED

#12 [ 2/16] RUN apt-get update && apt-get install -y --no-install-recommends netcat-openbsd
#12 CACHED

#13 [ 4/16] RUN touch /usr/share/doc/bird2/examples/bird.conf
#13 CACHED

#14 [ 7/16] COPY 082b96ec819c95ae773daebde675ef80 /start.sh
#14 CACHED

#15 [ 9/16] COPY 17ac2d812a99a91e7f747e1defb72a29 /seedemu_worker
#15 CACHED

#16 [13/16] COPY 2b0ae038330eccd43095538618caee7d /etc/bird/bird.conf
#16 CACHED

#17 [ 5/16] COPY 92872f20cfb75af4e3e1c588b00d6484 /replace_address.sh
#17 CACHED

#18 [ 6/16] COPY 365d27384adc9719099d1f63f2d15824 /root/.zshrc.pre
#18 CACHED

#19 [15/16] COPY d3d51fdf7f4bad30dc5db560a01ce629 /interface_setup

#6 [10/16] RUN chmod +x /start.sh
#6 CACHED

#7 [ 2/16] RUN apt-get update && apt-get install -y --no-install-recommends netcat-openbsd
#7 CACHED


#8 [ 4/16] RUN touch /usr/share/doc/bird2/examples/bird.conf
#8 CACHED

#5 [internal] load build context
#9 [ 5/16] COPY 92872f20cfb75af4e3e1c588b00d6484 /replace_address.sh
#9 CACHED

#5 DONE 0.0s
#10 [ 8/16] COPY d18858afc6bb66ec3a19d872077acfd2 /seedemu_sniffer
#10 CACHED

#11 [ 9/16] COPY 17ac2d812a99a91e7f747e1defb72a29 /seedemu_worker
#11 CACHED

#12 [12/16] RUN chmod +x /seedemu_worker
#12 CACHED

#13 [11/16] RUN chmod +x /seedemu_sniffer
#13 CACHED

#14 [13/16] COPY 2b0ae038330eccd43095538618caee7d /etc/bird/bird.conf
#14 CACHED

#15 [14/16] COPY e01e36443f9f72c6204189260d0bd276 /ifinfo.txt
#15 CACHED

#16 [ 3/16] RUN mkdir -p /usr/share/doc/bird2/examples/
#16 CACHED

#17 [ 6/16] COPY 365d27384adc9719099d1f63f2d15824 /root/.zshrc.pre
#17 CACHED

#18 [ 7/16] COPY 082b96ec819c95ae773daebde675ef80 /start.sh
#18 CACHED

#19 [15/16] COPY d3d51fdf7f4bad30dc5db560a01ce629 /interface_setup

#6 [ 3/16] RUN mkdir -p /usr/share/doc/bird2/examples/
#6 CACHED

#7 [ 6/16] COPY 365d27384adc9719099d1f63f2d15824 /root/.zshrc.pre
#7 CACHED

#8 [ 7/16] COPY 082b96ec819c95ae773daebde675ef80 /start.sh
#8 CACHED

#9 [ 8/16] COPY d18858afc6bb66ec3a19d872077acfd2 /seedemu_sniffer
#9 CACHED

#10 [13/16] COPY 2b0ae038330eccd43095538618caee7d /etc/bird/bird.conf
#10 CACHED

#11 [ 5/16] COPY 92872f20cfb75af4e3e1c588b00d6484 /replace_address.sh
#11 CACHED

#12 [12/16] RUN chmod +x /seedemu_worker
#12 CACHED

#13 [14/16] COPY e01e36443f9f72c6204189260d0bd276 /ifinfo.txt
#13 CACHED

#14 [ 4/16] RUN touch /usr/share/doc/bird2/examples/bird.conf
#14 CACHED

#15 [10/16] RUN chmod +x /start.sh
#15 CACHED

#16 [ 9/16] COPY 17ac2d812a99a91e7f747e1defb72a29 /seedemu_worker
#16 CACHED

#17 [11/16] RUN chmod +x /seedemu_sniffer
#17 CACHED

#18 [ 2/16] RUN apt-get update && apt-get install -y --no-install-recommends netcat-openbsd
#18 CACHED

#19 [15/16] COPY d3d51fdf7f4bad30dc5db560a01ce629 /interface_setup

#0 building with "default" instance using docker driver

#1 [internal] load build definition from Dockerfile
#0 building with "default" instance using docker driver


#1 [internal] load build definition from Dockerfile
#5 [internal] load build context
#5 DONE 0.0s
#1 DONE 0.0s
#5 [internal] load build context
#5 DONE 0.0s
#1 DONE 0.0s

#1 [internal] load build definition from Dockerfile
#1 transferring dockerfile: 884B done
#1 DONE 0.1s

#5 [internal] load build context
#5 transferring context: 5.45kB done
#5 DONE 0.1s

#5 [internal] load build context
#5 transferring context: 5.45kB done
#5 DONE 0.1s
#19 CACHED

#20 [16/16] COPY 8e9a384ab59c7626a3ffab63886cc30f /etc/bird/conf/kernel.conf
#19 CACHED

#20 [16/16] COPY 8e9a384ab59c7626a3ffab63886cc30f /etc/bird/conf/kernel.conf
#19 CACHED

#5 [internal] load build context
#5 transferring context: 5.45kB done
#5 DONE 0.0s

#1 [internal] load build definition from Dockerfile
#1 transferring dockerfile: 884B done
#1 DONE 0.2s
#20 DONE 0.3s
#20 DONE 0.3s

#20 [16/16] COPY 8e9a384ab59c7626a3ffab63886cc30f /etc/bird/conf/kernel.conf

#21 exporting to image

#2 [internal] load metadata for docker.io/library/39e016aa9e819f203ebc1809245a5818:latest

#2 [internal] load metadata for docker.io/library/39e016aa9e819f203ebc1809245a5818:latest

#21 exporting to image
#21 exporting layers
#21 exporting layers
#2 DONE 0.2s
#2 DONE 0.2s
#21 exporting layers 0.5s done
#21 exporting layers 0.5s done
#21 exporting manifest sha256:d3fe494e1ce706b1e9155b92f4dbaeb255f2f9a031a9a0bb209445e888fd63e1 0.1s done
#21 exporting config sha256:6a840749e49d373b8f7c52b6b195b5c678bf6ab5ff13582930b24923dac5e443 0.1s done

#6 [ 2/16] RUN apt-get update && apt-get install -y --no-install-recommends netcat-openbsd
#6 CACHED

#7 [ 4/16] RUN touch /usr/share/doc/bird2/examples/bird.conf
#7 CACHED

#8 [14/16] COPY e01e36443f9f72c6204189260d0bd276 /ifinfo.txt
#8 CACHED

#9 [ 7/16] COPY 082b96ec819c95ae773daebde675ef80 /start.sh
#9 CACHED

#10 [10/16] RUN chmod +x /start.sh
#10 CACHED

#11 [12/16] RUN chmod +x /seedemu_worker
#11 CACHED

#12 [13/16] COPY 2b0ae038330eccd43095538618caee7d /etc/bird/bird.conf
#12 CACHED

#13 [ 3/16] RUN mkdir -p /usr/share/doc/bird2/examples/
#13 CACHED

#14 [ 8/16] COPY d18858afc6bb66ec3a19d872077acfd2 /seedemu_sniffer
#14 CACHED

#15 [ 9/16] COPY 17ac2d812a99a91e7f747e1defb72a29 /seedemu_worker
#15 CACHED

#16 [11/16] RUN chmod +x /seedemu_sniffer
#16 CACHED

#17 [ 5/16] COPY 92872f20cfb75af4e3e1c588b00d6484 /replace_address.sh
#17 CACHED

#18 [ 6/16] COPY 365d27384adc9719099d1f63f2d15824 /root/.zshrc.pre
#18 CACHED

#19 [15/16] COPY d3d51fdf7f4bad30dc5db560a01ce629 /interface_setup
#21 exporting manifest sha256:310cec0a98ba4cc2fc7ab1e3421a2172cfe305d8c0dbc99ae8f4fbbf714b2c88 0.1s done
#21 exporting config sha256:7bd3e8951bdef1fd387996744632764d48a6875ebc44b3adc88e92341bbeb99d
#21 exporting config sha256:7bd3e8951bdef1fd387996744632764d48a6875ebc44b3adc88e92341bbeb99d 0.2s done
#19 CACHED
#20 DONE 0.9s
#21 exporting attestation manifest sha256:297fc565f14370b866832ac97d361fe5a2ddf999866a0df50e60971634a1025b
#21 exporting attestation manifest sha256:5938ad26bcae6f4b5da5d55c54250240682777b852619e83bf95a7e3974eda66
#21 exporting attestation manifest sha256:297fc565f14370b866832ac97d361fe5a2ddf999866a0df50e60971634a1025b 0.0s done
#21 exporting manifest list sha256:00dc0fd128d85a7147703366414c13de8fca180ebd23db30bd10136f064549dc 0.0s done
#21 naming to 192.168.122.110:5000/rs_ix_ix14:latest done
#21 unpacking to 192.168.122.110:5000/rs_ix_ix14:latest 0.1s done
#21 exporting attestation manifest sha256:5938ad26bcae6f4b5da5d55c54250240682777b852619e83bf95a7e3974eda66 0.0s done
#21 exporting manifest list sha256:6d8215c9cf388deba2185f59506b026eac636dcd34f68f5ffd6341c2e9932647 0.0s done
#21 naming to 192.168.122.110:5000/rs_ix_ix113:latest done
#21 unpacking to 192.168.122.110:5000/rs_ix_ix113:latest 0.1s done
#21 DONE 1.2s
#21 DONE 1.2s

#21 exporting to image

#20 [16/16] COPY 8e9a384ab59c7626a3ffab63886cc30f /etc/bird/conf/kernel.conf
#21 exporting layers 0.1s done


#3 [internal] load .dockerignore
#3 [internal] load .dockerignore
#3 DONE 0.0s
#3 DONE 0.0s

#6 [ 4/16] RUN touch /usr/share/doc/bird2/examples/bird.conf
#6 CACHED

#7 [ 9/16] COPY 17ac2d812a99a91e7f747e1defb72a29 /seedemu_worker
#7 CACHED

#8 [12/16] RUN chmod +x /seedemu_worker
#8 CACHED

#9 [13/16] COPY 2b0ae038330eccd43095538618caee7d /etc/bird/bird.conf
#9 CACHED

#10 [ 3/16] RUN mkdir -p /usr/share/doc/bird2/examples/
#10 CACHED

#11 [ 6/16] COPY 365d27384adc9719099d1f63f2d15824 /root/.zshrc.pre

#11 CACHED

#12 [ 7/16] COPY 082b96ec819c95ae773daebde675ef80 /start.sh
#12 CACHED

#6 [ 7/16] COPY 082b96ec819c95ae773daebde675ef80 /start.sh
#13 [ 8/16] COPY d18858afc6bb66ec3a19d872077acfd2 /seedemu_sniffer
#6 CACHED
#13 CACHED


#14 [10/16] RUN chmod +x /start.sh
#7 [ 8/16] COPY d18858afc6bb66ec3a19d872077acfd2 /seedemu_sniffer
#14 CACHED
#7 CACHED


#15 [14/16] COPY e01e36443f9f72c6204189260d0bd276 /ifinfo.txt
#15 CACHED
#8 [12/16] RUN chmod +x /seedemu_worker

#8 CACHED
#16 [ 5/16] COPY 92872f20cfb75af4e3e1c588b00d6484 /replace_address.sh

#16 CACHED

#9 [14/16] COPY e01e36443f9f72c6204189260d0bd276 /ifinfo.txt
#17 [11/16] RUN chmod +x /seedemu_sniffer
#9 CACHED
#17 CACHED


#10 [ 5/16] COPY 92872f20cfb75af4e3e1c588b00d6484 /replace_address.sh
#18 [ 2/16] RUN apt-get update && apt-get install -y --no-install-recommends netcat-openbsd
#10 CACHED
#18 CACHED

#11 [ 6/16] COPY 365d27384adc9719099d1f63f2d15824 /root/.zshrc.pre
#11 CACHED


#19 [15/16] COPY d3d51fdf7f4bad30dc5db560a01ce629 /interface_setup
#12 [ 9/16] COPY 17ac2d812a99a91e7f747e1defb72a29 /seedemu_worker
#12 CACHED

#13 [13/16] COPY 2b0ae038330eccd43095538618caee7d /etc/bird/bird.conf
#13 CACHED

#14 [ 3/16] RUN mkdir -p /usr/share/doc/bird2/examples/
#14 CACHED

#15 [10/16] RUN chmod +x /start.sh
#15 CACHED

#16 [11/16] RUN chmod +x /seedemu_sniffer
#16 CACHED

#17 [ 2/16] RUN apt-get update && apt-get install -y --no-install-recommends netcat-openbsd
#17 CACHED

#18 [ 4/16] RUN touch /usr/share/doc/bird2/examples/bird.conf
#18 CACHED

#19 [15/16] COPY d3d51fdf7f4bad30dc5db560a01ce629 /interface_setup

#4 [ 1/16] FROM docker.io/library/39e016aa9e819f203ebc1809245a5818:latest@sha256:43a6b8a656b4d087c7baad939091f8a4e19bfade899129aaa2d7fd409433266e
#4 resolve docker.io/library/39e016aa9e819f203ebc1809245a5818:latest@sha256:43a6b8a656b4d087c7baad939091f8a4e19bfade899129aaa2d7fd409433266e 0.0s done
#4 DONE 0.0s

#3 [internal] load .dockerignore
#3 transferring context: 2B done
#3 DONE 0.1s

#4 [ 1/16] FROM docker.io/library/39e016aa9e819f203ebc1809245a5818:latest@sha256:43a6b8a656b4d087c7baad939091f8a4e19bfade899129aaa2d7fd409433266e
#4 resolve docker.io/library/39e016aa9e819f203ebc1809245a5818:latest@sha256:43a6b8a656b4d087c7baad939091f8a4e19bfade899129aaa2d7fd409433266e 0.0s done
#4 DONE 0.0s

#3 [internal] load .dockerignore
#3 transferring context: 2B done
#3 DONE 0.1s

#5 [internal] load build context
#21 exporting manifest sha256:1e89dc2b008ac4273278007606c1e60638cc725c4da31c87d07a6d1314a4129e 0.1s done
#21 exporting config sha256:51e669eef7f2859c2305530f77add97dbc67232ac197172d93efa1ea1b3576ca 0.1s done
#19 CACHED

#20 [16/16] COPY 8e9a384ab59c7626a3ffab63886cc30f /etc/bird/conf/kernel.conf
#19 CACHED

#20 [16/16] COPY 8e9a384ab59c7626a3ffab63886cc30f /etc/bird/conf/kernel.conf
#5 transferring context: 5.45kB done
#5 DONE 0.1s

#5 [internal] load build context
#5 transferring context: 5.45kB done
#5 DONE 0.1s
#21 exporting attestation manifest sha256:25bae07aed8ac68b1cfc83566d155400d0265e875fdcb8ccbf08f390af591a32
#21 exporting attestation manifest sha256:25bae07aed8ac68b1cfc83566d155400d0265e875fdcb8ccbf08f390af591a32 0.2s done
#21 exporting manifest list sha256:2eef7fefe61f910047098cb4fb444d97d8e8ac8632f2811f5de4d85e8648897e
#21 exporting manifest list sha256:2eef7fefe61f910047098cb4fb444d97d8e8ac8632f2811f5de4d85e8648897e 0.1s done
#21 naming to 192.168.122.110:5000/rs_ix_ix300:latest 0.0s done
#21 unpacking to 192.168.122.110:5000/rs_ix_ix300:latest 0.1s done
#21 DONE 0.9s
#20 DONE 0.9s
#20 DONE 0.8s
#20 DONE 0.9s

#21 exporting to image

#21 exporting to image

#21 exporting to image
#21 exporting layers
#21 exporting layers
#21 exporting layers
#21 exporting layers 0.2s done
#21 exporting layers 0.2s done
#21 exporting layers 0.2s done
#21 exporting manifest sha256:123dc586378ae166d8602f8809356947a0b0d52a61c4713c065dcc5fdfa6ea8a 0.0s done
#21 exporting config sha256:6ae154c62fd556de88fdbbcf04e8bb4a6eee3c28c7c7de6f37addda0e9235e2c 0.0s done
#21 exporting attestation manifest sha256:148d70d1f1b273e34c0f004c731fdcb04d25e60a74d997e3b74769cd6ea1b46f 0.1s done
#21 exporting manifest list sha256:4c6ada79edbc98a3149ae75a31fa96cb74c1514f60443ecac02780b398f9b17e
#21 exporting manifest sha256:cafa3ee854a5dd4a4a4d2a1dd6cf99a3fee22531d42817ef345bae0328c52b23 0.0s done
#21 exporting config sha256:a555e3d2a8fa8a90674a1e26e44f36a486108a0cc528d81e84ad8c9ee78c64ca 0.0s done
#21 exporting attestation manifest sha256:bfc9a9cad5fe2f90df925cae75e428de4ca87a011f6e41786e5e52f12ff330a8 0.1s done
#21 exporting manifest list sha256:5b94f3f5112e6b4a85b92427ee01bf255c8cb7c27b18896195d14938f1da641c
#21 exporting manifest sha256:195e9862343824ff20fec7fe3815cfd1072cc745dddbb147ddf0712937983a57 0.0s done
#21 exporting config sha256:2b79958f3117d41463e7e4b61ad561ef5b34a5663fd3a37b0faeebc152d20f29 0.0s done
#21 exporting attestation manifest sha256:e3faed7d74c2173f81eb4154633baeb6eec4aa4623bc13b99d8cb8082499bb17 0.1s done
#21 exporting manifest list sha256:5dcef8f1a32684ef3fbf5cb5f763885967404a5c4b21fbd62ec3c70f4c50cceb
#21 exporting manifest list sha256:4c6ada79edbc98a3149ae75a31fa96cb74c1514f60443ecac02780b398f9b17e 0.0s done
#21 naming to 192.168.122.110:5000/rs_ix_ix17:latest 0.0s done
#21 unpacking to 192.168.122.110:5000/rs_ix_ix17:latest 0.1s done
#21 exporting manifest list sha256:5b94f3f5112e6b4a85b92427ee01bf255c8cb7c27b18896195d14938f1da641c 0.0s done
#21 naming to 192.168.122.110:5000/rs_ix_ix43:latest done
#21 unpacking to 192.168.122.110:5000/rs_ix_ix43:latest 0.1s done
#21 exporting manifest list sha256:5dcef8f1a32684ef3fbf5cb5f763885967404a5c4b21fbd62ec3c70f4c50cceb 0.0s done
#21 naming to 192.168.122.110:5000/rs_ix_ix167:latest done
#21 unpacking to 192.168.122.110:5000/rs_ix_ix167:latest 0.1s done
#21 DONE 0.6s
#21 DONE 0.6s
#21 DONE 0.6s

#6 [12/16] RUN chmod +x /seedemu_worker
#6 CACHED

#7 [ 5/16] COPY 92872f20cfb75af4e3e1c588b00d6484 /replace_address.sh
#7 CACHED

#8 [ 8/16] COPY d18858afc6bb66ec3a19d872077acfd2 /seedemu_sniffer
#8 CACHED

#9 [14/16] COPY e01e36443f9f72c6204189260d0bd276 /ifinfo.txt
#9 CACHED

#10 [ 2/16] RUN apt-get update && apt-get install -y --no-install-recommends netcat-openbsd
#10 CACHED

#11 [ 6/16] COPY 365d27384adc9719099d1f63f2d15824 /root/.zshrc.pre
#11 CACHED

#12 [10/16] RUN chmod +x /start.sh
#12 CACHED

#13 [13/16] COPY 2b0ae038330eccd43095538618caee7d /etc/bird/bird.conf
#13 CACHED

#14 [ 4/16] RUN touch /usr/share/doc/bird2/examples/bird.conf
#14 CACHED

#15 [ 9/16] COPY 17ac2d812a99a91e7f747e1defb72a29 /seedemu_worker
#15 CACHED

#16 [ 3/16] RUN mkdir -p /usr/share/doc/bird2/examples/
#16 CACHED

#17 [ 7/16] COPY 082b96ec819c95ae773daebde675ef80 /start.sh
#17 CACHED

#18 [11/16] RUN chmod +x /seedemu_sniffer
#18 CACHED

#19 [15/16] COPY d3d51fdf7f4bad30dc5db560a01ce629 /interface_setup

#6 [13/16] COPY 2b0ae038330eccd43095538618caee7d /etc/bird/bird.conf
#6 CACHED

#7 [ 6/16] COPY 365d27384adc9719099d1f63f2d15824 /root/.zshrc.pre
#7 CACHED

#8 [10/16] RUN chmod +x /start.sh
#8 CACHED

#9 [11/16] RUN chmod +x /seedemu_sniffer
#9 CACHED

#10 [ 2/16] RUN apt-get update && apt-get install -y --no-install-recommends netcat-openbsd
#10 CACHED

#11 [ 3/16] RUN mkdir -p /usr/share/doc/bird2/examples/
#11 CACHED

#12 [ 4/16] RUN touch /usr/share/doc/bird2/examples/bird.conf
#12 CACHED

#13 [ 8/16] COPY d18858afc6bb66ec3a19d872077acfd2 /seedemu_sniffer
#13 CACHED

#14 [12/16] RUN chmod +x /seedemu_worker
#14 CACHED

#15 [14/16] COPY e01e36443f9f72c6204189260d0bd276 /ifinfo.txt
#15 CACHED

#16 [ 5/16] COPY 92872f20cfb75af4e3e1c588b00d6484 /replace_address.sh
#16 CACHED

#17 [ 9/16] COPY 17ac2d812a99a91e7f747e1defb72a29 /seedemu_worker
#17 CACHED

#18 [ 7/16] COPY 082b96ec819c95ae773daebde675ef80 /start.sh
#18 CACHED

#19 [15/16] COPY d3d51fdf7f4bad30dc5db560a01ce629 /interface_setup
#19 CACHED

#20 [16/16] COPY 8e9a384ab59c7626a3ffab63886cc30f /etc/bird/conf/kernel.conf
#19 CACHED

#20 [16/16] COPY 8e9a384ab59c7626a3ffab63886cc30f /etc/bird/conf/kernel.conf
#20 DONE 1.0s
#20 DONE 1.0s

#21 exporting to image
#21 exporting layers 0.1s done

#21 exporting to image
#21 exporting layers 0.1s done
#21 exporting manifest sha256:5aaf77c17f7d5c31c429f02aa9b7ab042a1b40f5e8c7ba93e031fdad1b68abf3 0.0s done
#21 exporting config sha256:8e6b5b0c113c7677d6e879e4958c5ab1ee2155870da9f7d4efe48c82c4c3a2a4 0.0s done
#21 exporting attestation manifest sha256:f271e6c83d5c69b43f3d032f2babc529f7f78f9c46b42bdc10963310bcc45151 0.0s done
#21 exporting manifest list sha256:c3ff13e754f94665edaa3d97e7deb979f8d9133d5666f9cb785652112f3eea9f
#21 exporting manifest sha256:f079f1ba1e55fec1a3f4b6f656c11fd787d78428db5f94b5c4ab99bead9064df 0.0s done
#21 exporting config sha256:253643ec0894c5deabfb87a7c1d0fbea5d2bfde66e8efcc908a197e52d29020a 0.0s done
#21 exporting attestation manifest sha256:41ade4e0004e05e862c5adb9202d57aaf6ef88b287e5d41ce98982affa281b61 0.0s done
#21 exporting manifest list sha256:3cdbb5c7b8b97679daf19e9298cb481dca259e1113d31a1dc204cbb73aa43568
#21 exporting manifest list sha256:3cdbb5c7b8b97679daf19e9298cb481dca259e1113d31a1dc204cbb73aa43568 0.0s done
#21 naming to 192.168.122.110:5000/rs_ix_ix83:latest done
#21 unpacking to 192.168.122.110:5000/rs_ix_ix83:latest 0.1s done
#21 DONE 0.4s
#21 exporting manifest list sha256:c3ff13e754f94665edaa3d97e7deb979f8d9133d5666f9cb785652112f3eea9f 0.0s done
#21 naming to 192.168.122.110:5000/rs_ix_ix128:latest 0.0s done
#21 unpacking to 192.168.122.110:5000/rs_ix_ix128:latest 0.1s done
#21 DONE 0.4s
Preloading images to all cluster nodes from registry...
✅ seed-k3s-worker2 preload completed
✅ seed-k3s-worker1 preload completed
✅ seed-k3s-master preload completed
✅ seed-k3s-worker3 preload completed
✅ seed-k3s-worker4 preload completed
✅ seed-k3s-worker5 preload completed
✅ seed-k3s-worker8 preload completed
✅ seed-k3s-worker7 preload completed
✅ seed-k3s-worker6 preload completed
Build completed. Log: /home/lxl/k8s/lxl/20260416_181413_214/build.log
