time="2026-04-16T10:27:21Z" level=info msg="host will try HTTPS first since it is configured for HTTP with a TLS configuration, consider changing host to HTTPS or removing unused TLS configuration" host="192.168.122.110:5000"
time="2026-04-16T10:27:21Z" level=info msg="host will try HTTPS first since it is configured for HTTP with a TLS configuration, consider changing host to HTTPS or removing unused TLS configuration" host="192.168.122.110:5000"
time="2026-04-16T10:27:21Z" level=warning msg="skip to append distribution label: label key and value length (4113 bytes) greater than maximum size (4096 bytes), key: containerd.io/distribution.source.192.168.122.110: invalid argument"
time="2026-04-16T10:27:21Z" level=warning msg="skip to append distribution label: label key and value length (4113 bytes) greater than maximum size (4096 bytes), key: containerd.io/distribution.source.192.168.122.110: invalid argument"
time="2026-04-16T10:27:21Z" level=warning msg="skip to append distribution label: label key and value length (4113 bytes) greater than maximum size (4096 bytes), key: containerd.io/distribution.source.192.168.122.110: invalid argument"
time="2026-04-16T10:27:21Z" level=warning msg="skip to append distribution label: label key and value length (4113 bytes) greater than maximum size (4096 bytes), key: containerd.io/distribution.source.192.168.122.110: invalid argument"
time="2026-04-16T10:27:21Z" level=warning msg="skip to append distribution label: label key and value length (4113 bytes) greater than maximum size (4096 bytes), key: containerd.io/distribution.source.192.168.122.110: invalid argument"
time="2026-04-16T10:27:21Z" level=warning msg="skip to append distribution label: label key and value length (4111 bytes) greater than maximum size (4096 bytes), key: containerd.io/distribution.source.192.168.122.110: invalid argument"
time="2026-04-16T10:27:21Z" level=warning msg="skip to append distribution label: label key and value length (4113 bytes) greater than maximum size (4096 bytes), key: containerd.io/distribution.source.192.168.122.110: invalid argument"
time="2026-04-16T10:27:21Z" level=warning msg="skip to append distribution label: label key and value length (4113 bytes) greater than maximum size (4096 bytes), key: containerd.io/distribution.source.192.168.122.110: invalid argument"
192.168.122.110:5000/brdnode_1277_r108:latest:                                    resolved       |[32m++++++++++++++++++++++++++++++++++++++[0m| 
index-sha256:37d9dfc582a960887ed7ecd7bd6c6f85942d694735522df195223c392d156150:    done           |[32m++++++++++++++++++++++++++++++++++++++[0m| 
manifest-sha256:86050750fde2bb6594428ace09fc8ecac20439310c546ef06e40e064ce8b9cc9: done           |[32m++++++++++++++++++++++++++++++++++++++[0m| 
layer-sha256:34608cb22405250243a5e45518fb618d0bea826f8171514b271e7e4c1bef2752:    done           |[32m++++++++++++++++++++++++++++++++++++++[0m| 
layer-sha256:8a29a47395cd3a02d8340f4325004f6ec371681754e5efa24afced2dbdd64272:    done           |[32m++++++++++++++++++++++++++++++++++++++[0m| 
config-sha256:f58be6da289c1e818e8d373ace8e653748b2e580650699781cea066892bd81cc:   done           |[32m++++++++++++++++++++++++++++++++++++++[0m| 
layer-sha256:e59b44c60b0e4bef2712435bc1a530efe229ee8e4ce5e002fab156cab513cd4b:    done           |[32m++++++++++++++++++++++++++++++++++++++[0m| 
layer-sha256:13b7e930469f6d3575a320709035c6acf6f5485a76abcf03d1b92a64c09c2476:    done           |[32m++++++++++++++++++++++++++++++++++++++[0m| 
layer-sha256:b1a8b2706032f9c0f354be0daa46f3da6643916a3373ee5d2792dd2def0151d1:    done           |[32m++++++++++++++++++++++++++++++++++++++[0m| 
layer-sha256:87d6aa59433bb6c7252a9cc5b33405af4a0083d3269706ff6a8d4b70782c1203:    done           |[32m++++++++++++++++++++++++++++++++++++++[0m| 
layer-sha256:4f4fb700ef54461cfa02571ae0db9a0dc1e0cdb5577484a6d75e68dc38e8acc1:    done           |[32m++++++++++++++++++++++++++++++++++++++[0m| 
layer-sha256:4accf72faab4ddbb011f63fff24e0656cd1cc9c9ad5293f7e7c0eaf80ed2872f:    done           |[32m++++++++++++++++++++++++++++++++++++++[0m| 
layer-sha256:3e740608074eeae180aa78f7de93f4e3f506d73c145d279e73868329fd903bd1:    done           |[32m++++++++++++++++++++++++++++++++++++++[0m| 
layer-sha256:64a5d8258ce2b42e67330b08d63621bb09cc797b102a21bad4732b2383fa04c0:    done           |[32m++++++++++++++++++++++++++++++++++++++[0m| 
layer-sha256:c954e5f88d9d9be1ed732898db6841e22d90078a4c76cf4717c4cc7edc74403e:    done           |[32m++++++++++++++++++++++++++++++++++++++[0m| 
layer-sha256:d9d427b5d7eb093dc6bef4304075fc4b5beb8162a35da32c1c6d0d2a2cbfb646:    done           |[32m++++++++++++++++++++++++++++++++++++++[0m| 
layer-sha256:b68578914f5da247b6f684c8584eac8620c0aab9d462fa0b13f6851d1d4727ea:    done           |[32m++++++++++++++++++++++++++++++++++++++[0m| 
layer-sha256:736befed58b4e1cfdde2a5d03e3369822de539bcfcc2fd867d41702b79b95544:    done           |[32m++++++++++++++++++++++++++++++++++++++[0m| 
layer-sha256:a72c6841c515ee453650aed042d45d6c880e3b101623ba3177ed4b2d93cd166d:    done           |[32m++++++++++++++++++++++++++++++++++++++[0m| 
layer-sha256:2229323296fd0788580520d9635c12357eabeefb98b33f80240f26f398fd9977:    done           |[32m++++++++++++++++++++++++++++++++++++++[0m| 
layer-sha256:9f441ad30abc48467a6b8a9cda7188811487d4620338337f923a3f1595f847ba:    done           |[32m++++++++++++++++++++++++++++++++++++++[0m| 
layer-sha256:48c63a55731a94aca37cae003a86d51ad1bf47e899bd1a6aeac76bb8688740c7:    done           |[32m++++++++++++++++++++++++++++++++++++++[0m| 
layer-sha256:ad09e7005d4d04530ebe0240ed30d3eb47f4586c32b8e9cf5432c2ab0ad56505:    done           |[32m++++++++++++++++++++++++++++++++++++++[0m| 
layer-sha256:7a854a832e188116cb1d9b5b49bd38ec6c14f9cb5f01c6a361be34100c8bc74f:    done           |[32m++++++++++++++++++++++++++++++++++++++[0m| 
layer-sha256:77b6ce9a7c581b177846a2acae3b5cb144c2933e2ffdfac3a9951095349bb61c:    done           |[32m++++++++++++++++++++++++++++++++++++++[0m| 
layer-sha256:450bb934662efe2c8c55922af96dfccb7cd62066a0861e11b9cc126c9592d6d7:    done           |[32m++++++++++++++++++++++++++++++++++++++[0m| 
elapsed: 0.1 s                                                                    total:   0.0 B (0.0 B/s)                                         
unpacking linux/amd64 sha256:37d9dfc582a960887ed7ecd7bd6c6f85942d694735522df195223c392d156150...
done: 22.235125ms	
time="2026-04-16T10:27:22Z" level=info msg="host will try HTTPS first since it is configured for HTTP with a TLS configuration, consider changing host to HTTPS or removing unused TLS configuration" host="192.168.122.110:5000"
time="2026-04-16T10:27:22Z" level=info msg="host will try HTTPS first since it is configured for HTTP with a TLS configuration, consider changing host to HTTPS or removing unused TLS configuration" host="192.168.122.110:5000"
time="2026-04-16T10:27:22Z" level=error msg="failed to get content info" error="context canceled"
192.168.122.110:5000/brdnode_1277_r10:latest:                                     resolved       |[32m++++++++++++++++++++++++++++++++++++++[0m| 
index-sha256:4cc8e89362acc624d601d00ec8ef953358aa579ba5ab8ee337bfd69d9cd7ae79:    exists         |[32m++++++++++++++++++++++++++++++++++++++[0m| 
manifest-sha256:c30319192e7e189ee41a64cf9ffd474914ee7089ee662815deca4d3cf7089d8f: exists         |[32m++++++++++++++++++++++++++++++++++++++[0m| 
layer-sha256:847e9af565020bbb2787e33bef73e0d88df780b0c465147e5a311cd5788c0d7b:    exists         |[32m++++++++++++++++++++++++++++++++++++++[0m| 
layer-sha256:64a5d8258ce2b42e67330b08d63621bb09cc797b102a21bad4732b2383fa04c0:    exists         |[32m++++++++++++++++++++++++++++++++++++++[0m| 
layer-sha256:2229323296fd0788580520d9635c12357eabeefb98b33f80240f26f398fd9977:    exists         |[32m++++++++++++++++++++++++++++++++++++++[0m| 
layer-sha256:710c8b1c9f6c911290fcce12c9ae8b34f2a6682683f66e380fae3913d3a160f8:    exists         |[32m++++++++++++++++++++++++++++++++++++++[0m| 
layer-sha256:48c63a55731a94aca37cae003a86d51ad1bf47e899bd1a6aeac76bb8688740c7:    exists         |[32m++++++++++++++++++++++++++++++++++++++[0m| 
layer-sha256:cbf84a2bd9546382fdf6eec7e372ed9c75edb650654f7573f7df0d3a330a0967:    exists         |[32m++++++++++++++++++++++++++++++++++++++[0m| 
config-sha256:01711b731391bf90c021c74abdc901ed910dd5c3a46e2169ceebc68c678771fd:   done           |[32m++++++++++++++++++++++++++++++++++++++[0m| 
layer-sha256:7a854a832e188116cb1d9b5b49bd38ec6c14f9cb5f01c6a361be34100c8bc74f:    done           |[32m++++++++++++++++++++++++++++++++++++++[0m| 
layer-sha256:0e659502f78c46ad6bf88687f26c5fb8b78e2e3da406685a26ec660549af132a:    done           |[32m++++++++++++++++++++++++++++++++++++++[0m| 
layer-sha256:d3a0d6a15e47c4f42ae316fbd58842e421732395e36aa9a0cfba7ff07d551c07:    done           |[32m++++++++++++++++++++++++++++++++++++++[0m| 
layer-sha256:9f441ad30abc48467a6b8a9cda7188811487d4620338337f923a3f1595f847ba:    done           |[32m++++++++++++++++++++++++++++++++++++++[0m| 
layer-sha256:8a29a47395cd3a02d8340f4325004f6ec371681754e5efa24afced2dbdd64272:    done           |[32m++++++++++++++++++++++++++++++++++++++[0m| 
layer-sha256:39196d065833664a33627412d3a16bbe4774924442376e3b8505f2e27c959a79:    done           |[32m++++++++++++++++++++++++++++++++++++++[0m| 
layer-sha256:b1a8b2706032f9c0f354be0daa46f3da6643916a3373ee5d2792dd2def0151d1:    done           |[32m++++++++++++++++++++++++++++++++++++++[0m| 
layer-sha256:4accf72faab4ddbb011f63fff24e0656cd1cc9c9ad5293f7e7c0eaf80ed2872f:    done           |[32m++++++++++++++++++++++++++++++++++++++[0m| 
layer-sha256:e59b44c60b0e4bef2712435bc1a530efe229ee8e4ce5e002fab156cab513cd4b:    done           |[32m++++++++++++++++++++++++++++++++++++++[0m| 
layer-sha256:46ff380a8b253880b037512f2b1f6be78db9b7edaa4b4f07f99bdd1dbe2d89bc:    done           |[32m++++++++++++++++++++++++++++++++++++++[0m| 
layer-sha256:3e740608074eeae180aa78f7de93f4e3f506d73c145d279e73868329fd903bd1:    done           |[32m++++++++++++++++++++++++++++++++++++++[0m| 
layer-sha256:34608cb22405250243a5e45518fb618d0bea826f8171514b271e7e4c1bef2752:    done           |[32m++++++++++++++++++++++++++++++++++++++[0m| 
layer-sha256:13b7e930469f6d3575a320709035c6acf6f5485a76abcf03d1b92a64c09c2476:    done           |[32m++++++++++++++++++++++++++++++++++++++[0m| 
layer-sha256:450bb934662efe2c8c55922af96dfccb7cd62066a0861e11b9cc126c9592d6d7:    done           |[32m++++++++++++++++++++++++++++++++++++++[0m| 
layer-sha256:4f4fb700ef54461cfa02571ae0db9a0dc1e0cdb5577484a6d75e68dc38e8acc1:    done           |[32m++++++++++++++++++++++++++++++++++++++[0m| 
layer-sha256:c954e5f88d9d9be1ed732898db6841e22d90078a4c76cf4717c4cc7edc74403e:    done           |[32m++++++++++++++++++++++++++++++++++++++[0m| 
elapsed: 0.2 s                                                                    total:   0.0 B (0.0 B/s)                                         
unpacking linux/amd64 sha256:4cc8e89362acc624d601d00ec8ef953358aa579ba5ab8ee337bfd69d9cd7ae79...
done: 19.787636ms	
time="2026-04-16T10:27:23Z" level=info msg="host will try HTTPS first since it is configured for HTTP with a TLS configuration, consider changing host to HTTPS or removing unused TLS configuration" host="192.168.122.110:5000"
time="2026-04-16T10:27:23Z" level=info msg="host will try HTTPS first since it is configured for HTTP with a TLS configuration, consider changing host to HTTPS or removing unused TLS configuration" host="192.168.122.110:5000"
time="2026-04-16T10:27:23Z" level=warning msg="skip to append distribution label: label key and value length (4113 bytes) greater than maximum size (4096 bytes), key: containerd.io/distribution.source.192.168.122.110: invalid argument"
time="2026-04-16T10:27:23Z" level=warning msg="skip to append distribution label: label key and value length (4113 bytes) greater than maximum size (4096 bytes), key: containerd.io/distribution.source.192.168.122.110: invalid argument"
time="2026-04-16T10:27:23Z" level=warning msg="skip to append distribution label: label key and value length (4113 bytes) greater than maximum size (4096 bytes), key: containerd.io/distribution.source.192.168.122.110: invalid argument"
time="2026-04-16T10:27:23Z" level=warning msg="skip to append distribution label: label key and value length (4113 bytes) greater than maximum size (4096 bytes), key: containerd.io/distribution.source.192.168.122.110: invalid argument"
time="2026-04-16T10:27:23Z" level=warning msg="skip to append distribution label: label key and value length (4113 bytes) greater than maximum size (4096 bytes), key: containerd.io/distribution.source.192.168.122.110: invalid argument"
time="2026-04-16T10:27:23Z" level=warning msg="skip to append distribution label: label key and value length (4111 bytes) greater than maximum size (4096 bytes), key: containerd.io/distribution.source.192.168.122.110: invalid argument"
time="2026-04-16T10:27:23Z" level=warning msg="skip to append distribution label: label key and value length (4113 bytes) greater than maximum size (4096 bytes), key: containerd.io/distribution.source.192.168.122.110: invalid argument"
time="2026-04-16T10:27:23Z" level=warning msg="skip to append distribution label: label key and value length (4113 bytes) greater than maximum size (4096 bytes), key: containerd.io/distribution.source.192.168.122.110: invalid argument"
192.168.122.110:5000/brdnode_1277_r113:latest:                                    resolved       |[32m++++++++++++++++++++++++++++++++++++++[0m| 
index-sha256:57875ea298d131b1ef7d391461f646be33bf78ac601832860438bbef920b82ae:    done           |[32m++++++++++++++++++++++++++++++++++++++[0m| 
manifest-sha256:fe03186048f39595ce9313291bd01e771a15ae76faab53e24ce632292eb1a4eb: done           |[32m++++++++++++++++++++++++++++++++++++++[0m| 
layer-sha256:13b7e930469f6d3575a320709035c6acf6f5485a76abcf03d1b92a64c09c2476:    done           |[32m++++++++++++++++++++++++++++++++++++++[0m| 
config-sha256:dc5286baa947882f73af972d8cdadc3344e393a1945c79df5b3415a19340ff92:   done           |[32m++++++++++++++++++++++++++++++++++++++[0m| 
layer-sha256:63b6cb5a6a623551b5e3b6cd55cb89263f23c61aed37a00affaff66bea5c9a2c:    done           |[32m++++++++++++++++++++++++++++++++++++++[0m| 
layer-sha256:f9391a6afdf6b8e5269300f0674598ff297b658c141efecae9cdb9b54672d74d:    done           |[32m++++++++++++++++++++++++++++++++++++++[0m| 
layer-sha256:34608cb22405250243a5e45518fb618d0bea826f8171514b271e7e4c1bef2752:    done           |[32m++++++++++++++++++++++++++++++++++++++[0m| 
layer-sha256:106739b79a5a0fcc529ebcda19dbf5f174b62bf0a6a79345b222139b6adcaef3:    done           |[32m++++++++++++++++++++++++++++++++++++++[0m| 
layer-sha256:2229323296fd0788580520d9635c12357eabeefb98b33f80240f26f398fd9977:    done           |[32m++++++++++++++++++++++++++++++++++++++[0m| 
layer-sha256:450bb934662efe2c8c55922af96dfccb7cd62066a0861e11b9cc126c9592d6d7:    done           |[32m++++++++++++++++++++++++++++++++++++++[0m| 
layer-sha256:e59b44c60b0e4bef2712435bc1a530efe229ee8e4ce5e002fab156cab513cd4b:    done           |[32m++++++++++++++++++++++++++++++++++++++[0m| 
layer-sha256:b1a8b2706032f9c0f354be0daa46f3da6643916a3373ee5d2792dd2def0151d1:    done           |[32m++++++++++++++++++++++++++++++++++++++[0m| 
layer-sha256:7a854a832e188116cb1d9b5b49bd38ec6c14f9cb5f01c6a361be34100c8bc74f:    done           |[32m++++++++++++++++++++++++++++++++++++++[0m| 
layer-sha256:4f4fb700ef54461cfa02571ae0db9a0dc1e0cdb5577484a6d75e68dc38e8acc1:    done           |[32m++++++++++++++++++++++++++++++++++++++[0m| 
layer-sha256:64a5d8258ce2b42e67330b08d63621bb09cc797b102a21bad4732b2383fa04c0:    done           |[32m++++++++++++++++++++++++++++++++++++++[0m| 
layer-sha256:c954e5f88d9d9be1ed732898db6841e22d90078a4c76cf4717c4cc7edc74403e:    done           |[32m++++++++++++++++++++++++++++++++++++++[0m| 
layer-sha256:48c63a55731a94aca37cae003a86d51ad1bf47e899bd1a6aeac76bb8688740c7:    done           |[32m++++++++++++++++++++++++++++++++++++++[0m| 
layer-sha256:d505f1fcf1ee8abb7fc62310f6cf29952319bbbee51105771c874b4b22d51dfe:    done           |[32m++++++++++++++++++++++++++++++++++++++[0m| 
layer-sha256:bf70d370793dd0e6a3724c25d1a95a9af6fd1606262684f372e1edfe5389a8e3:    done           |[32m++++++++++++++++++++++++++++++++++++++[0m| 
layer-sha256:3e740608074eeae180aa78f7de93f4e3f506d73c145d279e73868329fd903bd1:    done           |[32m++++++++++++++++++++++++++++++++++++++[0m| 
layer-sha256:8a29a47395cd3a02d8340f4325004f6ec371681754e5efa24afced2dbdd64272:    done           |[32m++++++++++++++++++++++++++++++++++++++[0m| 
layer-sha256:9f441ad30abc48467a6b8a9cda7188811487d4620338337f923a3f1595f847ba:    done           |[32m++++++++++++++++++++++++++++++++++++++[0m| 
layer-sha256:4accf72faab4ddbb011f63fff24e0656cd1cc9c9ad5293f7e7c0eaf80ed2872f:    done           |[32m++++++++++++++++++++++++++++++++++++++[0m| 
layer-sha256:bc3df2758d5154c5f43f314354eea8c8534b26bd6fa24b3d9df3185ac8fd8e68:    done           |[32m++++++++++++++++++++++++++++++++++++++[0m| 
layer-sha256:741976c3d075983d5835d68826c6726c1c2fd183ed0ed04bbbe4d18017c9eac9:    done           |[32m++++++++++++++++++++++++++++++++++++++[0m| 
elapsed: 0.1 s                                                                    total:   0.0 B (0.0 B/s)                                         
unpacking linux/amd64 sha256:57875ea298d131b1ef7d391461f646be33bf78ac601832860438bbef920b82ae...
done: 19.766118ms	
time="2026-04-16T10:27:23Z" level=info msg="host will try HTTPS first since it is configured for HTTP with a TLS configuration, consider changing host to HTTPS or removing unused TLS configuration" host="192.168.122.110:5000"
time="2026-04-16T10:27:23Z" level=info msg="host will try HTTPS first since it is configured for HTTP with a TLS configuration, consider changing host to HTTPS or removing unused TLS configuration" host="192.168.122.110:5000"
time="2026-04-16T10:27:23Z" level=warning msg="skip to append distribution label: label key and value length (4113 bytes) greater than maximum size (4096 bytes), key: containerd.io/distribution.source.192.168.122.110: invalid argument"
time="2026-04-16T10:27:23Z" level=warning msg="skip to append distribution label: label key and value length (4113 bytes) greater than maximum size (4096 bytes), key: containerd.io/distribution.source.192.168.122.110: invalid argument"
time="2026-04-16T10:27:23Z" level=warning msg="skip to append distribution label: label key and value length (4113 bytes) greater than maximum size (4096 bytes), key: containerd.io/distribution.source.192.168.122.110: invalid argument"
time="2026-04-16T10:27:23Z" level=warning msg="skip to append distribution label: label key and value length (4113 bytes) greater than maximum size (4096 bytes), key: containerd.io/distribution.source.192.168.122.110: invalid argument"
time="2026-04-16T10:27:23Z" level=warning msg="skip to append distribution label: label key and value length (4111 bytes) greater than maximum size (4096 bytes), key: containerd.io/distribution.source.192.168.122.110: invalid argument"
time="2026-04-16T10:27:23Z" level=warning msg="skip to append distribution label: label key and value length (4113 bytes) greater than maximum size (4096 bytes), key: containerd.io/distribution.source.192.168.122.110: invalid argument"
time="2026-04-16T10:27:23Z" level=warning msg="skip to append distribution label: label key and value length (4113 bytes) greater than maximum size (4096 bytes), key: containerd.io/distribution.source.192.168.122.110: invalid argument"
time="2026-04-16T10:27:23Z" level=warning msg="skip to append distribution label: label key and value length (4113 bytes) greater than maximum size (4096 bytes), key: containerd.io/distribution.source.192.168.122.110: invalid argument"
192.168.122.110:5000/brdnode_1277_r122:latest:                                    resolved       |[32m++++++++++++++++++++++++++++++++++++++[0m| 
index-sha256:4cb6c1665f40d094c8b7bb417bd2dd4d3de06c13a7debd8fcd8ca6d1f5b33df3:    done           |[32m++++++++++++++++++++++++++++++++++++++[0m| 
manifest-sha256:ec75ba1fc13a4404e629eb0c1d7ef2f176d47209d2fcb6217fddaab7784793ca: done           |[32m++++++++++++++++++++++++++++++++++++++[0m| 
layer-sha256:13b7e930469f6d3575a320709035c6acf6f5485a76abcf03d1b92a64c09c2476:    done           |[32m++++++++++++++++++++++++++++++++++++++[0m| 
config-sha256:603c5ba575d2d71b9accca85c8e1ccc7c9d9f3e7b378b19648c7a919fe4c84da:   done           |[32m++++++++++++++++++++++++++++++++++++++[0m| 
layer-sha256:9d144b57713a1cbde9ed4fcbf3a8c22933d2cb076b7d528d39dfe44d598ac46a:    done           |[32m++++++++++++++++++++++++++++++++++++++[0m| 
layer-sha256:9b042e8b54050564db036ddd6b7edf5b32722a0d4839e42e9823cec8c8dc7399:    done           |[32m++++++++++++++++++++++++++++++++++++++[0m| 
layer-sha256:9f441ad30abc48467a6b8a9cda7188811487d4620338337f923a3f1595f847ba:    done           |[32m++++++++++++++++++++++++++++++++++++++[0m| 
layer-sha256:34608cb22405250243a5e45518fb618d0bea826f8171514b271e7e4c1bef2752:    done           |[32m++++++++++++++++++++++++++++++++++++++[0m| 
layer-sha256:3e740608074eeae180aa78f7de93f4e3f506d73c145d279e73868329fd903bd1:    done           |[32m++++++++++++++++++++++++++++++++++++++[0m| 
layer-sha256:450bb934662efe2c8c55922af96dfccb7cd62066a0861e11b9cc126c9592d6d7:    done           |[32m++++++++++++++++++++++++++++++++++++++[0m| 
layer-sha256:7a854a832e188116cb1d9b5b49bd38ec6c14f9cb5f01c6a361be34100c8bc74f:    done           |[32m++++++++++++++++++++++++++++++++++++++[0m| 
layer-sha256:a7a21e40f9b76c21e104629f293137c7cadf32a0369ad89b258822570544d03a:    done           |[32m++++++++++++++++++++++++++++++++++++++[0m| 
layer-sha256:b1a8b2706032f9c0f354be0daa46f3da6643916a3373ee5d2792dd2def0151d1:    done           |[32m++++++++++++++++++++++++++++++++++++++[0m| 
layer-sha256:48c63a55731a94aca37cae003a86d51ad1bf47e899bd1a6aeac76bb8688740c7:    done           |[32m++++++++++++++++++++++++++++++++++++++[0m| 
layer-sha256:64a5d8258ce2b42e67330b08d63621bb09cc797b102a21bad4732b2383fa04c0:    done           |[32m++++++++++++++++++++++++++++++++++++++[0m| 
layer-sha256:e45223005ada52960bb30b2cebdf0aba7268f3c732c0c347b35cf2c9ed48a10f:    done           |[32m++++++++++++++++++++++++++++++++++++++[0m| 
layer-sha256:dbb061d9b3d4eda8cb868815b43b21873547e39ce403bcbffaf79d6a0e0f8905:    done           |[32m++++++++++++++++++++++++++++++++++++++[0m| 
layer-sha256:a37f0316a2f6defc3a740c72ec1632bad4c4a47d02703d030da397d8018cce3a:    done           |[32m++++++++++++++++++++++++++++++++++++++[0m| 
layer-sha256:4f4fb700ef54461cfa02571ae0db9a0dc1e0cdb5577484a6d75e68dc38e8acc1:    done           |[32m++++++++++++++++++++++++++++++++++++++[0m| 
layer-sha256:e59b44c60b0e4bef2712435bc1a530efe229ee8e4ce5e002fab156cab513cd4b:    done           |[32m++++++++++++++++++++++++++++++++++++++[0m| 
layer-sha256:2229323296fd0788580520d9635c12357eabeefb98b33f80240f26f398fd9977:    done           |[32m++++++++++++++++++++++++++++++++++++++[0m| 
layer-sha256:4accf72faab4ddbb011f63fff24e0656cd1cc9c9ad5293f7e7c0eaf80ed2872f:    done           |[32m++++++++++++++++++++++++++++++++++++++[0m| 
layer-sha256:c954e5f88d9d9be1ed732898db6841e22d90078a4c76cf4717c4cc7edc74403e:    done           |[32m++++++++++++++++++++++++++++++++++++++[0m| 
layer-sha256:8a29a47395cd3a02d8340f4325004f6ec371681754e5efa24afced2dbdd64272:    done           |[32m++++++++++++++++++++++++++++++++++++++[0m| 
layer-sha256:bc3df2758d5154c5f43f314354eea8c8534b26bd6fa24b3d9df3185ac8fd8e68:    done           |[32m++++++++++++++++++++++++++++++++++++++[0m| 
elapsed: 0.1 s                                                                    total:   0.0 B (0.0 B/s)                                         
unpacking linux/amd64 sha256:4cb6c1665f40d094c8b7bb417bd2dd4d3de06c13a7debd8fcd8ca6d1f5b33df3...
done: 21.04731ms	
time="2026-04-16T10:27:24Z" level=info msg="host will try HTTPS first since it is configured for HTTP with a TLS configuration, consider changing host to HTTPS or removing unused TLS configuration" host="192.168.122.110:5000"
time="2026-04-16T10:27:24Z" level=info msg="host will try HTTPS first since it is configured for HTTP with a TLS configuration, consider changing host to HTTPS or removing unused TLS configuration" host="192.168.122.110:5000"
time="2026-04-16T10:27:24Z" level=warning msg="skip to append distribution label: label key and value length (4113 bytes) greater than maximum size (4096 bytes), key: containerd.io/distribution.source.192.168.122.110: invalid argument"
time="2026-04-16T10:27:24Z" level=warning msg="skip to append distribution label: label key and value length (4113 bytes) greater than maximum size (4096 bytes), key: containerd.io/distribution.source.192.168.122.110: invalid argument"
time="2026-04-16T10:27:24Z" level=warning msg="skip to append distribution label: label key and value length (4113 bytes) greater than maximum size (4096 bytes), key: containerd.io/distribution.source.192.168.122.110: invalid argument"
time="2026-04-16T10:27:24Z" level=warning msg="skip to append distribution label: label key and value length (4113 bytes) greater than maximum size (4096 bytes), key: containerd.io/distribution.source.192.168.122.110: invalid argument"
time="2026-04-16T10:27:24Z" level=warning msg="skip to append distribution label: label key and value length (4113 bytes) greater than maximum size (4096 bytes), key: containerd.io/distribution.source.192.168.122.110: invalid argument"
time="2026-04-16T10:27:24Z" level=warning msg="skip to append distribution label: label key and value length (4113 bytes) greater than maximum size (4096 bytes), key: containerd.io/distribution.source.192.168.122.110: invalid argument"
time="2026-04-16T10:27:24Z" level=warning msg="skip to append distribution label: label key and value length (4113 bytes) greater than maximum size (4096 bytes), key: containerd.io/distribution.source.192.168.122.110: invalid argument"
time="2026-04-16T10:27:24Z" level=warning msg="skip to append distribution label: label key and value length (4111 bytes) greater than maximum size (4096 bytes), key: containerd.io/distribution.source.192.168.122.110: invalid argument"
192.168.122.110:5000/brdnode_1277_r125:latest:                                    resolved       |[32m++++++++++++++++++++++++++++++++++++++[0m| 
index-sha256:bac921e75a5fc8f8006b678612c08420c3742d418de0251a320da91f13ea94b9:    done           |[32m++++++++++++++++++++++++++++++++++++++[0m| 
manifest-sha256:ff18a29f5dc7c95b515cc1afcb55e183bdb449ad539be682a99f4ada93ea8f9b: done           |[32m++++++++++++++++++++++++++++++++++++++[0m| 
layer-sha256:13b7e930469f6d3575a320709035c6acf6f5485a76abcf03d1b92a64c09c2476:    done           |[32m++++++++++++++++++++++++++++++++++++++[0m| 
layer-sha256:53c26ad51d6bac3817de7903cfdefcac8e128d5e55cdc8c0c32d6c2409f82dd4:    done           |[32m++++++++++++++++++++++++++++++++++++++[0m| 
layer-sha256:450bb934662efe2c8c55922af96dfccb7cd62066a0861e11b9cc126c9592d6d7:    done           |[32m++++++++++++++++++++++++++++++++++++++[0m| 
config-sha256:60b883e2314125ed5af74c30539150a7ccbd52d80959f2d6ae2afed9315677ce:   done           |[32m++++++++++++++++++++++++++++++++++++++[0m| 
layer-sha256:34608cb22405250243a5e45518fb618d0bea826f8171514b271e7e4c1bef2752:    done           |[32m++++++++++++++++++++++++++++++++++++++[0m| 
layer-sha256:bc3df2758d5154c5f43f314354eea8c8534b26bd6fa24b3d9df3185ac8fd8e68:    done           |[32m++++++++++++++++++++++++++++++++++++++[0m| 
layer-sha256:7a854a832e188116cb1d9b5b49bd38ec6c14f9cb5f01c6a361be34100c8bc74f:    done           |[32m++++++++++++++++++++++++++++++++++++++[0m| 
layer-sha256:c954e5f88d9d9be1ed732898db6841e22d90078a4c76cf4717c4cc7edc74403e:    done           |[32m++++++++++++++++++++++++++++++++++++++[0m| 
layer-sha256:9f441ad30abc48467a6b8a9cda7188811487d4620338337f923a3f1595f847ba:    done           |[32m++++++++++++++++++++++++++++++++++++++[0m| 
layer-sha256:2229323296fd0788580520d9635c12357eabeefb98b33f80240f26f398fd9977:    done           |[32m++++++++++++++++++++++++++++++++++++++[0m| 
layer-sha256:4accf72faab4ddbb011f63fff24e0656cd1cc9c9ad5293f7e7c0eaf80ed2872f:    done           |[32m++++++++++++++++++++++++++++++++++++++[0m| 
layer-sha256:8a29a47395cd3a02d8340f4325004f6ec371681754e5efa24afced2dbdd64272:    done           |[32m++++++++++++++++++++++++++++++++++++++[0m| 
layer-sha256:cd6af53c0588f65e90b420fe446698edeb4d078ed33e48c0cdbcb877ec9e85b7:    done           |[32m++++++++++++++++++++++++++++++++++++++[0m| 
layer-sha256:44e6103f7397c1e8f1a9416a117cdd64dae66156d4265595dab3760709c2b8b5:    done           |[32m++++++++++++++++++++++++++++++++++++++[0m| 
layer-sha256:e59b44c60b0e4bef2712435bc1a530efe229ee8e4ce5e002fab156cab513cd4b:    done           |[32m++++++++++++++++++++++++++++++++++++++[0m| 
layer-sha256:b1a8b2706032f9c0f354be0daa46f3da6643916a3373ee5d2792dd2def0151d1:    done           |[32m++++++++++++++++++++++++++++++++++++++[0m| 
layer-sha256:48c63a55731a94aca37cae003a86d51ad1bf47e899bd1a6aeac76bb8688740c7:    done           |[32m++++++++++++++++++++++++++++++++++++++[0m| 
layer-sha256:64a5d8258ce2b42e67330b08d63621bb09cc797b102a21bad4732b2383fa04c0:    done           |[32m++++++++++++++++++++++++++++++++++++++[0m| 
layer-sha256:74fc87d28e98d7c026b13f91c151a6a44e68a7f33c64286230da72ce50b5cbd5:    done           |[32m++++++++++++++++++++++++++++++++++++++[0m| 
layer-sha256:3e740608074eeae180aa78f7de93f4e3f506d73c145d279e73868329fd903bd1:    done           |[32m++++++++++++++++++++++++++++++++++++++[0m| 
layer-sha256:4f4fb700ef54461cfa02571ae0db9a0dc1e0cdb5577484a6d75e68dc38e8acc1:    done           |[32m++++++++++++++++++++++++++++++++++++++[0m| 
layer-sha256:660cf8ac433f751e9d76255988fde1886a48668ee1ab3a93d978824f3eba79fb:    done           |[32m++++++++++++++++++++++++++++++++++++++[0m| 
layer-sha256:38a2063e48fd0d63e5ddccae6bce6991dbea3bc87ca1700bbcbeed3f1387a426:    done           |[32m++++++++++++++++++++++++++++++++++++++[0m| 
elapsed: 0.1 s                                                                    total:   0.0 B (0.0 B/s)                                         
unpacking linux/amd64 sha256:bac921e75a5fc8f8006b678612c08420c3742d418de0251a320da91f13ea94b9...
done: 17.010839ms	
time="2026-04-16T10:27:25Z" level=info msg="host will try HTTPS first since it is configured for HTTP with a TLS configuration, consider changing host to HTTPS or removing unused TLS configuration" host="192.168.122.110:5000"
time="2026-04-16T10:27:25Z" level=info msg="host will try HTTPS first since it is configured for HTTP with a TLS configuration, consider changing host to HTTPS or removing unused TLS configuration" host="192.168.122.110:5000"
time="2026-04-16T10:27:25Z" level=warning msg="skip to append distribution label: label key and value length (4113 bytes) greater than maximum size (4096 bytes), key: containerd.io/distribution.source.192.168.122.110: invalid argument"
time="2026-04-16T10:27:25Z" level=warning msg="skip to append distribution label: label key and value length (4113 bytes) greater than maximum size (4096 bytes), key: containerd.io/distribution.source.192.168.122.110: invalid argument"
time="2026-04-16T10:27:25Z" level=warning msg="skip to append distribution label: label key and value length (4113 bytes) greater than maximum size (4096 bytes), key: containerd.io/distribution.source.192.168.122.110: invalid argument"
time="2026-04-16T10:27:25Z" level=warning msg="skip to append distribution label: label key and value length (4113 bytes) greater than maximum size (4096 bytes), key: containerd.io/distribution.source.192.168.122.110: invalid argument"
time="2026-04-16T10:27:25Z" level=warning msg="skip to append distribution label: label key and value length (4111 bytes) greater than maximum size (4096 bytes), key: containerd.io/distribution.source.192.168.122.110: invalid argument"
time="2026-04-16T10:27:25Z" level=warning msg="skip to append distribution label: label key and value length (4113 bytes) greater than maximum size (4096 bytes), key: containerd.io/distribution.source.192.168.122.110: invalid argument"
time="2026-04-16T10:27:25Z" level=warning msg="skip to append distribution label: label key and value length (4113 bytes) greater than maximum size (4096 bytes), key: containerd.io/distribution.source.192.168.122.110: invalid argument"
time="2026-04-16T10:27:25Z" level=warning msg="skip to append distribution label: label key and value length (4113 bytes) greater than maximum size (4096 bytes), key: containerd.io/distribution.source.192.168.122.110: invalid argument"
192.168.122.110:5000/brdnode_1277_r126:latest:                                    resolved       |[32m++++++++++++++++++++++++++++++++++++++[0m| 
index-sha256:75570e1ec865bce6d415c3e789cdc056c221d17736bdce24fe435d289fe7ddbb:    done           |[32m++++++++++++++++++++++++++++++++++++++[0m| 
manifest-sha256:cddbfffc6af0e61aff500c414d76771fa2dea53b77db795e0eff5ed8bc64e259: done           |[32m++++++++++++++++++++++++++++++++++++++[0m| 
layer-sha256:2411d0a3e510fd60de7e3dfe27e09febbc40418f39d5aaef0b61a5ea3a58440f:    done           |[32m++++++++++++++++++++++++++++++++++++++[0m| 
layer-sha256:8a29a47395cd3a02d8340f4325004f6ec371681754e5efa24afced2dbdd64272:    done           |[32m++++++++++++++++++++++++++++++++++++++[0m| 
config-sha256:411963ca9a559bea665e18b0df7bbc96355fdf83eb7bcbf1d26af4cc2d3eefdd:   done           |[32m++++++++++++++++++++++++++++++++++++++[0m| 
layer-sha256:450bb934662efe2c8c55922af96dfccb7cd62066a0861e11b9cc126c9592d6d7:    done           |[32m++++++++++++++++++++++++++++++++++++++[0m| 
layer-sha256:c954e5f88d9d9be1ed732898db6841e22d90078a4c76cf4717c4cc7edc74403e:    done           |[32m++++++++++++++++++++++++++++++++++++++[0m| 
layer-sha256:e59b44c60b0e4bef2712435bc1a530efe229ee8e4ce5e002fab156cab513cd4b:    done           |[32m++++++++++++++++++++++++++++++++++++++[0m| 
layer-sha256:4accf72faab4ddbb011f63fff24e0656cd1cc9c9ad5293f7e7c0eaf80ed2872f:    done           |[32m++++++++++++++++++++++++++++++++++++++[0m| 
layer-sha256:34608cb22405250243a5e45518fb618d0bea826f8171514b271e7e4c1bef2752:    done           |[32m++++++++++++++++++++++++++++++++++++++[0m| 
layer-sha256:b1a8b2706032f9c0f354be0daa46f3da6643916a3373ee5d2792dd2def0151d1:    done           |[32m++++++++++++++++++++++++++++++++++++++[0m| 
layer-sha256:13b7e930469f6d3575a320709035c6acf6f5485a76abcf03d1b92a64c09c2476:    done           |[32m++++++++++++++++++++++++++++++++++++++[0m| 
layer-sha256:c4ed0cc33814d8bdfae8b9e91c9f25bd2a54828efcd30e2ae0b89ab9f488dece:    done           |[32m++++++++++++++++++++++++++++++++++++++[0m| 
layer-sha256:20e8e21cf11e7f27772ebd66ccaae2d5f6bdc5d07624cab580690fe648bfde17:    done           |[32m++++++++++++++++++++++++++++++++++++++[0m| 
layer-sha256:1067a02c826899d0454568ecab240a57b7e6f3b6863cbc8ce07c43f1ec42ec33:    done           |[32m++++++++++++++++++++++++++++++++++++++[0m| 
layer-sha256:2d018c993840236f04c57cd85f476e3a0866bb780f99abaea37720d34fcde81e:    done           |[32m++++++++++++++++++++++++++++++++++++++[0m| 
layer-sha256:4f4fb700ef54461cfa02571ae0db9a0dc1e0cdb5577484a6d75e68dc38e8acc1:    done           |[32m++++++++++++++++++++++++++++++++++++++[0m| 
layer-sha256:3e740608074eeae180aa78f7de93f4e3f506d73c145d279e73868329fd903bd1:    done           |[32m++++++++++++++++++++++++++++++++++++++[0m| 
layer-sha256:501c2c174ad0b1c6d1b32b4caee5e2fc913d206e1f2e3bbb529dd2709adddf17:    done           |[32m++++++++++++++++++++++++++++++++++++++[0m| 
layer-sha256:48c63a55731a94aca37cae003a86d51ad1bf47e899bd1a6aeac76bb8688740c7:    done           |[32m++++++++++++++++++++++++++++++++++++++[0m| 
layer-sha256:9f441ad30abc48467a6b8a9cda7188811487d4620338337f923a3f1595f847ba:    done           |[32m++++++++++++++++++++++++++++++++++++++[0m| 
layer-sha256:64a5d8258ce2b42e67330b08d63621bb09cc797b102a21bad4732b2383fa04c0:    done           |[32m++++++++++++++++++++++++++++++++++++++[0m| 
layer-sha256:95ef36d052921a25df3db792f8ba26648732008f0fdd6a3669c4151eb4bb9ed2:    done           |[32m++++++++++++++++++++++++++++++++++++++[0m| 
layer-sha256:2229323296fd0788580520d9635c12357eabeefb98b33f80240f26f398fd9977:    done           |[32m++++++++++++++++++++++++++++++++++++++[0m| 
layer-sha256:7a854a832e188116cb1d9b5b49bd38ec6c14f9cb5f01c6a361be34100c8bc74f:    done           |[32m++++++++++++++++++++++++++++++++++++++[0m| 
elapsed: 0.1 s                                                                    total:   0.0 B (0.0 B/s)                                         
unpacking linux/amd64 sha256:75570e1ec865bce6d415c3e789cdc056c221d17736bdce24fe435d289fe7ddbb...
done: 21.546212ms	
time="2026-04-16T10:27:26Z" level=info msg="host will try HTTPS first since it is configured for HTTP with a TLS configuration, consider changing host to HTTPS or removing unused TLS configuration" host="192.168.122.110:5000"
time="2026-04-16T10:27:26Z" level=info msg="host will try HTTPS first since it is configured for HTTP with a TLS configuration, consider changing host to HTTPS or removing unused TLS configuration" host="192.168.122.110:5000"
time="2026-04-16T10:27:26Z" level=warning msg="skip to append distribution label: label key and value length (4111 bytes) greater than maximum size (4096 bytes), key: containerd.io/distribution.source.192.168.122.110: invalid argument"
time="2026-04-16T10:27:26Z" level=warning msg="skip to append distribution label: label key and value length (4113 bytes) greater than maximum size (4096 bytes), key: containerd.io/distribution.source.192.168.122.110: invalid argument"
time="2026-04-16T10:27:26Z" level=warning msg="skip to append distribution label: label key and value length (4113 bytes) greater than maximum size (4096 bytes), key: containerd.io/distribution.source.192.168.122.110: invalid argument"
time="2026-04-16T10:27:26Z" level=warning msg="skip to append distribution label: label key and value length (4113 bytes) greater than maximum size (4096 bytes), key: containerd.io/distribution.source.192.168.122.110: invalid argument"
time="2026-04-16T10:27:26Z" level=warning msg="skip to append distribution label: label key and value length (4113 bytes) greater than maximum size (4096 bytes), key: containerd.io/distribution.source.192.168.122.110: invalid argument"
time="2026-04-16T10:27:26Z" level=warning msg="skip to append distribution label: label key and value length (4113 bytes) greater than maximum size (4096 bytes), key: containerd.io/distribution.source.192.168.122.110: invalid argument"
time="2026-04-16T10:27:26Z" level=warning msg="skip to append distribution label: label key and value length (4113 bytes) greater than maximum size (4096 bytes), key: containerd.io/distribution.source.192.168.122.110: invalid argument"
time="2026-04-16T10:27:26Z" level=warning msg="skip to append distribution label: label key and value length (4113 bytes) greater than maximum size (4096 bytes), key: containerd.io/distribution.source.192.168.122.110: invalid argument"
192.168.122.110:5000/brdnode_1277_r127:latest:                                    resolved       |[32m++++++++++++++++++++++++++++++++++++++[0m| 
index-sha256:ded3295955b687baa8ffe350d94cd3b7a299dd0b7e7bd0dbac5cc4e6b9f340c8:    done           |[32m++++++++++++++++++++++++++++++++++++++[0m| 
manifest-sha256:aaa5f723a7c8a8cf35d60038e03d7248f3e5998c0890a93b7f30c27b89600166: done           |[32m++++++++++++++++++++++++++++++++++++++[0m| 
layer-sha256:d432f9bcaf8b9fc9bbbe17ed59050dad990595df1ae21cbc2b61d91a5cbc736d:    done           |[32m++++++++++++++++++++++++++++++++++++++[0m| 
layer-sha256:4dd5a6e9c8eafefaf5badc907b0d30e407a488188ab9aebc014d8d2b668a617b:    done           |[32m++++++++++++++++++++++++++++++++++++++[0m| 
layer-sha256:64a5d8258ce2b42e67330b08d63621bb09cc797b102a21bad4732b2383fa04c0:    done           |[32m++++++++++++++++++++++++++++++++++++++[0m| 
layer-sha256:e75f431ec08f41142de05fe636e5d4ea5d716b5b90c1f9c261d06fecd837a73d:    done           |[32m++++++++++++++++++++++++++++++++++++++[0m| 
layer-sha256:7a854a832e188116cb1d9b5b49bd38ec6c14f9cb5f01c6a361be34100c8bc74f:    done           |[32m++++++++++++++++++++++++++++++++++++++[0m| 
layer-sha256:a3183bb7ce3b586f0fcf83d092b003c459cd13142f81ea4f5cc292f7baba7ba8:    done           |[32m++++++++++++++++++++++++++++++++++++++[0m| 
layer-sha256:0c8188be58954f72d204221216b1939d1beb7a354bfef7fd740ebf7619887d03:    done           |[32m++++++++++++++++++++++++++++++++++++++[0m| 
layer-sha256:2229323296fd0788580520d9635c12357eabeefb98b33f80240f26f398fd9977:    done           |[32m++++++++++++++++++++++++++++++++++++++[0m| 
layer-sha256:48c63a55731a94aca37cae003a86d51ad1bf47e899bd1a6aeac76bb8688740c7:    done           |[32m++++++++++++++++++++++++++++++++++++++[0m| 
config-sha256:00b2bfca411658d5134ca16d762b63084cee02269be2f7f21270c0283cbd801e:   done           |[32m++++++++++++++++++++++++++++++++++++++[0m| 
layer-sha256:4accf72faab4ddbb011f63fff24e0656cd1cc9c9ad5293f7e7c0eaf80ed2872f:    done           |[32m++++++++++++++++++++++++++++++++++++++[0m| 
layer-sha256:450bb934662efe2c8c55922af96dfccb7cd62066a0861e11b9cc126c9592d6d7:    done           |[32m++++++++++++++++++++++++++++++++++++++[0m| 
layer-sha256:8a29a47395cd3a02d8340f4325004f6ec371681754e5efa24afced2dbdd64272:    done           |[32m++++++++++++++++++++++++++++++++++++++[0m| 
layer-sha256:c954e5f88d9d9be1ed732898db6841e22d90078a4c76cf4717c4cc7edc74403e:    done           |[32m++++++++++++++++++++++++++++++++++++++[0m| 
layer-sha256:3e740608074eeae180aa78f7de93f4e3f506d73c145d279e73868329fd903bd1:    done           |[32m++++++++++++++++++++++++++++++++++++++[0m| 
layer-sha256:3c2d31f1a60ce1e4e164ebc142a4550b88a42af4329ef4ea9bed596fe13f1b62:    done           |[32m++++++++++++++++++++++++++++++++++++++[0m| 
layer-sha256:b1a8b2706032f9c0f354be0daa46f3da6643916a3373ee5d2792dd2def0151d1:    done           |[32m++++++++++++++++++++++++++++++++++++++[0m| 
layer-sha256:4f4fb700ef54461cfa02571ae0db9a0dc1e0cdb5577484a6d75e68dc38e8acc1:    done           |[32m++++++++++++++++++++++++++++++++++++++[0m| 
layer-sha256:e59b44c60b0e4bef2712435bc1a530efe229ee8e4ce5e002fab156cab513cd4b:    done           |[32m++++++++++++++++++++++++++++++++++++++[0m| 
layer-sha256:13b7e930469f6d3575a320709035c6acf6f5485a76abcf03d1b92a64c09c2476:    done           |[32m++++++++++++++++++++++++++++++++++++++[0m| 
layer-sha256:34608cb22405250243a5e45518fb618d0bea826f8171514b271e7e4c1bef2752:    done           |[32m++++++++++++++++++++++++++++++++++++++[0m| 
layer-sha256:300386c9d8ef3c78dbee1ef3e022d38b91ba5eb9da059077db2f188f313c965a:    done           |[32m++++++++++++++++++++++++++++++++++++++[0m| 
layer-sha256:9f441ad30abc48467a6b8a9cda7188811487d4620338337f923a3f1595f847ba:    done           |[32m++++++++++++++++++++++++++++++++++++++[0m| 
elapsed: 0.1 s                                                                    total:   0.0 B (0.0 B/s)                                         
unpacking linux/amd64 sha256:ded3295955b687baa8ffe350d94cd3b7a299dd0b7e7bd0dbac5cc4e6b9f340c8...
done: 18.503104ms	
time="2026-04-16T10:27:27Z" level=info msg="host will try HTTPS first since it is configured for HTTP with a TLS configuration, consider changing host to HTTPS or removing unused TLS configuration" host="192.168.122.110:5000"
time="2026-04-16T10:27:27Z" level=info msg="host will try HTTPS first since it is configured for HTTP with a TLS configuration, consider changing host to HTTPS or removing unused TLS configuration" host="192.168.122.110:5000"
time="2026-04-16T10:27:27Z" level=warning msg="skip to append distribution label: label key and value length (4113 bytes) greater than maximum size (4096 bytes), key: containerd.io/distribution.source.192.168.122.110: invalid argument"
time="2026-04-16T10:27:27Z" level=warning msg="skip to append distribution label: label key and value length (4113 bytes) greater than maximum size (4096 bytes), key: containerd.io/distribution.source.192.168.122.110: invalid argument"
time="2026-04-16T10:27:27Z" level=warning msg="skip to append distribution label: label key and value length (4113 bytes) greater than maximum size (4096 bytes), key: containerd.io/distribution.source.192.168.122.110: invalid argument"
time="2026-04-16T10:27:27Z" level=warning msg="skip to append distribution label: label key and value length (4113 bytes) greater than maximum size (4096 bytes), key: containerd.io/distribution.source.192.168.122.110: invalid argument"
time="2026-04-16T10:27:27Z" level=warning msg="skip to append distribution label: label key and value length (4113 bytes) greater than maximum size (4096 bytes), key: containerd.io/distribution.source.192.168.122.110: invalid argument"
time="2026-04-16T10:27:27Z" level=warning msg="skip to append distribution label: label key and value length (4113 bytes) greater than maximum size (4096 bytes), key: containerd.io/distribution.source.192.168.122.110: invalid argument"
time="2026-04-16T10:27:27Z" level=warning msg="skip to append distribution label: label key and value length (4113 bytes) greater than maximum size (4096 bytes), key: containerd.io/distribution.source.192.168.122.110: invalid argument"
time="2026-04-16T10:27:27Z" level=warning msg="skip to append distribution label: label key and value length (4111 bytes) greater than maximum size (4096 bytes), key: containerd.io/distribution.source.192.168.122.110: invalid argument"
192.168.122.110:5000/brdnode_1277_r128:latest:                                    resolved       |[32m++++++++++++++++++++++++++++++++++++++[0m| 
index-sha256:b8978d42e11ce49fb91f256c5f084c2f09725665479bb62503ddad3035a67e1f:    done           |[32m++++++++++++++++++++++++++++++++++++++[0m| 
manifest-sha256:b374070eb0355baafeb19d70dbf488d2cb77aec8a4aafe1a3591147fcece41e1: done           |[32m++++++++++++++++++++++++++++++++++++++[0m| 
layer-sha256:8bc99d9848aee52ee9b2d01c0dd09f9d85b94d8aac1e926f32b071a099297980:    done           |[32m++++++++++++++++++++++++++++++++++++++[0m| 
layer-sha256:64a5d8258ce2b42e67330b08d63621bb09cc797b102a21bad4732b2383fa04c0:    done           |[32m++++++++++++++++++++++++++++++++++++++[0m| 
layer-sha256:2229323296fd0788580520d9635c12357eabeefb98b33f80240f26f398fd9977:    done           |[32m++++++++++++++++++++++++++++++++++++++[0m| 
layer-sha256:2934fb1b3ea0df5d1ab05e01ace771a7b98a4633d0b1d17484b95c826a1ff2bc:    done           |[32m++++++++++++++++++++++++++++++++++++++[0m| 
layer-sha256:7a854a832e188116cb1d9b5b49bd38ec6c14f9cb5f01c6a361be34100c8bc74f:    done           |[32m++++++++++++++++++++++++++++++++++++++[0m| 
layer-sha256:888be86629cd8aa94bbc71e101ae48f0b62f85cc6e4d8fc8ffb7a91328b90857:    done           |[32m++++++++++++++++++++++++++++++++++++++[0m| 
layer-sha256:c954e5f88d9d9be1ed732898db6841e22d90078a4c76cf4717c4cc7edc74403e:    done           |[32m++++++++++++++++++++++++++++++++++++++[0m| 
config-sha256:5ca356ce79fa27083b5b2125a7ae5cf4d45c2735c86521c9f0a78f31e40ee010:   done           |[32m++++++++++++++++++++++++++++++++++++++[0m| 
layer-sha256:4accf72faab4ddbb011f63fff24e0656cd1cc9c9ad5293f7e7c0eaf80ed2872f:    done           |[32m++++++++++++++++++++++++++++++++++++++[0m| 
layer-sha256:48c63a55731a94aca37cae003a86d51ad1bf47e899bd1a6aeac76bb8688740c7:    done           |[32m++++++++++++++++++++++++++++++++++++++[0m| 
layer-sha256:13b7e930469f6d3575a320709035c6acf6f5485a76abcf03d1b92a64c09c2476:    done           |[32m++++++++++++++++++++++++++++++++++++++[0m| 
layer-sha256:34608cb22405250243a5e45518fb618d0bea826f8171514b271e7e4c1bef2752:    done           |[32m++++++++++++++++++++++++++++++++++++++[0m| 
layer-sha256:9f441ad30abc48467a6b8a9cda7188811487d4620338337f923a3f1595f847ba:    done           |[32m++++++++++++++++++++++++++++++++++++++[0m| 
layer-sha256:8a29a47395cd3a02d8340f4325004f6ec371681754e5efa24afced2dbdd64272:    done           |[32m++++++++++++++++++++++++++++++++++++++[0m| 
layer-sha256:450bb934662efe2c8c55922af96dfccb7cd62066a0861e11b9cc126c9592d6d7:    done           |[32m++++++++++++++++++++++++++++++++++++++[0m| 
layer-sha256:3e740608074eeae180aa78f7de93f4e3f506d73c145d279e73868329fd903bd1:    done           |[32m++++++++++++++++++++++++++++++++++++++[0m| 
layer-sha256:6b471ed6f7843a7db659a640d9439f4e76c755e56f46fd628c524275704e8f17:    done           |[32m++++++++++++++++++++++++++++++++++++++[0m| 
layer-sha256:5ea235723905718ceee31c99ea123d527a7450d4638eb042079490f352773063:    done           |[32m++++++++++++++++++++++++++++++++++++++[0m| 
layer-sha256:b1a8b2706032f9c0f354be0daa46f3da6643916a3373ee5d2792dd2def0151d1:    done           |[32m++++++++++++++++++++++++++++++++++++++[0m| 
layer-sha256:4f4fb700ef54461cfa02571ae0db9a0dc1e0cdb5577484a6d75e68dc38e8acc1:    done           |[32m++++++++++++++++++++++++++++++++++++++[0m| 
layer-sha256:7f35aa5a5481d99edd90ff51cde4457b63a65b488d6003d020bd75cbf955de18:    done           |[32m++++++++++++++++++++++++++++++++++++++[0m| 
layer-sha256:e59b44c60b0e4bef2712435bc1a530efe229ee8e4ce5e002fab156cab513cd4b:    done           |[32m++++++++++++++++++++++++++++++++++++++[0m| 
layer-sha256:300386c9d8ef3c78dbee1ef3e022d38b91ba5eb9da059077db2f188f313c965a:    done           |[32m++++++++++++++++++++++++++++++++++++++[0m| 
elapsed: 0.1 s                                                                    total:   0.0 B (0.0 B/s)                                         
unpacking linux/amd64 sha256:b8978d42e11ce49fb91f256c5f084c2f09725665479bb62503ddad3035a67e1f...
done: 20.92352ms	
time="2026-04-16T10:27:27Z" level=info msg="host will try HTTPS first since it is configured for HTTP with a TLS configuration, consider changing host to HTTPS or removing unused TLS configuration" host="192.168.122.110:5000"
time="2026-04-16T10:27:27Z" level=info msg="host will try HTTPS first since it is configured for HTTP with a TLS configuration, consider changing host to HTTPS or removing unused TLS configuration" host="192.168.122.110:5000"
time="2026-04-16T10:27:27Z" level=warning msg="skip to append distribution label: label key and value length (4113 bytes) greater than maximum size (4096 bytes), key: containerd.io/distribution.source.192.168.122.110: invalid argument"
time="2026-04-16T10:27:27Z" level=warning msg="skip to append distribution label: label key and value length (4113 bytes) greater than maximum size (4096 bytes), key: containerd.io/distribution.source.192.168.122.110: invalid argument"
time="2026-04-16T10:27:27Z" level=warning msg="skip to append distribution label: label key and value length (4113 bytes) greater than maximum size (4096 bytes), key: containerd.io/distribution.source.192.168.122.110: invalid argument"
time="2026-04-16T10:27:27Z" level=warning msg="skip to append distribution label: label key and value length (4113 bytes) greater than maximum size (4096 bytes), key: containerd.io/distribution.source.192.168.122.110: invalid argument"
time="2026-04-16T10:27:27Z" level=warning msg="skip to append distribution label: label key and value length (4113 bytes) greater than maximum size (4096 bytes), key: containerd.io/distribution.source.192.168.122.110: invalid argument"
time="2026-04-16T10:27:28Z" level=warning msg="skip to append distribution label: label key and value length (4113 bytes) greater than maximum size (4096 bytes), key: containerd.io/distribution.source.192.168.122.110: invalid argument"
time="2026-04-16T10:27:28Z" level=warning msg="skip to append distribution label: label key and value length (4113 bytes) greater than maximum size (4096 bytes), key: containerd.io/distribution.source.192.168.122.110: invalid argument"
time="2026-04-16T10:27:28Z" level=warning msg="skip to append distribution label: label key and value length (4111 bytes) greater than maximum size (4096 bytes), key: containerd.io/distribution.source.192.168.122.110: invalid argument"
192.168.122.110:5000/brdnode_1277_r129:latest:                                    resolved       |[32m++++++++++++++++++++++++++++++++++++++[0m| 
index-sha256:c87139cf708ac924b1e54741e2efd4ffba9d56c13ef18de22e5cbd9bcd05a722:    done           |[32m++++++++++++++++++++++++++++++++++++++[0m| 
manifest-sha256:bda0ce6554153f182669a85da53fc93a8d74cfc4d870170d41af6b602430e8ec: done           |[32m++++++++++++++++++++++++++++++++++++++[0m| 
config-sha256:d323270140a3dd19c178efae6c55d1fbea966c833c603cc6ff120dfad2dcb138:   done           |[32m++++++++++++++++++++++++++++++++++++++[0m| 
layer-sha256:34608cb22405250243a5e45518fb618d0bea826f8171514b271e7e4c1bef2752:    done           |[32m++++++++++++++++++++++++++++++++++++++[0m| 
layer-sha256:af3782e2974e622578b86158867bcca4d57bf1b8cc9141297951310be1521cff:    done           |[32m++++++++++++++++++++++++++++++++++++++[0m| 
layer-sha256:4a5d1b20c0ee3b4f9c95f6ca41f47c8cc8ca985d92c1bfe23d80dd0fb57a0807:    done           |[32m++++++++++++++++++++++++++++++++++++++[0m| 
layer-sha256:450bb934662efe2c8c55922af96dfccb7cd62066a0861e11b9cc126c9592d6d7:    done           |[32m++++++++++++++++++++++++++++++++++++++[0m| 
layer-sha256:e59b44c60b0e4bef2712435bc1a530efe229ee8e4ce5e002fab156cab513cd4b:    done           |[32m++++++++++++++++++++++++++++++++++++++[0m| 
layer-sha256:3bb0e6907157404fad7b659c8fbc1907a331e39f7911b8c9b61c96939ed65552:    done           |[32m++++++++++++++++++++++++++++++++++++++[0m| 
layer-sha256:13b7e930469f6d3575a320709035c6acf6f5485a76abcf03d1b92a64c09c2476:    done           |[32m++++++++++++++++++++++++++++++++++++++[0m| 
layer-sha256:64a5d8258ce2b42e67330b08d63621bb09cc797b102a21bad4732b2383fa04c0:    done           |[32m++++++++++++++++++++++++++++++++++++++[0m| 
layer-sha256:81ba57c5ab1ee16c8f8b384c08f0d60b2233e2d6a94b7333514ca1f12ccf9fb9:    done           |[32m++++++++++++++++++++++++++++++++++++++[0m| 
layer-sha256:7a854a832e188116cb1d9b5b49bd38ec6c14f9cb5f01c6a361be34100c8bc74f:    done           |[32m++++++++++++++++++++++++++++++++++++++[0m| 
layer-sha256:c954e5f88d9d9be1ed732898db6841e22d90078a4c76cf4717c4cc7edc74403e:    done           |[32m++++++++++++++++++++++++++++++++++++++[0m| 
layer-sha256:9f441ad30abc48467a6b8a9cda7188811487d4620338337f923a3f1595f847ba:    done           |[32m++++++++++++++++++++++++++++++++++++++[0m| 
layer-sha256:4accf72faab4ddbb011f63fff24e0656cd1cc9c9ad5293f7e7c0eaf80ed2872f:    done           |[32m++++++++++++++++++++++++++++++++++++++[0m| 
layer-sha256:8f9b99703b67139fa891758237a804673a68a59ae9f5f2fae7acd0b107034e76:    done           |[32m++++++++++++++++++++++++++++++++++++++[0m| 
layer-sha256:3e740608074eeae180aa78f7de93f4e3f506d73c145d279e73868329fd903bd1:    done           |[32m++++++++++++++++++++++++++++++++++++++[0m| 
layer-sha256:8a29a47395cd3a02d8340f4325004f6ec371681754e5efa24afced2dbdd64272:    done           |[32m++++++++++++++++++++++++++++++++++++++[0m| 
layer-sha256:2229323296fd0788580520d9635c12357eabeefb98b33f80240f26f398fd9977:    done           |[32m++++++++++++++++++++++++++++++++++++++[0m| 
layer-sha256:6fb5d6f1f87e14ebe203432163e2fbdb690e6b4dfbb7a66fe351ada5b2eb842f:    done           |[32m++++++++++++++++++++++++++++++++++++++[0m| 
layer-sha256:eb1282a5894aae37a397678e625e15ec40a76ff8d9e65099aecae5f43ba5a918:    done           |[32m++++++++++++++++++++++++++++++++++++++[0m| 
layer-sha256:48c63a55731a94aca37cae003a86d51ad1bf47e899bd1a6aeac76bb8688740c7:    done           |[32m++++++++++++++++++++++++++++++++++++++[0m| 
layer-sha256:b1a8b2706032f9c0f354be0daa46f3da6643916a3373ee5d2792dd2def0151d1:    done           |[32m++++++++++++++++++++++++++++++++++++++[0m| 
layer-sha256:4f4fb700ef54461cfa02571ae0db9a0dc1e0cdb5577484a6d75e68dc38e8acc1:    done           |[32m++++++++++++++++++++++++++++++++++++++[0m| 
elapsed: 0.1 s                                                                    total:   0.0 B (0.0 B/s)                                         
unpacking linux/amd64 sha256:c87139cf708ac924b1e54741e2efd4ffba9d56c13ef18de22e5cbd9bcd05a722...
done: 19.072764ms	
time="2026-04-16T10:27:28Z" level=info msg="host will try HTTPS first since it is configured for HTTP with a TLS configuration, consider changing host to HTTPS or removing unused TLS configuration" host="192.168.122.110:5000"
time="2026-04-16T10:27:28Z" level=info msg="host will try HTTPS first since it is configured for HTTP with a TLS configuration, consider changing host to HTTPS or removing unused TLS configuration" host="192.168.122.110:5000"
192.168.122.110:5000/brdnode_1277_r12:latest:                                     resolved       |[32m++++++++++++++++++++++++++++++++++++++[0m| 
index-sha256:f4838bc0d4ec9f1013cd683a67ff98b66454ac51b0caa3030ff95c4105f437c6:    done           |[32m++++++++++++++++++++++++++++++++++++++[0m| 
manifest-sha256:4a2a398ec5a8e268a314f78e65d1de3d96bf7cd0b4dc93427f49766770def86f: done           |[32m++++++++++++++++++++++++++++++++++++++[0m| 
layer-sha256:34608cb22405250243a5e45518fb618d0bea826f8171514b271e7e4c1bef2752:    done           |[32m++++++++++++++++++++++++++++++++++++++[0m| 
layer-sha256:13b7e930469f6d3575a320709035c6acf6f5485a76abcf03d1b92a64c09c2476:    done           |[32m++++++++++++++++++++++++++++++++++++++[0m| 
config-sha256:a6149a03637fd6b30ff45d85618802be19185a64885f4e4c6fbfebce3d80e508:   done           |[32m++++++++++++++++++++++++++++++++++++++[0m| 
layer-sha256:031296fac2237cd94e579333cf9614a5dde78a53d30a8335a24fe6b76a76f713:    done           |[32m++++++++++++++++++++++++++++++++++++++[0m| 
layer-sha256:f58d586015105e16bc39e5b05e7c69c4d1976b5acfb4d2aa065211bab09944dd:    done           |[32m++++++++++++++++++++++++++++++++++++++[0m| 
layer-sha256:450bb934662efe2c8c55922af96dfccb7cd62066a0861e11b9cc126c9592d6d7:    done           |[32m++++++++++++++++++++++++++++++++++++++[0m| 
layer-sha256:7a854a832e188116cb1d9b5b49bd38ec6c14f9cb5f01c6a361be34100c8bc74f:    done           |[32m++++++++++++++++++++++++++++++++++++++[0m| 
layer-sha256:c954e5f88d9d9be1ed732898db6841e22d90078a4c76cf4717c4cc7edc74403e:    done           |[32m++++++++++++++++++++++++++++++++++++++[0m| 
layer-sha256:a1139b5ce76b29ec8571b06abda88d64217367769099a7f02addc37df2ae8f20:    done           |[32m++++++++++++++++++++++++++++++++++++++[0m| 
layer-sha256:48c63a55731a94aca37cae003a86d51ad1bf47e899bd1a6aeac76bb8688740c7:    done           |[32m++++++++++++++++++++++++++++++++++++++[0m| 
layer-sha256:4accf72faab4ddbb011f63fff24e0656cd1cc9c9ad5293f7e7c0eaf80ed2872f:    done           |[32m++++++++++++++++++++++++++++++++++++++[0m| 
layer-sha256:2229323296fd0788580520d9635c12357eabeefb98b33f80240f26f398fd9977:    done           |[32m++++++++++++++++++++++++++++++++++++++[0m| 
layer-sha256:8a29a47395cd3a02d8340f4325004f6ec371681754e5efa24afced2dbdd64272:    done           |[32m++++++++++++++++++++++++++++++++++++++[0m| 
layer-sha256:9f441ad30abc48467a6b8a9cda7188811487d4620338337f923a3f1595f847ba:    done           |[32m++++++++++++++++++++++++++++++++++++++[0m| 
layer-sha256:f3f7a08082871c15e9086bf32f7cd4c626001efbd1d73195a53dab6051f0ea46:    done           |[32m++++++++++++++++++++++++++++++++++++++[0m| 
layer-sha256:e59b44c60b0e4bef2712435bc1a530efe229ee8e4ce5e002fab156cab513cd4b:    done           |[32m++++++++++++++++++++++++++++++++++++++[0m| 
layer-sha256:3e740608074eeae180aa78f7de93f4e3f506d73c145d279e73868329fd903bd1:    done           |[32m++++++++++++++++++++++++++++++++++++++[0m| 
layer-sha256:b1a8b2706032f9c0f354be0daa46f3da6643916a3373ee5d2792dd2def0151d1:    done           |[32m++++++++++++++++++++++++++++++++++++++[0m| 
layer-sha256:0096a42232fb113ea1c9eae0a9564c9048df70fe8a3bc6f4e76bbd66f8d80a03:    done           |[32m++++++++++++++++++++++++++++++++++++++[0m| 
layer-sha256:64a5d8258ce2b42e67330b08d63621bb09cc797b102a21bad4732b2383fa04c0:    done           |[32m++++++++++++++++++++++++++++++++++++++[0m| 
layer-sha256:0b78ff1c08fc5c01930b6a4f898848efb9e64546ecc8f4e31a3e065dd0b00ea4:    done           |[32m++++++++++++++++++++++++++++++++++++++[0m| 
layer-sha256:4f4fb700ef54461cfa02571ae0db9a0dc1e0cdb5577484a6d75e68dc38e8acc1:    done           |[32m++++++++++++++++++++++++++++++++++++++[0m| 
layer-sha256:857cc0ea6589bd61be5f7ba41108d7d40b013c910f77b5a511ff7419da1be0bf:    done           |[32m++++++++++++++++++++++++++++++++++++++[0m| 
elapsed: 0.1 s                                                                    total:   0.0 B (0.0 B/s)                                         
unpacking linux/amd64 sha256:f4838bc0d4ec9f1013cd683a67ff98b66454ac51b0caa3030ff95c4105f437c6...
done: 19.609037ms	
time="2026-04-16T10:27:29Z" level=info msg="host will try HTTPS first since it is configured for HTTP with a TLS configuration, consider changing host to HTTPS or removing unused TLS configuration" host="192.168.122.110:5000"
time="2026-04-16T10:27:29Z" level=info msg="host will try HTTPS first since it is configured for HTTP with a TLS configuration, consider changing host to HTTPS or removing unused TLS configuration" host="192.168.122.110:5000"
time="2026-04-16T10:27:29Z" level=warning msg="skip to append distribution label: label key and value length (4113 bytes) greater than maximum size (4096 bytes), key: containerd.io/distribution.source.192.168.122.110: invalid argument"
time="2026-04-16T10:27:29Z" level=warning msg="skip to append distribution label: label key and value length (4113 bytes) greater than maximum size (4096 bytes), key: containerd.io/distribution.source.192.168.122.110: invalid argument"
time="2026-04-16T10:27:29Z" level=warning msg="skip to append distribution label: label key and value length (4113 bytes) greater than maximum size (4096 bytes), key: containerd.io/distribution.source.192.168.122.110: invalid argument"
time="2026-04-16T10:27:29Z" level=warning msg="skip to append distribution label: label key and value length (4113 bytes) greater than maximum size (4096 bytes), key: containerd.io/distribution.source.192.168.122.110: invalid argument"
time="2026-04-16T10:27:29Z" level=warning msg="skip to append distribution label: label key and value length (4111 bytes) greater than maximum size (4096 bytes), key: containerd.io/distribution.source.192.168.122.110: invalid argument"
time="2026-04-16T10:27:29Z" level=warning msg="skip to append distribution label: label key and value length (4113 bytes) greater than maximum size (4096 bytes), key: containerd.io/distribution.source.192.168.122.110: invalid argument"
time="2026-04-16T10:27:29Z" level=warning msg="skip to append distribution label: label key and value length (4113 bytes) greater than maximum size (4096 bytes), key: containerd.io/distribution.source.192.168.122.110: invalid argument"
time="2026-04-16T10:27:29Z" level=warning msg="skip to append distribution label: label key and value length (4113 bytes) greater than maximum size (4096 bytes), key: containerd.io/distribution.source.192.168.122.110: invalid argument"
192.168.122.110:5000/brdnode_1277_r135:latest:                                    resolved       |[32m++++++++++++++++++++++++++++++++++++++[0m| 
index-sha256:e48912263b80bef9d7ac08d87865e3ccddbb65c35622348c13af72f5918b0e2d:    done           |[32m++++++++++++++++++++++++++++++++++++++[0m| 
manifest-sha256:96a9269f7a24d891cdc66023a03ddfa0c2337ed428ac82c8c499b5f713b41075: done           |[32m++++++++++++++++++++++++++++++++++++++[0m| 
layer-sha256:08343a265c9c0679226a452eb796cb96d32826bad4f82315d53a6a0335559e38:    done           |[32m++++++++++++++++++++++++++++++++++++++[0m| 
layer-sha256:64a5d8258ce2b42e67330b08d63621bb09cc797b102a21bad4732b2383fa04c0:    done           |[32m++++++++++++++++++++++++++++++++++++++[0m| 
layer-sha256:7a854a832e188116cb1d9b5b49bd38ec6c14f9cb5f01c6a361be34100c8bc74f:    done           |[32m++++++++++++++++++++++++++++++++++++++[0m| 
layer-sha256:b0cceb4c68e4c5830cd97ab43ff20ac36fb73fb3b104f2a004741be5abd31535:    done           |[32m++++++++++++++++++++++++++++++++++++++[0m| 
layer-sha256:7a0b5efc4adfde9057e53a1adf1a92bd6bcf958d066123a7432c7b5675ed67e2:    done           |[32m++++++++++++++++++++++++++++++++++++++[0m| 
layer-sha256:cb249f018ba1485114bbbde6f0f3d8f17c7130c4ea3d1d458064ee63dc51604d:    done           |[32m++++++++++++++++++++++++++++++++++++++[0m| 
layer-sha256:48c63a55731a94aca37cae003a86d51ad1bf47e899bd1a6aeac76bb8688740c7:    done           |[32m++++++++++++++++++++++++++++++++++++++[0m| 
config-sha256:38b815726fc93ca8db6484b3a79101fe2f8fc7d18575127becf4ac927bb0f87c:   done           |[32m++++++++++++++++++++++++++++++++++++++[0m| 
layer-sha256:1ac9b06d75f9342c846cd367558450896873d605216e2e73f09f423c893f38f7:    done           |[32m++++++++++++++++++++++++++++++++++++++[0m| 
layer-sha256:1034e60b9784306b8c57fd7c846bc7d4c9cca8e6b0e8be9fcf60dbda1f3167b7:    done           |[32m++++++++++++++++++++++++++++++++++++++[0m| 
layer-sha256:13b7e930469f6d3575a320709035c6acf6f5485a76abcf03d1b92a64c09c2476:    done           |[32m++++++++++++++++++++++++++++++++++++++[0m| 
layer-sha256:9f441ad30abc48467a6b8a9cda7188811487d4620338337f923a3f1595f847ba:    done           |[32m++++++++++++++++++++++++++++++++++++++[0m| 
layer-sha256:3e740608074eeae180aa78f7de93f4e3f506d73c145d279e73868329fd903bd1:    done           |[32m++++++++++++++++++++++++++++++++++++++[0m| 
layer-sha256:e59b44c60b0e4bef2712435bc1a530efe229ee8e4ce5e002fab156cab513cd4b:    done           |[32m++++++++++++++++++++++++++++++++++++++[0m| 
layer-sha256:450bb934662efe2c8c55922af96dfccb7cd62066a0861e11b9cc126c9592d6d7:    done           |[32m++++++++++++++++++++++++++++++++++++++[0m| 
layer-sha256:c954e5f88d9d9be1ed732898db6841e22d90078a4c76cf4717c4cc7edc74403e:    done           |[32m++++++++++++++++++++++++++++++++++++++[0m| 
layer-sha256:34608cb22405250243a5e45518fb618d0bea826f8171514b271e7e4c1bef2752:    done           |[32m++++++++++++++++++++++++++++++++++++++[0m| 
layer-sha256:b1a8b2706032f9c0f354be0daa46f3da6643916a3373ee5d2792dd2def0151d1:    done           |[32m++++++++++++++++++++++++++++++++++++++[0m| 
layer-sha256:4accf72faab4ddbb011f63fff24e0656cd1cc9c9ad5293f7e7c0eaf80ed2872f:    done           |[32m++++++++++++++++++++++++++++++++++++++[0m| 
layer-sha256:3bb0e6907157404fad7b659c8fbc1907a331e39f7911b8c9b61c96939ed65552:    done           |[32m++++++++++++++++++++++++++++++++++++++[0m| 
layer-sha256:4f4fb700ef54461cfa02571ae0db9a0dc1e0cdb5577484a6d75e68dc38e8acc1:    done           |[32m++++++++++++++++++++++++++++++++++++++[0m| 
layer-sha256:2229323296fd0788580520d9635c12357eabeefb98b33f80240f26f398fd9977:    done           |[32m++++++++++++++++++++++++++++++++++++++[0m| 
layer-sha256:8a29a47395cd3a02d8340f4325004f6ec371681754e5efa24afced2dbdd64272:    done           |[32m++++++++++++++++++++++++++++++++++++++[0m| 
elapsed: 0.1 s                                                                    total:   0.0 B (0.0 B/s)                                         
unpacking linux/amd64 sha256:e48912263b80bef9d7ac08d87865e3ccddbb65c35622348c13af72f5918b0e2d...
done: 19.389516ms	
time="2026-04-16T10:27:30Z" level=info msg="host will try HTTPS first since it is configured for HTTP with a TLS configuration, consider changing host to HTTPS or removing unused TLS configuration" host="192.168.122.110:5000"
time="2026-04-16T10:27:30Z" level=info msg="host will try HTTPS first since it is configured for HTTP with a TLS configuration, consider changing host to HTTPS or removing unused TLS configuration" host="192.168.122.110:5000"
192.168.122.110:5000/brdnode_1277_r13:latest:                                     resolved       |[32m++++++++++++++++++++++++++++++++++++++[0m| 
index-sha256:082c37516d34d77eaf14b11d1a24fa2c820774bcb6bea6b4e7c17c6d182a28d3:    done           |[32m++++++++++++++++++++++++++++++++++++++[0m| 
manifest-sha256:4d25a802658f7d881387d4450a1959c6b972d90b4bafa31930c2d26d728d3400: done           |[32m++++++++++++++++++++++++++++++++++++++[0m| 
layer-sha256:aab5810ced6580f3d77caa32b7d6dc0de021423ab8c4b4b03b326d5667a198dc:    done           |[32m++++++++++++++++++++++++++++++++++++++[0m| 
layer-sha256:8a29a47395cd3a02d8340f4325004f6ec371681754e5efa24afced2dbdd64272:    done           |[32m++++++++++++++++++++++++++++++++++++++[0m| 
layer-sha256:34608cb22405250243a5e45518fb618d0bea826f8171514b271e7e4c1bef2752:    done           |[32m++++++++++++++++++++++++++++++++++++++[0m| 
layer-sha256:e59b44c60b0e4bef2712435bc1a530efe229ee8e4ce5e002fab156cab513cd4b:    done           |[32m++++++++++++++++++++++++++++++++++++++[0m| 
config-sha256:bf65a223952d7eaec92ed6187e7084abf84e4d12648280aa41adadde933d15db:   done           |[32m++++++++++++++++++++++++++++++++++++++[0m| 
layer-sha256:7d94a3501d8760b857ade2ecbb36f01277ff8ca90a0d0c74e999b45b9008a77b:    done           |[32m++++++++++++++++++++++++++++++++++++++[0m| 
layer-sha256:3e740608074eeae180aa78f7de93f4e3f506d73c145d279e73868329fd903bd1:    done           |[32m++++++++++++++++++++++++++++++++++++++[0m| 
layer-sha256:7a854a832e188116cb1d9b5b49bd38ec6c14f9cb5f01c6a361be34100c8bc74f:    done           |[32m++++++++++++++++++++++++++++++++++++++[0m| 
layer-sha256:a704a10113fa21783419b269215e11ebfc2a4f558cb21c509bc3c4cac71e22ba:    done           |[32m++++++++++++++++++++++++++++++++++++++[0m| 
layer-sha256:b112fed32dc136a250e73676d7cebac939d9ef249e82f090a5272b829d3d4d26:    done           |[32m++++++++++++++++++++++++++++++++++++++[0m| 
layer-sha256:450bb934662efe2c8c55922af96dfccb7cd62066a0861e11b9cc126c9592d6d7:    done           |[32m++++++++++++++++++++++++++++++++++++++[0m| 
layer-sha256:9f441ad30abc48467a6b8a9cda7188811487d4620338337f923a3f1595f847ba:    done           |[32m++++++++++++++++++++++++++++++++++++++[0m| 
layer-sha256:b1a8b2706032f9c0f354be0daa46f3da6643916a3373ee5d2792dd2def0151d1:    done           |[32m++++++++++++++++++++++++++++++++++++++[0m| 
layer-sha256:13b7e930469f6d3575a320709035c6acf6f5485a76abcf03d1b92a64c09c2476:    done           |[32m++++++++++++++++++++++++++++++++++++++[0m| 
layer-sha256:728a185be42fad5b92f6e154f7525072f0d4ef471c1296efa02463ee2b30c4a3:    done           |[32m++++++++++++++++++++++++++++++++++++++[0m| 
layer-sha256:4f4fb700ef54461cfa02571ae0db9a0dc1e0cdb5577484a6d75e68dc38e8acc1:    done           |[32m++++++++++++++++++++++++++++++++++++++[0m| 
layer-sha256:c954e5f88d9d9be1ed732898db6841e22d90078a4c76cf4717c4cc7edc74403e:    done           |[32m++++++++++++++++++++++++++++++++++++++[0m| 
layer-sha256:64a5d8258ce2b42e67330b08d63621bb09cc797b102a21bad4732b2383fa04c0:    done           |[32m++++++++++++++++++++++++++++++++++++++[0m| 
layer-sha256:7d44a8bec962f696c0b18aff5ce0109a23b58b886496f78c52f3fbd195e49de5:    done           |[32m++++++++++++++++++++++++++++++++++++++[0m| 
layer-sha256:2229323296fd0788580520d9635c12357eabeefb98b33f80240f26f398fd9977:    done           |[32m++++++++++++++++++++++++++++++++++++++[0m| 
layer-sha256:edf48f01228082ab652bdd2a14edd58ca0c8df7b99853b4dddb5efc66b9c5595:    done           |[32m++++++++++++++++++++++++++++++++++++++[0m| 
layer-sha256:48c63a55731a94aca37cae003a86d51ad1bf47e899bd1a6aeac76bb8688740c7:    done           |[32m++++++++++++++++++++++++++++++++++++++[0m| 
layer-sha256:4accf72faab4ddbb011f63fff24e0656cd1cc9c9ad5293f7e7c0eaf80ed2872f:    done           |[32m++++++++++++++++++++++++++++++++++++++[0m| 
elapsed: 0.1 s                                                                    total:   0.0 B (0.0 B/s)                                         
unpacking linux/amd64 sha256:082c37516d34d77eaf14b11d1a24fa2c820774bcb6bea6b4e7c17c6d182a28d3...
done: 22.748526ms	
time="2026-04-16T10:27:31Z" level=info msg="host will try HTTPS first since it is configured for HTTP with a TLS configuration, consider changing host to HTTPS or removing unused TLS configuration" host="192.168.122.110:5000"
time="2026-04-16T10:27:31Z" level=info msg="host will try HTTPS first since it is configured for HTTP with a TLS configuration, consider changing host to HTTPS or removing unused TLS configuration" host="192.168.122.110:5000"
time="2026-04-16T10:27:31Z" level=warning msg="skip to append distribution label: label key and value length (4113 bytes) greater than maximum size (4096 bytes), key: containerd.io/distribution.source.192.168.122.110: invalid argument"
time="2026-04-16T10:27:31Z" level=warning msg="skip to append distribution label: label key and value length (4113 bytes) greater than maximum size (4096 bytes), key: containerd.io/distribution.source.192.168.122.110: invalid argument"
time="2026-04-16T10:27:31Z" level=warning msg="skip to append distribution label: label key and value length (4113 bytes) greater than maximum size (4096 bytes), key: containerd.io/distribution.source.192.168.122.110: invalid argument"
time="2026-04-16T10:27:31Z" level=warning msg="skip to append distribution label: label key and value length (4113 bytes) greater than maximum size (4096 bytes), key: containerd.io/distribution.source.192.168.122.110: invalid argument"
time="2026-04-16T10:27:31Z" level=warning msg="skip to append distribution label: label key and value length (4113 bytes) greater than maximum size (4096 bytes), key: containerd.io/distribution.source.192.168.122.110: invalid argument"
time="2026-04-16T10:27:31Z" level=warning msg="skip to append distribution label: label key and value length (4113 bytes) greater than maximum size (4096 bytes), key: containerd.io/distribution.source.192.168.122.110: invalid argument"
time="2026-04-16T10:27:31Z" level=warning msg="skip to append distribution label: label key and value length (4111 bytes) greater than maximum size (4096 bytes), key: containerd.io/distribution.source.192.168.122.110: invalid argument"
time="2026-04-16T10:27:31Z" level=warning msg="skip to append distribution label: label key and value length (4113 bytes) greater than maximum size (4096 bytes), key: containerd.io/distribution.source.192.168.122.110: invalid argument"
192.168.122.110:5000/brdnode_1277_r147:latest:                                    resolved       |[32m++++++++++++++++++++++++++++++++++++++[0m| 
index-sha256:732c6e651aeec8aa58193600156f9393febc6bac9b3a4f0fdede5a5349ea29b0:    done           |[32m++++++++++++++++++++++++++++++++++++++[0m| 
manifest-sha256:debcac09866dda56f2a551cea8d5f3f58b10eb10a3a512024422d50489c59122: done           |[32m++++++++++++++++++++++++++++++++++++++[0m| 
config-sha256:fdc5b4aeaa1e5e96815298faf8e993beb2975be34dbd3806d6e8fa98ba0e47b9:   done           |[32m++++++++++++++++++++++++++++++++++++++[0m| 
layer-sha256:27ee494f1c93702b3e1988240e21d29fd1df5680840f2abd9b66291b268a3c00:    done           |[32m++++++++++++++++++++++++++++++++++++++[0m| 
layer-sha256:3bb0e6907157404fad7b659c8fbc1907a331e39f7911b8c9b61c96939ed65552:    done           |[32m++++++++++++++++++++++++++++++++++++++[0m| 
layer-sha256:5b7118db48a2348250f8e7ef2c85c9b9ce8ba4ece3308bb567c1b300b75fb136:    done           |[32m++++++++++++++++++++++++++++++++++++++[0m| 
layer-sha256:b38f9b8e0e9b0d514d97b278bdedbb6e1bcf425b4e8e612959c8f52ca634414a:    done           |[32m++++++++++++++++++++++++++++++++++++++[0m| 
layer-sha256:b1a8b2706032f9c0f354be0daa46f3da6643916a3373ee5d2792dd2def0151d1:    done           |[32m++++++++++++++++++++++++++++++++++++++[0m| 
layer-sha256:9f441ad30abc48467a6b8a9cda7188811487d4620338337f923a3f1595f847ba:    done           |[32m++++++++++++++++++++++++++++++++++++++[0m| 
layer-sha256:3e740608074eeae180aa78f7de93f4e3f506d73c145d279e73868329fd903bd1:    done           |[32m++++++++++++++++++++++++++++++++++++++[0m| 
layer-sha256:4accf72faab4ddbb011f63fff24e0656cd1cc9c9ad5293f7e7c0eaf80ed2872f:    done           |[32m++++++++++++++++++++++++++++++++++++++[0m| 
layer-sha256:21b1b1fd2fbe26be8ac0ade0cf354883b934da960ad4e8d7242599ac29ba8ecb:    done           |[32m++++++++++++++++++++++++++++++++++++++[0m| 
layer-sha256:4f4fb700ef54461cfa02571ae0db9a0dc1e0cdb5577484a6d75e68dc38e8acc1:    done           |[32m++++++++++++++++++++++++++++++++++++++[0m| 
layer-sha256:8a29a47395cd3a02d8340f4325004f6ec371681754e5efa24afced2dbdd64272:    done           |[32m++++++++++++++++++++++++++++++++++++++[0m| 
layer-sha256:23b0234477cd19ad7a2334c088519fdf06a33805ecccd2e7677917d18c3fc9cc:    done           |[32m++++++++++++++++++++++++++++++++++++++[0m| 
layer-sha256:48c63a55731a94aca37cae003a86d51ad1bf47e899bd1a6aeac76bb8688740c7:    done           |[32m++++++++++++++++++++++++++++++++++++++[0m| 
layer-sha256:e59b44c60b0e4bef2712435bc1a530efe229ee8e4ce5e002fab156cab513cd4b:    done           |[32m++++++++++++++++++++++++++++++++++++++[0m| 
layer-sha256:64a5d8258ce2b42e67330b08d63621bb09cc797b102a21bad4732b2383fa04c0:    done           |[32m++++++++++++++++++++++++++++++++++++++[0m| 
layer-sha256:13b7e930469f6d3575a320709035c6acf6f5485a76abcf03d1b92a64c09c2476:    done           |[32m++++++++++++++++++++++++++++++++++++++[0m| 
layer-sha256:450bb934662efe2c8c55922af96dfccb7cd62066a0861e11b9cc126c9592d6d7:    done           |[32m++++++++++++++++++++++++++++++++++++++[0m| 
layer-sha256:34608cb22405250243a5e45518fb618d0bea826f8171514b271e7e4c1bef2752:    done           |[32m++++++++++++++++++++++++++++++++++++++[0m| 
layer-sha256:2229323296fd0788580520d9635c12357eabeefb98b33f80240f26f398fd9977:    done           |[32m++++++++++++++++++++++++++++++++++++++[0m| 
layer-sha256:7a854a832e188116cb1d9b5b49bd38ec6c14f9cb5f01c6a361be34100c8bc74f:    done           |[32m++++++++++++++++++++++++++++++++++++++[0m| 
layer-sha256:c954e5f88d9d9be1ed732898db6841e22d90078a4c76cf4717c4cc7edc74403e:    done           |[32m++++++++++++++++++++++++++++++++++++++[0m| 
layer-sha256:e8ab6a693f2f225392dc5d5b8da394ebf29323d31a5766a00b9d0b8a9f35efc6:    done           |[32m++++++++++++++++++++++++++++++++++++++[0m| 
elapsed: 0.1 s                                                                    total:   0.0 B (0.0 B/s)                                         
unpacking linux/amd64 sha256:732c6e651aeec8aa58193600156f9393febc6bac9b3a4f0fdede5a5349ea29b0...
done: 19.611787ms	
time="2026-04-16T10:27:32Z" level=info msg="host will try HTTPS first since it is configured for HTTP with a TLS configuration, consider changing host to HTTPS or removing unused TLS configuration" host="192.168.122.110:5000"
time="2026-04-16T10:27:32Z" level=info msg="host will try HTTPS first since it is configured for HTTP with a TLS configuration, consider changing host to HTTPS or removing unused TLS configuration" host="192.168.122.110:5000"
192.168.122.110:5000/brdnode_1277_r14:latest:                                     resolved       |[32m++++++++++++++++++++++++++++++++++++++[0m| 
index-sha256:8d1a4d1510be847266ef85f7f286055cfe982ea69a68567f78b9961a375b02d3:    done           |[32m++++++++++++++++++++++++++++++++++++++[0m| 
manifest-sha256:55171983e3d93021311af9307c2df4d27ffaff4db39c63428e628af89711b205: done           |[32m++++++++++++++++++++++++++++++++++++++[0m| 
layer-sha256:8a29a47395cd3a02d8340f4325004f6ec371681754e5efa24afced2dbdd64272:    done           |[32m++++++++++++++++++++++++++++++++++++++[0m| 
layer-sha256:c954e5f88d9d9be1ed732898db6841e22d90078a4c76cf4717c4cc7edc74403e:    done           |[32m++++++++++++++++++++++++++++++++++++++[0m| 
config-sha256:0e692bfc65454d36addcefa398ac49eb04a09eb334bd0a883ccfed6ff34273a8:   done           |[32m++++++++++++++++++++++++++++++++++++++[0m| 
layer-sha256:34608cb22405250243a5e45518fb618d0bea826f8171514b271e7e4c1bef2752:    done           |[32m++++++++++++++++++++++++++++++++++++++[0m| 
layer-sha256:6840a04534632c62d20cb5121833a1565be082d47ebb7d6c2a12385770df2527:    done           |[32m++++++++++++++++++++++++++++++++++++++[0m| 
layer-sha256:4accf72faab4ddbb011f63fff24e0656cd1cc9c9ad5293f7e7c0eaf80ed2872f:    done           |[32m++++++++++++++++++++++++++++++++++++++[0m| 
layer-sha256:7a854a832e188116cb1d9b5b49bd38ec6c14f9cb5f01c6a361be34100c8bc74f:    done           |[32m++++++++++++++++++++++++++++++++++++++[0m| 
layer-sha256:3e740608074eeae180aa78f7de93f4e3f506d73c145d279e73868329fd903bd1:    done           |[32m++++++++++++++++++++++++++++++++++++++[0m| 
layer-sha256:450bb934662efe2c8c55922af96dfccb7cd62066a0861e11b9cc126c9592d6d7:    done           |[32m++++++++++++++++++++++++++++++++++++++[0m| 
layer-sha256:d6834305912a40c29636ac955c2272b358a01e83db83b78c2c2f841dc62d8b0c:    done           |[32m++++++++++++++++++++++++++++++++++++++[0m| 
layer-sha256:64a5d8258ce2b42e67330b08d63621bb09cc797b102a21bad4732b2383fa04c0:    done           |[32m++++++++++++++++++++++++++++++++++++++[0m| 
layer-sha256:2229323296fd0788580520d9635c12357eabeefb98b33f80240f26f398fd9977:    done           |[32m++++++++++++++++++++++++++++++++++++++[0m| 
layer-sha256:9f441ad30abc48467a6b8a9cda7188811487d4620338337f923a3f1595f847ba:    done           |[32m++++++++++++++++++++++++++++++++++++++[0m| 
layer-sha256:26f008e80f367f8f89c1fb9f4032990ea6021784fd4a109f14545c95b1cbb7f6:    done           |[32m++++++++++++++++++++++++++++++++++++++[0m| 
layer-sha256:b1a8b2706032f9c0f354be0daa46f3da6643916a3373ee5d2792dd2def0151d1:    done           |[32m++++++++++++++++++++++++++++++++++++++[0m| 
layer-sha256:56845f904ad75221e22ad028308adacf7d55d37a4100ee00d23759c35b69b1a6:    done           |[32m++++++++++++++++++++++++++++++++++++++[0m| 
layer-sha256:4f4fb700ef54461cfa02571ae0db9a0dc1e0cdb5577484a6d75e68dc38e8acc1:    done           |[32m++++++++++++++++++++++++++++++++++++++[0m| 
layer-sha256:48c63a55731a94aca37cae003a86d51ad1bf47e899bd1a6aeac76bb8688740c7:    done           |[32m++++++++++++++++++++++++++++++++++++++[0m| 
layer-sha256:e59b44c60b0e4bef2712435bc1a530efe229ee8e4ce5e002fab156cab513cd4b:    done           |[32m++++++++++++++++++++++++++++++++++++++[0m| 
layer-sha256:25faa627a53f7c613e460f1e0c2624e0f6681956fc8b8dbe0308b11f30f79e9b:    done           |[32m++++++++++++++++++++++++++++++++++++++[0m| 
layer-sha256:13b7e930469f6d3575a320709035c6acf6f5485a76abcf03d1b92a64c09c2476:    done           |[32m++++++++++++++++++++++++++++++++++++++[0m| 
layer-sha256:192cf85788ab5dab85f022bfb92bb0c0161efe966300d8480f7fc2e1a96ae344:    done           |[32m++++++++++++++++++++++++++++++++++++++[0m| 
layer-sha256:0645a1f35e07a8ae6f419304553ac4b573c0c50fa522909558d3d8eba189d538:    done           |[32m++++++++++++++++++++++++++++++++++++++[0m| 
elapsed: 0.1 s                                                                    total:   0.0 B (0.0 B/s)                                         
unpacking linux/amd64 sha256:8d1a4d1510be847266ef85f7f286055cfe982ea69a68567f78b9961a375b02d3...
done: 43.818597ms	
time="2026-04-16T10:27:33Z" level=info msg="host will try HTTPS first since it is configured for HTTP with a TLS configuration, consider changing host to HTTPS or removing unused TLS configuration" host="192.168.122.110:5000"
time="2026-04-16T10:27:33Z" level=info msg="host will try HTTPS first since it is configured for HTTP with a TLS configuration, consider changing host to HTTPS or removing unused TLS configuration" host="192.168.122.110:5000"
time="2026-04-16T10:27:33Z" level=warning msg="skip to append distribution label: label key and value length (4113 bytes) greater than maximum size (4096 bytes), key: containerd.io/distribution.source.192.168.122.110: invalid argument"
time="2026-04-16T10:27:33Z" level=warning msg="skip to append distribution label: label key and value length (4113 bytes) greater than maximum size (4096 bytes), key: containerd.io/distribution.source.192.168.122.110: invalid argument"
time="2026-04-16T10:27:33Z" level=warning msg="skip to append distribution label: label key and value length (4113 bytes) greater than maximum size (4096 bytes), key: containerd.io/distribution.source.192.168.122.110: invalid argument"
time="2026-04-16T10:27:33Z" level=warning msg="skip to append distribution label: label key and value length (4113 bytes) greater than maximum size (4096 bytes), key: containerd.io/distribution.source.192.168.122.110: invalid argument"
time="2026-04-16T10:27:33Z" level=warning msg="skip to append distribution label: label key and value length (4111 bytes) greater than maximum size (4096 bytes), key: containerd.io/distribution.source.192.168.122.110: invalid argument"
time="2026-04-16T10:27:33Z" level=warning msg="skip to append distribution label: label key and value length (4113 bytes) greater than maximum size (4096 bytes), key: containerd.io/distribution.source.192.168.122.110: invalid argument"
time="2026-04-16T10:27:33Z" level=warning msg="skip to append distribution label: label key and value length (4113 bytes) greater than maximum size (4096 bytes), key: containerd.io/distribution.source.192.168.122.110: invalid argument"
time="2026-04-16T10:27:33Z" level=warning msg="skip to append distribution label: label key and value length (4113 bytes) greater than maximum size (4096 bytes), key: containerd.io/distribution.source.192.168.122.110: invalid argument"
192.168.122.110:5000/brdnode_1277_r158:latest:                                    resolved       |[32m++++++++++++++++++++++++++++++++++++++[0m| 
index-sha256:774fe4c8b30753f3fd1adef46bfdc7781d2af4cfcd3946f30a89fcabacd308bb:    done           |[32m++++++++++++++++++++++++++++++++++++++[0m| 
manifest-sha256:9b6c7c1a5fd893d22caa0f4af5f740bda7da92b2bb4cf6c296c82a83d54d0fe8: done           |[32m++++++++++++++++++++++++++++++++++++++[0m| 
layer-sha256:13b7e930469f6d3575a320709035c6acf6f5485a76abcf03d1b92a64c09c2476:    done           |[32m++++++++++++++++++++++++++++++++++++++[0m| 
layer-sha256:df29f8535cb8e90713b1adf98e0c3f11e711c309fcb2f45834c31763218a7057:    done           |[32m++++++++++++++++++++++++++++++++++++++[0m| 
layer-sha256:09d3ee67d967eec9f97de5bea4b8d76f8caef1ef4dad8f63c05380b4712c9037:    done           |[32m++++++++++++++++++++++++++++++++++++++[0m| 
config-sha256:d00467b44a6c07d1b434c07583e7a1b4d57c24cfab73a1fc7c531d998d85414a:   done           |[32m++++++++++++++++++++++++++++++++++++++[0m| 
layer-sha256:3bb0e6907157404fad7b659c8fbc1907a331e39f7911b8c9b61c96939ed65552:    done           |[32m++++++++++++++++++++++++++++++++++++++[0m| 
layer-sha256:b1a8b2706032f9c0f354be0daa46f3da6643916a3373ee5d2792dd2def0151d1:    done           |[32m++++++++++++++++++++++++++++++++++++++[0m| 
layer-sha256:ddf13e0d73d21f04d916469b47213fb55a84bed7d35427b0cbfb99d84bda4206:    done           |[32m++++++++++++++++++++++++++++++++++++++[0m| 
layer-sha256:8a29a47395cd3a02d8340f4325004f6ec371681754e5efa24afced2dbdd64272:    done           |[32m++++++++++++++++++++++++++++++++++++++[0m| 
layer-sha256:4f4fb700ef54461cfa02571ae0db9a0dc1e0cdb5577484a6d75e68dc38e8acc1:    done           |[32m++++++++++++++++++++++++++++++++++++++[0m| 
layer-sha256:e59b44c60b0e4bef2712435bc1a530efe229ee8e4ce5e002fab156cab513cd4b:    done           |[32m++++++++++++++++++++++++++++++++++++++[0m| 
layer-sha256:9f441ad30abc48467a6b8a9cda7188811487d4620338337f923a3f1595f847ba:    done           |[32m++++++++++++++++++++++++++++++++++++++[0m| 
layer-sha256:3e740608074eeae180aa78f7de93f4e3f506d73c145d279e73868329fd903bd1:    done           |[32m++++++++++++++++++++++++++++++++++++++[0m| 
layer-sha256:c954e5f88d9d9be1ed732898db6841e22d90078a4c76cf4717c4cc7edc74403e:    done           |[32m++++++++++++++++++++++++++++++++++++++[0m| 
layer-sha256:64a5d8258ce2b42e67330b08d63621bb09cc797b102a21bad4732b2383fa04c0:    done           |[32m++++++++++++++++++++++++++++++++++++++[0m| 
layer-sha256:34608cb22405250243a5e45518fb618d0bea826f8171514b271e7e4c1bef2752:    done           |[32m++++++++++++++++++++++++++++++++++++++[0m| 
layer-sha256:450bb934662efe2c8c55922af96dfccb7cd62066a0861e11b9cc126c9592d6d7:    done           |[32m++++++++++++++++++++++++++++++++++++++[0m| 
layer-sha256:1a7f9b5f95d07fe91d54905506b2d026af174ae72747bc990c15149cf8518803:    done           |[32m++++++++++++++++++++++++++++++++++++++[0m| 
layer-sha256:4accf72faab4ddbb011f63fff24e0656cd1cc9c9ad5293f7e7c0eaf80ed2872f:    done           |[32m++++++++++++++++++++++++++++++++++++++[0m| 
layer-sha256:3b127fffc505594fc2b10fc60d338ebda03e74339c4e3f134891e7ade25e4dbe:    done           |[32m++++++++++++++++++++++++++++++++++++++[0m| 
layer-sha256:7a854a832e188116cb1d9b5b49bd38ec6c14f9cb5f01c6a361be34100c8bc74f:    done           |[32m++++++++++++++++++++++++++++++++++++++[0m| 
layer-sha256:8f696bf85e1b73d272b841ae4cdcb74c4fb672595974f38319a9014980587f11:    done           |[32m++++++++++++++++++++++++++++++++++++++[0m| 
layer-sha256:48c63a55731a94aca37cae003a86d51ad1bf47e899bd1a6aeac76bb8688740c7:    done           |[32m++++++++++++++++++++++++++++++++++++++[0m| 
layer-sha256:2229323296fd0788580520d9635c12357eabeefb98b33f80240f26f398fd9977:    done           |[32m++++++++++++++++++++++++++++++++++++++[0m| 
elapsed: 0.1 s                                                                    total:   0.0 B (0.0 B/s)                                         
unpacking linux/amd64 sha256:774fe4c8b30753f3fd1adef46bfdc7781d2af4cfcd3946f30a89fcabacd308bb...
done: 19.240836ms	
time="2026-04-16T10:27:34Z" level=info msg="host will try HTTPS first since it is configured for HTTP with a TLS configuration, consider changing host to HTTPS or removing unused TLS configuration" host="192.168.122.110:5000"
time="2026-04-16T10:27:34Z" level=info msg="host will try HTTPS first since it is configured for HTTP with a TLS configuration, consider changing host to HTTPS or removing unused TLS configuration" host="192.168.122.110:5000"
time="2026-04-16T10:27:34Z" level=warning msg="skip to append distribution label: label key and value length (4113 bytes) greater than maximum size (4096 bytes), key: containerd.io/distribution.source.192.168.122.110: invalid argument"
time="2026-04-16T10:27:34Z" level=warning msg="skip to append distribution label: label key and value length (4113 bytes) greater than maximum size (4096 bytes), key: containerd.io/distribution.source.192.168.122.110: invalid argument"
time="2026-04-16T10:27:34Z" level=warning msg="skip to append distribution label: label key and value length (4113 bytes) greater than maximum size (4096 bytes), key: containerd.io/distribution.source.192.168.122.110: invalid argument"
time="2026-04-16T10:27:34Z" level=warning msg="skip to append distribution label: label key and value length (4113 bytes) greater than maximum size (4096 bytes), key: containerd.io/distribution.source.192.168.122.110: invalid argument"
time="2026-04-16T10:27:34Z" level=warning msg="skip to append distribution label: label key and value length (4113 bytes) greater than maximum size (4096 bytes), key: containerd.io/distribution.source.192.168.122.110: invalid argument"
time="2026-04-16T10:27:34Z" level=warning msg="skip to append distribution label: label key and value length (4113 bytes) greater than maximum size (4096 bytes), key: containerd.io/distribution.source.192.168.122.110: invalid argument"
time="2026-04-16T10:27:34Z" level=warning msg="skip to append distribution label: label key and value length (4111 bytes) greater than maximum size (4096 bytes), key: containerd.io/distribution.source.192.168.122.110: invalid argument"
time="2026-04-16T10:27:34Z" level=warning msg="skip to append distribution label: label key and value length (4113 bytes) greater than maximum size (4096 bytes), key: containerd.io/distribution.source.192.168.122.110: invalid argument"
192.168.122.110:5000/brdnode_1277_r167:latest:                                    resolved       |[32m++++++++++++++++++++++++++++++++++++++[0m| 
index-sha256:da233548813254ec7f84571a3da86de0b8273b8f35fdd0598773f044b5f7a536:    done           |[32m++++++++++++++++++++++++++++++++++++++[0m| 
manifest-sha256:56ac70fe9a8ada2234a51c5dbf5042a331a7f58d41c16191b287b6cd4c672db2: done           |[32m++++++++++++++++++++++++++++++++++++++[0m| 
layer-sha256:450bb934662efe2c8c55922af96dfccb7cd62066a0861e11b9cc126c9592d6d7:    done           |[32m++++++++++++++++++++++++++++++++++++++[0m| 
layer-sha256:6beea498af729a137b2e7ef21023f32c2df7f52a8d2f79113fb585c3d19cfc81:    done           |[32m++++++++++++++++++++++++++++++++++++++[0m| 
layer-sha256:13b7e930469f6d3575a320709035c6acf6f5485a76abcf03d1b92a64c09c2476:    done           |[32m++++++++++++++++++++++++++++++++++++++[0m| 
layer-sha256:c954e5f88d9d9be1ed732898db6841e22d90078a4c76cf4717c4cc7edc74403e:    done           |[32m++++++++++++++++++++++++++++++++++++++[0m| 
layer-sha256:34608cb22405250243a5e45518fb618d0bea826f8171514b271e7e4c1bef2752:    done           |[32m++++++++++++++++++++++++++++++++++++++[0m| 
layer-sha256:4accf72faab4ddbb011f63fff24e0656cd1cc9c9ad5293f7e7c0eaf80ed2872f:    done           |[32m++++++++++++++++++++++++++++++++++++++[0m| 
layer-sha256:3e740608074eeae180aa78f7de93f4e3f506d73c145d279e73868329fd903bd1:    done           |[32m++++++++++++++++++++++++++++++++++++++[0m| 
layer-sha256:b8bd85641f602fafe45addf17de7f2a2ba143da74597f7e6ad80c071126464d9:    done           |[32m++++++++++++++++++++++++++++++++++++++[0m| 
layer-sha256:4c9ba01697dff7fd84d5b529f414717e7f00f49066ebb78916fdd7f52b1b6aa9:    done           |[32m++++++++++++++++++++++++++++++++++++++[0m| 
layer-sha256:48c63a55731a94aca37cae003a86d51ad1bf47e899bd1a6aeac76bb8688740c7:    done           |[32m++++++++++++++++++++++++++++++++++++++[0m| 
layer-sha256:9f441ad30abc48467a6b8a9cda7188811487d4620338337f923a3f1595f847ba:    done           |[32m++++++++++++++++++++++++++++++++++++++[0m| 
layer-sha256:0c6c5401187fb568ccac4d9b83dc6af6aa7319a8c0226c95c8dd143c85b8a4ea:    done           |[32m++++++++++++++++++++++++++++++++++++++[0m| 
config-sha256:53632a6bc09881e9ae7fa5a2b0029fc323a3d78858067c30c0a063a0f7dacaf2:   done           |[32m++++++++++++++++++++++++++++++++++++++[0m| 
layer-sha256:2229323296fd0788580520d9635c12357eabeefb98b33f80240f26f398fd9977:    done           |[32m++++++++++++++++++++++++++++++++++++++[0m| 
layer-sha256:7a854a832e188116cb1d9b5b49bd38ec6c14f9cb5f01c6a361be34100c8bc74f:    done           |[32m++++++++++++++++++++++++++++++++++++++[0m| 
layer-sha256:4f4fb700ef54461cfa02571ae0db9a0dc1e0cdb5577484a6d75e68dc38e8acc1:    done           |[32m++++++++++++++++++++++++++++++++++++++[0m| 
layer-sha256:e59b44c60b0e4bef2712435bc1a530efe229ee8e4ce5e002fab156cab513cd4b:    done           |[32m++++++++++++++++++++++++++++++++++++++[0m| 
layer-sha256:b1a8b2706032f9c0f354be0daa46f3da6643916a3373ee5d2792dd2def0151d1:    done           |[32m++++++++++++++++++++++++++++++++++++++[0m| 
layer-sha256:8a29a47395cd3a02d8340f4325004f6ec371681754e5efa24afced2dbdd64272:    done           |[32m++++++++++++++++++++++++++++++++++++++[0m| 
layer-sha256:ccce74317f64ba419ac225bc46db61081f82ea8b9310b15428d3975491caddb0:    done           |[32m++++++++++++++++++++++++++++++++++++++[0m| 
layer-sha256:64a5d8258ce2b42e67330b08d63621bb09cc797b102a21bad4732b2383fa04c0:    done           |[32m++++++++++++++++++++++++++++++++++++++[0m| 
layer-sha256:65c696e49795e08da17d6ce251ae053fb81dcefab6621eb96282ce415f38f82a:    done           |[32m++++++++++++++++++++++++++++++++++++++[0m| 
layer-sha256:3bb0e6907157404fad7b659c8fbc1907a331e39f7911b8c9b61c96939ed65552:    done           |[32m++++++++++++++++++++++++++++++++++++++[0m| 
elapsed: 0.1 s                                                                    total:   0.0 B (0.0 B/s)                                         
unpacking linux/amd64 sha256:da233548813254ec7f84571a3da86de0b8273b8f35fdd0598773f044b5f7a536...
done: 21.639573ms	
time="2026-04-16T10:27:35Z" level=info msg="host will try HTTPS first since it is configured for HTTP with a TLS configuration, consider changing host to HTTPS or removing unused TLS configuration" host="192.168.122.110:5000"
time="2026-04-16T10:27:35Z" level=info msg="host will try HTTPS first since it is configured for HTTP with a TLS configuration, consider changing host to HTTPS or removing unused TLS configuration" host="192.168.122.110:5000"
192.168.122.110:5000/brdnode_1277_r16:latest:                                     resolved       |[32m++++++++++++++++++++++++++++++++++++++[0m| 
index-sha256:dcc24ea0b09eef7a36030cda36e750b8439e5dbac1d7c26d3083d8a369e0f65b:    done           |[32m++++++++++++++++++++++++++++++++++++++[0m| 
manifest-sha256:ee03de42f9038b2bfaf8f8c4da54414740d1dc61904c8216dcae7f7fa603bba5: done           |[32m++++++++++++++++++++++++++++++++++++++[0m| 
layer-sha256:1df615da8466b39dadbcb122f6290b6180bdcbbe62e8fa389e61eda102924c23:    done           |[32m++++++++++++++++++++++++++++++++++++++[0m| 
layer-sha256:64a5d8258ce2b42e67330b08d63621bb09cc797b102a21bad4732b2383fa04c0:    done           |[32m++++++++++++++++++++++++++++++++++++++[0m| 
layer-sha256:2229323296fd0788580520d9635c12357eabeefb98b33f80240f26f398fd9977:    done           |[32m++++++++++++++++++++++++++++++++++++++[0m| 
layer-sha256:ac0bd80c3082b01ada4af18b1b41aa24a0c56cdcc4e54256cd5a1576e238ad5b:    done           |[32m++++++++++++++++++++++++++++++++++++++[0m| 
layer-sha256:7a854a832e188116cb1d9b5b49bd38ec6c14f9cb5f01c6a361be34100c8bc74f:    done           |[32m++++++++++++++++++++++++++++++++++++++[0m| 
layer-sha256:6d0c9bc8168debc538ae3b1efecf8102ec80f722962a126e905fae1f8479dd5b:    done           |[32m++++++++++++++++++++++++++++++++++++++[0m| 
layer-sha256:bfb60d3960a803a3d0221247af8d14190f338dcbd8702c8c6ac3568b932d83dd:    done           |[32m++++++++++++++++++++++++++++++++++++++[0m| 
config-sha256:0d789d94455bbb0a7a657f888b9c87d41fca46f4a159972ed8c28c2155b5928b:   done           |[32m++++++++++++++++++++++++++++++++++++++[0m| 
layer-sha256:9937459625cae70d4168720331fdb63ba1ad74ff6d9eca3dd39acce324467f07:    done           |[32m++++++++++++++++++++++++++++++++++++++[0m| 
layer-sha256:48c63a55731a94aca37cae003a86d51ad1bf47e899bd1a6aeac76bb8688740c7:    done           |[32m++++++++++++++++++++++++++++++++++++++[0m| 
layer-sha256:13b7e930469f6d3575a320709035c6acf6f5485a76abcf03d1b92a64c09c2476:    done           |[32m++++++++++++++++++++++++++++++++++++++[0m| 
layer-sha256:1038066f8cbd960e29cbca0185f105147df4f64035f7607643e371d72f6a96f8:    done           |[32m++++++++++++++++++++++++++++++++++++++[0m| 
layer-sha256:e59b44c60b0e4bef2712435bc1a530efe229ee8e4ce5e002fab156cab513cd4b:    done           |[32m++++++++++++++++++++++++++++++++++++++[0m| 
layer-sha256:44fe93ee74dcff2b6d5bffd3030f4294ccdc80c6edd45bd26aaf26e8a28ef364:    done           |[32m++++++++++++++++++++++++++++++++++++++[0m| 
layer-sha256:8a29a47395cd3a02d8340f4325004f6ec371681754e5efa24afced2dbdd64272:    done           |[32m++++++++++++++++++++++++++++++++++++++[0m| 
layer-sha256:4accf72faab4ddbb011f63fff24e0656cd1cc9c9ad5293f7e7c0eaf80ed2872f:    done           |[32m++++++++++++++++++++++++++++++++++++++[0m| 
layer-sha256:9f441ad30abc48467a6b8a9cda7188811487d4620338337f923a3f1595f847ba:    done           |[32m++++++++++++++++++++++++++++++++++++++[0m| 
layer-sha256:b1a8b2706032f9c0f354be0daa46f3da6643916a3373ee5d2792dd2def0151d1:    done           |[32m++++++++++++++++++++++++++++++++++++++[0m| 
layer-sha256:4f4fb700ef54461cfa02571ae0db9a0dc1e0cdb5577484a6d75e68dc38e8acc1:    done           |[32m++++++++++++++++++++++++++++++++++++++[0m| 
layer-sha256:3e740608074eeae180aa78f7de93f4e3f506d73c145d279e73868329fd903bd1:    done           |[32m++++++++++++++++++++++++++++++++++++++[0m| 
layer-sha256:450bb934662efe2c8c55922af96dfccb7cd62066a0861e11b9cc126c9592d6d7:    done           |[32m++++++++++++++++++++++++++++++++++++++[0m| 
layer-sha256:34608cb22405250243a5e45518fb618d0bea826f8171514b271e7e4c1bef2752:    done           |[32m++++++++++++++++++++++++++++++++++++++[0m| 
layer-sha256:c954e5f88d9d9be1ed732898db6841e22d90078a4c76cf4717c4cc7edc74403e:    done           |[32m++++++++++++++++++++++++++++++++++++++[0m| 
elapsed: 0.1 s                                                                    total:   0.0 B (0.0 B/s)                                         
unpacking linux/amd64 sha256:dcc24ea0b09eef7a36030cda36e750b8439e5dbac1d7c26d3083d8a369e0f65b...
done: 20.041248ms	
time="2026-04-16T10:27:36Z" level=info msg="host will try HTTPS first since it is configured for HTTP with a TLS configuration, consider changing host to HTTPS or removing unused TLS configuration" host="192.168.122.110:5000"
time="2026-04-16T10:27:36Z" level=info msg="host will try HTTPS first since it is configured for HTTP with a TLS configuration, consider changing host to HTTPS or removing unused TLS configuration" host="192.168.122.110:5000"
time="2026-04-16T10:27:36Z" level=warning msg="skip to append distribution label: label key and value length (4113 bytes) greater than maximum size (4096 bytes), key: containerd.io/distribution.source.192.168.122.110: invalid argument"
time="2026-04-16T10:27:36Z" level=warning msg="skip to append distribution label: label key and value length (4113 bytes) greater than maximum size (4096 bytes), key: containerd.io/distribution.source.192.168.122.110: invalid argument"
time="2026-04-16T10:27:36Z" level=warning msg="skip to append distribution label: label key and value length (4113 bytes) greater than maximum size (4096 bytes), key: containerd.io/distribution.source.192.168.122.110: invalid argument"
time="2026-04-16T10:27:36Z" level=warning msg="skip to append distribution label: label key and value length (4111 bytes) greater than maximum size (4096 bytes), key: containerd.io/distribution.source.192.168.122.110: invalid argument"
time="2026-04-16T10:27:36Z" level=warning msg="skip to append distribution label: label key and value length (4113 bytes) greater than maximum size (4096 bytes), key: containerd.io/distribution.source.192.168.122.110: invalid argument"
time="2026-04-16T10:27:36Z" level=warning msg="skip to append distribution label: label key and value length (4113 bytes) greater than maximum size (4096 bytes), key: containerd.io/distribution.source.192.168.122.110: invalid argument"
time="2026-04-16T10:27:36Z" level=warning msg="skip to append distribution label: label key and value length (4113 bytes) greater than maximum size (4096 bytes), key: containerd.io/distribution.source.192.168.122.110: invalid argument"
time="2026-04-16T10:27:36Z" level=warning msg="skip to append distribution label: label key and value length (4113 bytes) greater than maximum size (4096 bytes), key: containerd.io/distribution.source.192.168.122.110: invalid argument"
192.168.122.110:5000/brdnode_1277_r171:latest:                                    resolved       |[32m++++++++++++++++++++++++++++++++++++++[0m| 
index-sha256:37d710a49aaec75ae577a267fe7e61958b38e24686dde9aaa21d7a0e83b1f7a7:    done           |[32m++++++++++++++++++++++++++++++++++++++[0m| 
manifest-sha256:3e245bdfb0c6a6032ce758be7e079375b35b5880f138a5fa20c53760927bf1a2: done           |[32m++++++++++++++++++++++++++++++++++++++[0m| 
config-sha256:c45d502de4e04b0743017dd1d01cc438fdbcf988303332f6523ee9a1de547aac:   done           |[32m++++++++++++++++++++++++++++++++++++++[0m| 
layer-sha256:b1a8b2706032f9c0f354be0daa46f3da6643916a3373ee5d2792dd2def0151d1:    done           |[32m++++++++++++++++++++++++++++++++++++++[0m| 
layer-sha256:c954e5f88d9d9be1ed732898db6841e22d90078a4c76cf4717c4cc7edc74403e:    done           |[32m++++++++++++++++++++++++++++++++++++++[0m| 
layer-sha256:3e740608074eeae180aa78f7de93f4e3f506d73c145d279e73868329fd903bd1:    done           |[32m++++++++++++++++++++++++++++++++++++++[0m| 
layer-sha256:4accf72faab4ddbb011f63fff24e0656cd1cc9c9ad5293f7e7c0eaf80ed2872f:    done           |[32m++++++++++++++++++++++++++++++++++++++[0m| 
layer-sha256:cefc6c3f0979f82dbc98300af1c03d053d04ec915dfaaad7c85cc73433c3ffcd:    done           |[32m++++++++++++++++++++++++++++++++++++++[0m| 
layer-sha256:13b7e930469f6d3575a320709035c6acf6f5485a76abcf03d1b92a64c09c2476:    done           |[32m++++++++++++++++++++++++++++++++++++++[0m| 
layer-sha256:e59b44c60b0e4bef2712435bc1a530efe229ee8e4ce5e002fab156cab513cd4b:    done           |[32m++++++++++++++++++++++++++++++++++++++[0m| 
layer-sha256:4f4fb700ef54461cfa02571ae0db9a0dc1e0cdb5577484a6d75e68dc38e8acc1:    done           |[32m++++++++++++++++++++++++++++++++++++++[0m| 
layer-sha256:34608cb22405250243a5e45518fb618d0bea826f8171514b271e7e4c1bef2752:    done           |[32m++++++++++++++++++++++++++++++++++++++[0m| 
layer-sha256:2229323296fd0788580520d9635c12357eabeefb98b33f80240f26f398fd9977:    done           |[32m++++++++++++++++++++++++++++++++++++++[0m| 
layer-sha256:450bb934662efe2c8c55922af96dfccb7cd62066a0861e11b9cc126c9592d6d7:    done           |[32m++++++++++++++++++++++++++++++++++++++[0m| 
layer-sha256:1ac532d8aa1d11e54cdb32cb89805de5270341120aa5d2e93d18684650a64ff3:    done           |[32m++++++++++++++++++++++++++++++++++++++[0m| 
layer-sha256:64a5d8258ce2b42e67330b08d63621bb09cc797b102a21bad4732b2383fa04c0:    done           |[32m++++++++++++++++++++++++++++++++++++++[0m| 
layer-sha256:48c63a55731a94aca37cae003a86d51ad1bf47e899bd1a6aeac76bb8688740c7:    done           |[32m++++++++++++++++++++++++++++++++++++++[0m| 
layer-sha256:8a29a47395cd3a02d8340f4325004f6ec371681754e5efa24afced2dbdd64272:    done           |[32m++++++++++++++++++++++++++++++++++++++[0m| 
layer-sha256:fba684e8135ff5eafccdf00de83b8dd9111859208639f477fa1556081bbab4fb:    done           |[32m++++++++++++++++++++++++++++++++++++++[0m| 
layer-sha256:165fcc751eca9bc79c47f39f1e55a6768ba1e168f3d46e15f9598f403b37408d:    done           |[32m++++++++++++++++++++++++++++++++++++++[0m| 
layer-sha256:993b95b34cb8cf3456ce1da2d36b1cb1204623c435115c7cf7036254b2fc9f0a:    done           |[32m++++++++++++++++++++++++++++++++++++++[0m| 
layer-sha256:9f441ad30abc48467a6b8a9cda7188811487d4620338337f923a3f1595f847ba:    done           |[32m++++++++++++++++++++++++++++++++++++++[0m| 
layer-sha256:7a854a832e188116cb1d9b5b49bd38ec6c14f9cb5f01c6a361be34100c8bc74f:    done           |[32m++++++++++++++++++++++++++++++++++++++[0m| 
layer-sha256:3bb0e6907157404fad7b659c8fbc1907a331e39f7911b8c9b61c96939ed65552:    done           |[32m++++++++++++++++++++++++++++++++++++++[0m| 
layer-sha256:a3907ecaf1919f3980e7afc18663ca4536ffaf2d32365374eed0f1c19ddaf953:    done           |[32m++++++++++++++++++++++++++++++++++++++[0m| 
elapsed: 0.1 s                                                                    total:   0.0 B (0.0 B/s)                                         
unpacking linux/amd64 sha256:37d710a49aaec75ae577a267fe7e61958b38e24686dde9aaa21d7a0e83b1f7a7...
done: 14.144531ms	
time="2026-04-16T10:27:37Z" level=info msg="host will try HTTPS first since it is configured for HTTP with a TLS configuration, consider changing host to HTTPS or removing unused TLS configuration" host="192.168.122.110:5000"
time="2026-04-16T10:27:37Z" level=info msg="host will try HTTPS first since it is configured for HTTP with a TLS configuration, consider changing host to HTTPS or removing unused TLS configuration" host="192.168.122.110:5000"
192.168.122.110:5000/brdnode_1277_r17:latest:                                     resolved       |[32m++++++++++++++++++++++++++++++++++++++[0m| 
index-sha256:6a413b9c9063b5a309ac0dde25c6d72082ed896840863c2b78fa101f7edc6085:    done           |[32m++++++++++++++++++++++++++++++++++++++[0m| 
manifest-sha256:cba3e146ff9f43e1be05dbc3d3a95004dcb8bd64e983b5bdf62119146b7b1b03: done           |[32m++++++++++++++++++++++++++++++++++++++[0m| 
layer-sha256:34608cb22405250243a5e45518fb618d0bea826f8171514b271e7e4c1bef2752:    done           |[32m++++++++++++++++++++++++++++++++++++++[0m| 
config-sha256:a108c1ff578143b976c32144b20c2834dbf1c51f101a32e3b63a2657489c29d5:   done           |[32m++++++++++++++++++++++++++++++++++++++[0m| 
layer-sha256:13b7e930469f6d3575a320709035c6acf6f5485a76abcf03d1b92a64c09c2476:    done           |[32m++++++++++++++++++++++++++++++++++++++[0m| 
layer-sha256:640c0a26c923a1fb2f012af4a8694435b8c3f3da78c5c377fbccbac37578229e:    done           |[32m++++++++++++++++++++++++++++++++++++++[0m| 
layer-sha256:a9199931c26774c13bbede92efa6d8ba6def7bddb47e1c54e0417551c791eb76:    done           |[32m++++++++++++++++++++++++++++++++++++++[0m| 
layer-sha256:2229323296fd0788580520d9635c12357eabeefb98b33f80240f26f398fd9977:    done           |[32m++++++++++++++++++++++++++++++++++++++[0m| 
layer-sha256:f9bccb1de347c6c5747938ece7e85226736ab58a6245e0805ddcba3fd571f48d:    done           |[32m++++++++++++++++++++++++++++++++++++++[0m| 
layer-sha256:b1a8b2706032f9c0f354be0daa46f3da6643916a3373ee5d2792dd2def0151d1:    done           |[32m++++++++++++++++++++++++++++++++++++++[0m| 
layer-sha256:e59b44c60b0e4bef2712435bc1a530efe229ee8e4ce5e002fab156cab513cd4b:    done           |[32m++++++++++++++++++++++++++++++++++++++[0m| 
layer-sha256:7a854a832e188116cb1d9b5b49bd38ec6c14f9cb5f01c6a361be34100c8bc74f:    done           |[32m++++++++++++++++++++++++++++++++++++++[0m| 
layer-sha256:9f441ad30abc48467a6b8a9cda7188811487d4620338337f923a3f1595f847ba:    done           |[32m++++++++++++++++++++++++++++++++++++++[0m| 
layer-sha256:4f4fb700ef54461cfa02571ae0db9a0dc1e0cdb5577484a6d75e68dc38e8acc1:    done           |[32m++++++++++++++++++++++++++++++++++++++[0m| 
layer-sha256:e42cce4e58e78531ffd5fde1b89e8e71957cbb51b70cc93450a29ea2a766a099:    done           |[32m++++++++++++++++++++++++++++++++++++++[0m| 
layer-sha256:3e740608074eeae180aa78f7de93f4e3f506d73c145d279e73868329fd903bd1:    done           |[32m++++++++++++++++++++++++++++++++++++++[0m| 
layer-sha256:64a5d8258ce2b42e67330b08d63621bb09cc797b102a21bad4732b2383fa04c0:    done           |[32m++++++++++++++++++++++++++++++++++++++[0m| 
layer-sha256:91ea8088865cf70b155653c6d5828ffd6c91ade1dba8ce2470669345dbc80adc:    done           |[32m++++++++++++++++++++++++++++++++++++++[0m| 
layer-sha256:74ea7a0697e9881db398f20b5dab407a8b6704756162a3820654aa6ca0aa882b:    done           |[32m++++++++++++++++++++++++++++++++++++++[0m| 
layer-sha256:e9ebe3b5ac990961b7856ea9c71eb1c7f6ae60ec9c72be43ff2f0bef32cdcf66:    done           |[32m++++++++++++++++++++++++++++++++++++++[0m| 
layer-sha256:c954e5f88d9d9be1ed732898db6841e22d90078a4c76cf4717c4cc7edc74403e:    done           |[32m++++++++++++++++++++++++++++++++++++++[0m| 
layer-sha256:450bb934662efe2c8c55922af96dfccb7cd62066a0861e11b9cc126c9592d6d7:    done           |[32m++++++++++++++++++++++++++++++++++++++[0m| 
layer-sha256:4accf72faab4ddbb011f63fff24e0656cd1cc9c9ad5293f7e7c0eaf80ed2872f:    done           |[32m++++++++++++++++++++++++++++++++++++++[0m| 
layer-sha256:48c63a55731a94aca37cae003a86d51ad1bf47e899bd1a6aeac76bb8688740c7:    done           |[32m++++++++++++++++++++++++++++++++++++++[0m| 
layer-sha256:8a29a47395cd3a02d8340f4325004f6ec371681754e5efa24afced2dbdd64272:    done           |[32m++++++++++++++++++++++++++++++++++++++[0m| 
elapsed: 0.1 s                                                                    total:   0.0 B (0.0 B/s)                                         
unpacking linux/amd64 sha256:6a413b9c9063b5a309ac0dde25c6d72082ed896840863c2b78fa101f7edc6085...
done: 17.492321ms	
time="2026-04-16T10:27:37Z" level=info msg="host will try HTTPS first since it is configured for HTTP with a TLS configuration, consider changing host to HTTPS or removing unused TLS configuration" host="192.168.122.110:5000"
time="2026-04-16T10:27:37Z" level=info msg="host will try HTTPS first since it is configured for HTTP with a TLS configuration, consider changing host to HTTPS or removing unused TLS configuration" host="192.168.122.110:5000"
time="2026-04-16T10:27:37Z" level=warning msg="skip to append distribution label: label key and value length (4113 bytes) greater than maximum size (4096 bytes), key: containerd.io/distribution.source.192.168.122.110: invalid argument"
time="2026-04-16T10:27:37Z" level=warning msg="skip to append distribution label: label key and value length (4113 bytes) greater than maximum size (4096 bytes), key: containerd.io/distribution.source.192.168.122.110: invalid argument"
time="2026-04-16T10:27:37Z" level=warning msg="skip to append distribution label: label key and value length (4113 bytes) greater than maximum size (4096 bytes), key: containerd.io/distribution.source.192.168.122.110: invalid argument"
time="2026-04-16T10:27:37Z" level=warning msg="skip to append distribution label: label key and value length (4111 bytes) greater than maximum size (4096 bytes), key: containerd.io/distribution.source.192.168.122.110: invalid argument"
time="2026-04-16T10:27:37Z" level=warning msg="skip to append distribution label: label key and value length (4113 bytes) greater than maximum size (4096 bytes), key: containerd.io/distribution.source.192.168.122.110: invalid argument"
time="2026-04-16T10:27:37Z" level=warning msg="skip to append distribution label: label key and value length (4113 bytes) greater than maximum size (4096 bytes), key: containerd.io/distribution.source.192.168.122.110: invalid argument"
time="2026-04-16T10:27:37Z" level=warning msg="skip to append distribution label: label key and value length (4113 bytes) greater than maximum size (4096 bytes), key: containerd.io/distribution.source.192.168.122.110: invalid argument"
time="2026-04-16T10:27:37Z" level=warning msg="skip to append distribution label: label key and value length (4113 bytes) greater than maximum size (4096 bytes), key: containerd.io/distribution.source.192.168.122.110: invalid argument"
192.168.122.110:5000/brdnode_1277_r189:latest:                                    resolved       |[32m++++++++++++++++++++++++++++++++++++++[0m| 
index-sha256:1a0f3d3df9c681244bde5af08283336ba32cbb1d591d519d9a6def066fcfbcad:    done           |[32m++++++++++++++++++++++++++++++++++++++[0m| 
manifest-sha256:5bb9d5dddb888248fc38720af6ae4f5bc8920a4a7cdcaa5604485da0bbcb3028: done           |[32m++++++++++++++++++++++++++++++++++++++[0m| 
layer-sha256:34608cb22405250243a5e45518fb618d0bea826f8171514b271e7e4c1bef2752:    done           |[32m++++++++++++++++++++++++++++++++++++++[0m| 
layer-sha256:13b7e930469f6d3575a320709035c6acf6f5485a76abcf03d1b92a64c09c2476:    done           |[32m++++++++++++++++++++++++++++++++++++++[0m| 
config-sha256:9a51edf15aad4dcfa467e70dcb08a9c8bc988505ca07ce3b55197a50be34cf50:   done           |[32m++++++++++++++++++++++++++++++++++++++[0m| 
layer-sha256:fa763b9a9ac545a539b0a7ee0a9020a07bb7f189d158f2db8744a36f74621340:    done           |[32m++++++++++++++++++++++++++++++++++++++[0m| 
layer-sha256:3bb0e6907157404fad7b659c8fbc1907a331e39f7911b8c9b61c96939ed65552:    done           |[32m++++++++++++++++++++++++++++++++++++++[0m| 
layer-sha256:2229323296fd0788580520d9635c12357eabeefb98b33f80240f26f398fd9977:    done           |[32m++++++++++++++++++++++++++++++++++++++[0m| 
layer-sha256:7a854a832e188116cb1d9b5b49bd38ec6c14f9cb5f01c6a361be34100c8bc74f:    done           |[32m++++++++++++++++++++++++++++++++++++++[0m| 
layer-sha256:b1a8b2706032f9c0f354be0daa46f3da6643916a3373ee5d2792dd2def0151d1:    done           |[32m++++++++++++++++++++++++++++++++++++++[0m| 
layer-sha256:e59b44c60b0e4bef2712435bc1a530efe229ee8e4ce5e002fab156cab513cd4b:    done           |[32m++++++++++++++++++++++++++++++++++++++[0m| 
layer-sha256:9f441ad30abc48467a6b8a9cda7188811487d4620338337f923a3f1595f847ba:    done           |[32m++++++++++++++++++++++++++++++++++++++[0m| 
layer-sha256:3e740608074eeae180aa78f7de93f4e3f506d73c145d279e73868329fd903bd1:    done           |[32m++++++++++++++++++++++++++++++++++++++[0m| 
layer-sha256:2a2acea915c76f0a1617c0256d3c482b026e8a9b8b04b042cd804cb758c2dfea:    done           |[32m++++++++++++++++++++++++++++++++++++++[0m| 
layer-sha256:4f4fb700ef54461cfa02571ae0db9a0dc1e0cdb5577484a6d75e68dc38e8acc1:    done           |[32m++++++++++++++++++++++++++++++++++++++[0m| 
layer-sha256:0cb6491f363609811533a6bd954399ed84fcb3e795f36d2a0316e62905a5f078:    done           |[32m++++++++++++++++++++++++++++++++++++++[0m| 
layer-sha256:a1ae5cdf3b38b7de42a22a55dc8561bcc9fa5670fdf29524556b0e2497470afb:    done           |[32m++++++++++++++++++++++++++++++++++++++[0m| 
layer-sha256:44ff7cd07962806355f4406584ac4b49d18f7c3b5649d9784412b79c1bba7e10:    done           |[32m++++++++++++++++++++++++++++++++++++++[0m| 
layer-sha256:48c63a55731a94aca37cae003a86d51ad1bf47e899bd1a6aeac76bb8688740c7:    done           |[32m++++++++++++++++++++++++++++++++++++++[0m| 
layer-sha256:c954e5f88d9d9be1ed732898db6841e22d90078a4c76cf4717c4cc7edc74403e:    done           |[32m++++++++++++++++++++++++++++++++++++++[0m| 
layer-sha256:450bb934662efe2c8c55922af96dfccb7cd62066a0861e11b9cc126c9592d6d7:    done           |[32m++++++++++++++++++++++++++++++++++++++[0m| 
layer-sha256:4accf72faab4ddbb011f63fff24e0656cd1cc9c9ad5293f7e7c0eaf80ed2872f:    done           |[32m++++++++++++++++++++++++++++++++++++++[0m| 
layer-sha256:8a29a47395cd3a02d8340f4325004f6ec371681754e5efa24afced2dbdd64272:    done           |[32m++++++++++++++++++++++++++++++++++++++[0m| 
layer-sha256:64a5d8258ce2b42e67330b08d63621bb09cc797b102a21bad4732b2383fa04c0:    done           |[32m++++++++++++++++++++++++++++++++++++++[0m| 
layer-sha256:efd08b0c52a50859600154e04bd9b02ca122da44ad72a518ba94c3d66c12ae0c:    done           |[32m++++++++++++++++++++++++++++++++++++++[0m| 
elapsed: 0.1 s                                                                    total:   0.0 B (0.0 B/s)                                         
unpacking linux/amd64 sha256:1a0f3d3df9c681244bde5af08283336ba32cbb1d591d519d9a6def066fcfbcad...
done: 19.890758ms	
time="2026-04-16T10:27:38Z" level=info msg="host will try HTTPS first since it is configured for HTTP with a TLS configuration, consider changing host to HTTPS or removing unused TLS configuration" host="192.168.122.110:5000"
time="2026-04-16T10:27:38Z" level=info msg="host will try HTTPS first since it is configured for HTTP with a TLS configuration, consider changing host to HTTPS or removing unused TLS configuration" host="192.168.122.110:5000"
time="2026-04-16T10:27:38Z" level=error msg="failed to get content info" error="context canceled"
192.168.122.110:5000/brdnode_1277_r18:latest:                                     resolved       |[32m++++++++++++++++++++++++++++++++++++++[0m| 
index-sha256:df783893cf0d61f2cbbcd697065febfd29ec3ae62ea194d2e0429f2ecbb26333:    exists         |[32m++++++++++++++++++++++++++++++++++++++[0m| 
manifest-sha256:1cdf13d39aaa8551f873bb5b1e20a8265ee43056ed2d333b9a69be0b85900b24: exists         |[32m++++++++++++++++++++++++++++++++++++++[0m| 
layer-sha256:8a29a47395cd3a02d8340f4325004f6ec371681754e5efa24afced2dbdd64272:    exists         |[32m++++++++++++++++++++++++++++++++++++++[0m| 
layer-sha256:671ad0c8fa6bb70298b0d0c25115ad58e6239b31beaaeead2f6967b601013c01:    done           |[32m++++++++++++++++++++++++++++++++++++++[0m| 
layer-sha256:c954e5f88d9d9be1ed732898db6841e22d90078a4c76cf4717c4cc7edc74403e:    done           |[32m++++++++++++++++++++++++++++++++++++++[0m| 
layer-sha256:3966a39e131e439ac10a34403e86881eb5d8e5af52a7647afabc570f6c426db1:    done           |[32m++++++++++++++++++++++++++++++++++++++[0m| 
layer-sha256:47076e3e442cd82fc722d12af1df5016794b4e3c5b55b5d906b7d85d85576cb1:    done           |[32m++++++++++++++++++++++++++++++++++++++[0m| 
layer-sha256:b1a8b2706032f9c0f354be0daa46f3da6643916a3373ee5d2792dd2def0151d1:    done           |[32m++++++++++++++++++++++++++++++++++++++[0m| 
layer-sha256:4f4fb700ef54461cfa02571ae0db9a0dc1e0cdb5577484a6d75e68dc38e8acc1:    done           |[32m++++++++++++++++++++++++++++++++++++++[0m| 
layer-sha256:64a5d8258ce2b42e67330b08d63621bb09cc797b102a21bad4732b2383fa04c0:    done           |[32m++++++++++++++++++++++++++++++++++++++[0m| 
layer-sha256:7b70f61af58bcc0ae89e2e9945941ec8bb2ceb3e70ce91dd6a0b2c3e0f1c1999:    done           |[32m++++++++++++++++++++++++++++++++++++++[0m| 
layer-sha256:4accf72faab4ddbb011f63fff24e0656cd1cc9c9ad5293f7e7c0eaf80ed2872f:    done           |[32m++++++++++++++++++++++++++++++++++++++[0m| 
config-sha256:36b7dfb2ed5667c7eeba55878f0e6df76a1b263d24cbe8608882b6de863fa68e:   done           |[32m++++++++++++++++++++++++++++++++++++++[0m| 
layer-sha256:7a854a832e188116cb1d9b5b49bd38ec6c14f9cb5f01c6a361be34100c8bc74f:    done           |[32m++++++++++++++++++++++++++++++++++++++[0m| 
layer-sha256:34608cb22405250243a5e45518fb618d0bea826f8171514b271e7e4c1bef2752:    done           |[32m++++++++++++++++++++++++++++++++++++++[0m| 
layer-sha256:6481ccfa2f686099ce4c7a9d7e38f8d6fc93e4b0bd0ad089fd6933d31bf9fdeb:    done           |[32m++++++++++++++++++++++++++++++++++++++[0m| 
layer-sha256:13b7e930469f6d3575a320709035c6acf6f5485a76abcf03d1b92a64c09c2476:    done           |[32m++++++++++++++++++++++++++++++++++++++[0m| 
layer-sha256:2229323296fd0788580520d9635c12357eabeefb98b33f80240f26f398fd9977:    done           |[32m++++++++++++++++++++++++++++++++++++++[0m| 
layer-sha256:450bb934662efe2c8c55922af96dfccb7cd62066a0861e11b9cc126c9592d6d7:    done           |[32m++++++++++++++++++++++++++++++++++++++[0m| 
layer-sha256:744ece6f224cd8b0b1de49d72c2342a4ddaebf602dcc36188fc1ad416b15065d:    done           |[32m++++++++++++++++++++++++++++++++++++++[0m| 
layer-sha256:48c63a55731a94aca37cae003a86d51ad1bf47e899bd1a6aeac76bb8688740c7:    done           |[32m++++++++++++++++++++++++++++++++++++++[0m| 
layer-sha256:9f441ad30abc48467a6b8a9cda7188811487d4620338337f923a3f1595f847ba:    done           |[32m++++++++++++++++++++++++++++++++++++++[0m| 
layer-sha256:3e740608074eeae180aa78f7de93f4e3f506d73c145d279e73868329fd903bd1:    done           |[32m++++++++++++++++++++++++++++++++++++++[0m| 
layer-sha256:96e9648b2ef5e3e0322673073e02baafffd335542d40feb7580d226f19d92201:    done           |[32m++++++++++++++++++++++++++++++++++++++[0m| 
layer-sha256:e59b44c60b0e4bef2712435bc1a530efe229ee8e4ce5e002fab156cab513cd4b:    done           |[32m++++++++++++++++++++++++++++++++++++++[0m| 
elapsed: 0.2 s                                                                    total:   0.0 B (0.0 B/s)                                         
unpacking linux/amd64 sha256:df783893cf0d61f2cbbcd697065febfd29ec3ae62ea194d2e0429f2ecbb26333...
done: 18.350734ms	
time="2026-04-16T10:27:39Z" level=info msg="host will try HTTPS first since it is configured for HTTP with a TLS configuration, consider changing host to HTTPS or removing unused TLS configuration" host="192.168.122.110:5000"
time="2026-04-16T10:27:39Z" level=info msg="host will try HTTPS first since it is configured for HTTP with a TLS configuration, consider changing host to HTTPS or removing unused TLS configuration" host="192.168.122.110:5000"
time="2026-04-16T10:27:39Z" level=warning msg="skip to append distribution label: label key and value length (4113 bytes) greater than maximum size (4096 bytes), key: containerd.io/distribution.source.192.168.122.110: invalid argument"
time="2026-04-16T10:27:39Z" level=warning msg="skip to append distribution label: label key and value length (4113 bytes) greater than maximum size (4096 bytes), key: containerd.io/distribution.source.192.168.122.110: invalid argument"
time="2026-04-16T10:27:39Z" level=warning msg="skip to append distribution label: label key and value length (4113 bytes) greater than maximum size (4096 bytes), key: containerd.io/distribution.source.192.168.122.110: invalid argument"
time="2026-04-16T10:27:39Z" level=warning msg="skip to append distribution label: label key and value length (4113 bytes) greater than maximum size (4096 bytes), key: containerd.io/distribution.source.192.168.122.110: invalid argument"
time="2026-04-16T10:27:39Z" level=warning msg="skip to append distribution label: label key and value length (4113 bytes) greater than maximum size (4096 bytes), key: containerd.io/distribution.source.192.168.122.110: invalid argument"
time="2026-04-16T10:27:39Z" level=warning msg="skip to append distribution label: label key and value length (4113 bytes) greater than maximum size (4096 bytes), key: containerd.io/distribution.source.192.168.122.110: invalid argument"
time="2026-04-16T10:27:39Z" level=warning msg="skip to append distribution label: label key and value length (4113 bytes) greater than maximum size (4096 bytes), key: containerd.io/distribution.source.192.168.122.110: invalid argument"
time="2026-04-16T10:27:39Z" level=warning msg="skip to append distribution label: label key and value length (4111 bytes) greater than maximum size (4096 bytes), key: containerd.io/distribution.source.192.168.122.110: invalid argument"
192.168.122.110:5000/brdnode_1277_r190:latest:                                    resolved       |[32m++++++++++++++++++++++++++++++++++++++[0m| 
index-sha256:6a60907828db7ffcd5b52417d4b1ac645bcfc514597b19f6cee307a25d3b15fe:    done           |[32m++++++++++++++++++++++++++++++++++++++[0m| 
manifest-sha256:8987810d46527d9c1c2eb71b59f89b9f14b4fdde60a87853663374a4a28f0eb9: done           |[32m++++++++++++++++++++++++++++++++++++++[0m| 
layer-sha256:4accf72faab4ddbb011f63fff24e0656cd1cc9c9ad5293f7e7c0eaf80ed2872f:    done           |[32m++++++++++++++++++++++++++++++++++++++[0m| 
layer-sha256:8c838ee0d46db22bbfb2dc2fa5df0dafa9ba2fc4ae5ded1fe50822025c725e9d:    done           |[32m++++++++++++++++++++++++++++++++++++++[0m| 
layer-sha256:21c2c54d92fbd650d16f1d6f7df7224724f4b46ec78654a9b59e3f395306cc70:    done           |[32m++++++++++++++++++++++++++++++++++++++[0m| 
layer-sha256:450bb934662efe2c8c55922af96dfccb7cd62066a0861e11b9cc126c9592d6d7:    done           |[32m++++++++++++++++++++++++++++++++++++++[0m| 
layer-sha256:34608cb22405250243a5e45518fb618d0bea826f8171514b271e7e4c1bef2752:    done           |[32m++++++++++++++++++++++++++++++++++++++[0m| 
layer-sha256:c954e5f88d9d9be1ed732898db6841e22d90078a4c76cf4717c4cc7edc74403e:    done           |[32m++++++++++++++++++++++++++++++++++++++[0m| 
layer-sha256:8a29a47395cd3a02d8340f4325004f6ec371681754e5efa24afced2dbdd64272:    done           |[32m++++++++++++++++++++++++++++++++++++++[0m| 
layer-sha256:3bb0e6907157404fad7b659c8fbc1907a331e39f7911b8c9b61c96939ed65552:    done           |[32m++++++++++++++++++++++++++++++++++++++[0m| 
config-sha256:5594cd56671726956e4abe3f1b509af39ee5fda03cd7067ffc34f9202f8c3351:   done           |[32m++++++++++++++++++++++++++++++++++++++[0m| 
layer-sha256:4f4fb700ef54461cfa02571ae0db9a0dc1e0cdb5577484a6d75e68dc38e8acc1:    done           |[32m++++++++++++++++++++++++++++++++++++++[0m| 
layer-sha256:13b7e930469f6d3575a320709035c6acf6f5485a76abcf03d1b92a64c09c2476:    done           |[32m++++++++++++++++++++++++++++++++++++++[0m| 
layer-sha256:374d608efd78ec93125a28875abdbcbf310cd192f5fcde24fa895a0825234d84:    done           |[32m++++++++++++++++++++++++++++++++++++++[0m| 
layer-sha256:e59b44c60b0e4bef2712435bc1a530efe229ee8e4ce5e002fab156cab513cd4b:    done           |[32m++++++++++++++++++++++++++++++++++++++[0m| 
layer-sha256:b1a8b2706032f9c0f354be0daa46f3da6643916a3373ee5d2792dd2def0151d1:    done           |[32m++++++++++++++++++++++++++++++++++++++[0m| 
layer-sha256:2229323296fd0788580520d9635c12357eabeefb98b33f80240f26f398fd9977:    done           |[32m++++++++++++++++++++++++++++++++++++++[0m| 
layer-sha256:64a5d8258ce2b42e67330b08d63621bb09cc797b102a21bad4732b2383fa04c0:    done           |[32m++++++++++++++++++++++++++++++++++++++[0m| 
layer-sha256:0857996e01928cc558bd4f22b0da5ba8982604536ad40d1be622a19e3281639d:    done           |[32m++++++++++++++++++++++++++++++++++++++[0m| 
layer-sha256:9f441ad30abc48467a6b8a9cda7188811487d4620338337f923a3f1595f847ba:    done           |[32m++++++++++++++++++++++++++++++++++++++[0m| 
layer-sha256:3e740608074eeae180aa78f7de93f4e3f506d73c145d279e73868329fd903bd1:    done           |[32m++++++++++++++++++++++++++++++++++++++[0m| 
layer-sha256:7a854a832e188116cb1d9b5b49bd38ec6c14f9cb5f01c6a361be34100c8bc74f:    done           |[32m++++++++++++++++++++++++++++++++++++++[0m| 
layer-sha256:0342d45af17fa1a3faa0d7e5f29498e958dc1bbaaad9a1b9f602f60dd16939b8:    done           |[32m++++++++++++++++++++++++++++++++++++++[0m| 
layer-sha256:0a5d22ba3069706d2af6c54d9761e5a238416a2d1fac91af12ef33815d8affe5:    done           |[32m++++++++++++++++++++++++++++++++++++++[0m| 
layer-sha256:48c63a55731a94aca37cae003a86d51ad1bf47e899bd1a6aeac76bb8688740c7:    done           |[32m++++++++++++++++++++++++++++++++++++++[0m| 
elapsed: 0.1 s                                                                    total:   0.0 B (0.0 B/s)                                         
unpacking linux/amd64 sha256:6a60907828db7ffcd5b52417d4b1ac645bcfc514597b19f6cee307a25d3b15fe...
done: 19.255696ms	
time="2026-04-16T10:27:40Z" level=info msg="host will try HTTPS first since it is configured for HTTP with a TLS configuration, consider changing host to HTTPS or removing unused TLS configuration" host="192.168.122.110:5000"
time="2026-04-16T10:27:40Z" level=info msg="host will try HTTPS first since it is configured for HTTP with a TLS configuration, consider changing host to HTTPS or removing unused TLS configuration" host="192.168.122.110:5000"
192.168.122.110:5000/brdnode_1277_r19:latest:                                     resolved       |[32m++++++++++++++++++++++++++++++++++++++[0m| 
index-sha256:c46f538df169b7887dbee1f9de8602e384d8457023c9a376329a52b8d99d798e:    done           |[32m++++++++++++++++++++++++++++++++++++++[0m| 
manifest-sha256:8486cf1cabf5374288a5b458830cd111ceb4ae4922d80a7640551f8850cd0449: done           |[32m++++++++++++++++++++++++++++++++++++++[0m| 
layer-sha256:4accf72faab4ddbb011f63fff24e0656cd1cc9c9ad5293f7e7c0eaf80ed2872f:    done           |[32m++++++++++++++++++++++++++++++++++++++[0m| 
layer-sha256:c61f10fb2a90bb1e8147bd97454c8b91371b240bf7e85a5872300ca0dce00198:    done           |[32m++++++++++++++++++++++++++++++++++++++[0m| 
layer-sha256:db5b47632307d045d7c5d201958cfa46fe157ff01d3b5a07b1eb453efb817ece:    done           |[32m++++++++++++++++++++++++++++++++++++++[0m| 
layer-sha256:450bb934662efe2c8c55922af96dfccb7cd62066a0861e11b9cc126c9592d6d7:    done           |[32m++++++++++++++++++++++++++++++++++++++[0m| 
layer-sha256:34608cb22405250243a5e45518fb618d0bea826f8171514b271e7e4c1bef2752:    done           |[32m++++++++++++++++++++++++++++++++++++++[0m| 
layer-sha256:c954e5f88d9d9be1ed732898db6841e22d90078a4c76cf4717c4cc7edc74403e:    done           |[32m++++++++++++++++++++++++++++++++++++++[0m| 
layer-sha256:9f441ad30abc48467a6b8a9cda7188811487d4620338337f923a3f1595f847ba:    done           |[32m++++++++++++++++++++++++++++++++++++++[0m| 
layer-sha256:8a29a47395cd3a02d8340f4325004f6ec371681754e5efa24afced2dbdd64272:    done           |[32m++++++++++++++++++++++++++++++++++++++[0m| 
config-sha256:6874b2b27112a8480d371724f791170c1e35a20da855104e2e4f2f4fba69f6ec:   done           |[32m++++++++++++++++++++++++++++++++++++++[0m| 
layer-sha256:3e740608074eeae180aa78f7de93f4e3f506d73c145d279e73868329fd903bd1:    done           |[32m++++++++++++++++++++++++++++++++++++++[0m| 
layer-sha256:64a5d8258ce2b42e67330b08d63621bb09cc797b102a21bad4732b2383fa04c0:    done           |[32m++++++++++++++++++++++++++++++++++++++[0m| 
layer-sha256:13b7e930469f6d3575a320709035c6acf6f5485a76abcf03d1b92a64c09c2476:    done           |[32m++++++++++++++++++++++++++++++++++++++[0m| 
layer-sha256:da26fa19758183c379fad66bc2272fbc182f11d3f3d65c1c515915819cb12924:    done           |[32m++++++++++++++++++++++++++++++++++++++[0m| 
layer-sha256:4f4fb700ef54461cfa02571ae0db9a0dc1e0cdb5577484a6d75e68dc38e8acc1:    done           |[32m++++++++++++++++++++++++++++++++++++++[0m| 
layer-sha256:c7b21d1cb0b6c9607c970274d5b81e332bed8a63855009bbb75ab0c9d5ceb771:    done           |[32m++++++++++++++++++++++++++++++++++++++[0m| 
layer-sha256:5b3800623b780d4369f994a934cd82b164ef9e20bd30f02ee02e93dd1a14a3ec:    done           |[32m++++++++++++++++++++++++++++++++++++++[0m| 
layer-sha256:e59b44c60b0e4bef2712435bc1a530efe229ee8e4ce5e002fab156cab513cd4b:    done           |[32m++++++++++++++++++++++++++++++++++++++[0m| 
layer-sha256:2229323296fd0788580520d9635c12357eabeefb98b33f80240f26f398fd9977:    done           |[32m++++++++++++++++++++++++++++++++++++++[0m| 
layer-sha256:bbd9061861643c2a3cabf2ae84806be13da0e18cb246c16c519411a8053a6fd8:    done           |[32m++++++++++++++++++++++++++++++++++++++[0m| 
layer-sha256:48c63a55731a94aca37cae003a86d51ad1bf47e899bd1a6aeac76bb8688740c7:    done           |[32m++++++++++++++++++++++++++++++++++++++[0m| 
layer-sha256:7a854a832e188116cb1d9b5b49bd38ec6c14f9cb5f01c6a361be34100c8bc74f:    done           |[32m++++++++++++++++++++++++++++++++++++++[0m| 
layer-sha256:c21ab97f4da98dc9db654652ebe5be46147494aea72bb44cdb1271e67d817b99:    done           |[32m++++++++++++++++++++++++++++++++++++++[0m| 
layer-sha256:b1a8b2706032f9c0f354be0daa46f3da6643916a3373ee5d2792dd2def0151d1:    done           |[32m++++++++++++++++++++++++++++++++++++++[0m| 
elapsed: 0.1 s                                                                    total:   0.0 B (0.0 B/s)                                         
unpacking linux/amd64 sha256:c46f538df169b7887dbee1f9de8602e384d8457023c9a376329a52b8d99d798e...
done: 17.994722ms	
time="2026-04-16T10:27:41Z" level=info msg="host will try HTTPS first since it is configured for HTTP with a TLS configuration, consider changing host to HTTPS or removing unused TLS configuration" host="192.168.122.110:5000"
time="2026-04-16T10:27:41Z" level=info msg="host will try HTTPS first since it is configured for HTTP with a TLS configuration, consider changing host to HTTPS or removing unused TLS configuration" host="192.168.122.110:5000"
192.168.122.110:5000/brdnode_1277_r20:latest:                                     resolved       |[32m++++++++++++++++++++++++++++++++++++++[0m| 
index-sha256:cd8753830fd8e51da4c35c109e7e0925fc78996cb6955050f378413d7d85e504:    done           |[32m++++++++++++++++++++++++++++++++++++++[0m| 
manifest-sha256:3cf9c4cefd451f251a322cd6814b0a066e5aba844f5171888801d9277e9ca685: done           |[32m++++++++++++++++++++++++++++++++++++++[0m| 
layer-sha256:13b7e930469f6d3575a320709035c6acf6f5485a76abcf03d1b92a64c09c2476:    done           |[32m++++++++++++++++++++++++++++++++++++++[0m| 
config-sha256:b90ecb30c6433286015b67c301a442d81ac7cf88a25cb60edb6f6886da2d8462:   done           |[32m++++++++++++++++++++++++++++++++++++++[0m| 
layer-sha256:ed4572f1aec33db087a5f32a568f11e8b8f7d741f5c043467b28a7599640ae5b:    done           |[32m++++++++++++++++++++++++++++++++++++++[0m| 
layer-sha256:a9e040af4b261b4337c1d6630eb79da0cb0c62d808a31e490a435ab3e7d33ad1:    done           |[32m++++++++++++++++++++++++++++++++++++++[0m| 
layer-sha256:8a29a47395cd3a02d8340f4325004f6ec371681754e5efa24afced2dbdd64272:    done           |[32m++++++++++++++++++++++++++++++++++++++[0m| 
layer-sha256:c7a92c58bc2c8de40a5110f6be17bffa1f48f13277d7c8668746f6067f942ce0:    done           |[32m++++++++++++++++++++++++++++++++++++++[0m| 
layer-sha256:b1a8b2706032f9c0f354be0daa46f3da6643916a3373ee5d2792dd2def0151d1:    done           |[32m++++++++++++++++++++++++++++++++++++++[0m| 
layer-sha256:c954e5f88d9d9be1ed732898db6841e22d90078a4c76cf4717c4cc7edc74403e:    done           |[32m++++++++++++++++++++++++++++++++++++++[0m| 
layer-sha256:450bb934662efe2c8c55922af96dfccb7cd62066a0861e11b9cc126c9592d6d7:    done           |[32m++++++++++++++++++++++++++++++++++++++[0m| 
layer-sha256:64a5d8258ce2b42e67330b08d63621bb09cc797b102a21bad4732b2383fa04c0:    done           |[32m++++++++++++++++++++++++++++++++++++++[0m| 
layer-sha256:4f4fb700ef54461cfa02571ae0db9a0dc1e0cdb5577484a6d75e68dc38e8acc1:    done           |[32m++++++++++++++++++++++++++++++++++++++[0m| 
layer-sha256:cae39a32dd87c2c3ba3c5c4ecbd001e07eef80838107d1962fcb74e7938e0ffc:    done           |[32m++++++++++++++++++++++++++++++++++++++[0m| 
layer-sha256:e59b44c60b0e4bef2712435bc1a530efe229ee8e4ce5e002fab156cab513cd4b:    done           |[32m++++++++++++++++++++++++++++++++++++++[0m| 
layer-sha256:4accf72faab4ddbb011f63fff24e0656cd1cc9c9ad5293f7e7c0eaf80ed2872f:    done           |[32m++++++++++++++++++++++++++++++++++++++[0m| 
layer-sha256:7a854a832e188116cb1d9b5b49bd38ec6c14f9cb5f01c6a361be34100c8bc74f:    done           |[32m++++++++++++++++++++++++++++++++++++++[0m| 
layer-sha256:04d0b1d2dd0345a330fa199e4b485ae3b017a3d0ed931cf61a549c27f7cef57f:    done           |[32m++++++++++++++++++++++++++++++++++++++[0m| 
layer-sha256:48c63a55731a94aca37cae003a86d51ad1bf47e899bd1a6aeac76bb8688740c7:    done           |[32m++++++++++++++++++++++++++++++++++++++[0m| 
layer-sha256:9f441ad30abc48467a6b8a9cda7188811487d4620338337f923a3f1595f847ba:    done           |[32m++++++++++++++++++++++++++++++++++++++[0m| 
layer-sha256:3e740608074eeae180aa78f7de93f4e3f506d73c145d279e73868329fd903bd1:    done           |[32m++++++++++++++++++++++++++++++++++++++[0m| 
layer-sha256:3499986134e562a8c973e3c3af3baab8b80106435066f7dd5e26872a91b4a906:    done           |[32m++++++++++++++++++++++++++++++++++++++[0m| 
layer-sha256:34608cb22405250243a5e45518fb618d0bea826f8171514b271e7e4c1bef2752:    done           |[32m++++++++++++++++++++++++++++++++++++++[0m| 
layer-sha256:3a9aa4b577b309fc69f4282c770f552c82a52193b4f478361e76d674bfd5cf67:    done           |[32m++++++++++++++++++++++++++++++++++++++[0m| 
layer-sha256:2229323296fd0788580520d9635c12357eabeefb98b33f80240f26f398fd9977:    done           |[32m++++++++++++++++++++++++++++++++++++++[0m| 
elapsed: 0.1 s                                                                    total:   0.0 B (0.0 B/s)                                         
unpacking linux/amd64 sha256:cd8753830fd8e51da4c35c109e7e0925fc78996cb6955050f378413d7d85e504...
done: 18.623575ms	
time="2026-04-16T10:27:42Z" level=info msg="host will try HTTPS first since it is configured for HTTP with a TLS configuration, consider changing host to HTTPS or removing unused TLS configuration" host="192.168.122.110:5000"
time="2026-04-16T10:27:42Z" level=info msg="host will try HTTPS first since it is configured for HTTP with a TLS configuration, consider changing host to HTTPS or removing unused TLS configuration" host="192.168.122.110:5000"
time="2026-04-16T10:27:42Z" level=warning msg="skip to append distribution label: label key and value length (4113 bytes) greater than maximum size (4096 bytes), key: containerd.io/distribution.source.192.168.122.110: invalid argument"
time="2026-04-16T10:27:42Z" level=warning msg="skip to append distribution label: label key and value length (4113 bytes) greater than maximum size (4096 bytes), key: containerd.io/distribution.source.192.168.122.110: invalid argument"
time="2026-04-16T10:27:42Z" level=warning msg="skip to append distribution label: label key and value length (4113 bytes) greater than maximum size (4096 bytes), key: containerd.io/distribution.source.192.168.122.110: invalid argument"
time="2026-04-16T10:27:42Z" level=warning msg="skip to append distribution label: label key and value length (4113 bytes) greater than maximum size (4096 bytes), key: containerd.io/distribution.source.192.168.122.110: invalid argument"
time="2026-04-16T10:27:42Z" level=warning msg="skip to append distribution label: label key and value length (4113 bytes) greater than maximum size (4096 bytes), key: containerd.io/distribution.source.192.168.122.110: invalid argument"
time="2026-04-16T10:27:42Z" level=warning msg="skip to append distribution label: label key and value length (4113 bytes) greater than maximum size (4096 bytes), key: containerd.io/distribution.source.192.168.122.110: invalid argument"
time="2026-04-16T10:27:42Z" level=warning msg="skip to append distribution label: label key and value length (4113 bytes) greater than maximum size (4096 bytes), key: containerd.io/distribution.source.192.168.122.110: invalid argument"
time="2026-04-16T10:27:42Z" level=warning msg="skip to append distribution label: label key and value length (4111 bytes) greater than maximum size (4096 bytes), key: containerd.io/distribution.source.192.168.122.110: invalid argument"
192.168.122.110:5000/brdnode_1277_r219:latest:                                    resolved       |[32m++++++++++++++++++++++++++++++++++++++[0m| 
index-sha256:71b90cfc5fc783d3d1dfcd574f3fd99441b8d4566a74f11418810ec47b0cd225:    done           |[32m++++++++++++++++++++++++++++++++++++++[0m| 
manifest-sha256:267547a083123a92c1d8ac1a0170204a8ddddc1dcc8a6fb8f0af50e37ecffb30: done           |[32m++++++++++++++++++++++++++++++++++++++[0m| 
layer-sha256:13b7e930469f6d3575a320709035c6acf6f5485a76abcf03d1b92a64c09c2476:    done           |[32m++++++++++++++++++++++++++++++++++++++[0m| 
layer-sha256:c954e5f88d9d9be1ed732898db6841e22d90078a4c76cf4717c4cc7edc74403e:    done           |[32m++++++++++++++++++++++++++++++++++++++[0m| 
layer-sha256:450bb934662efe2c8c55922af96dfccb7cd62066a0861e11b9cc126c9592d6d7:    done           |[32m++++++++++++++++++++++++++++++++++++++[0m| 
layer-sha256:74769b57927d8521152395d61638fad5193a47257e6177639de99714dadf441d:    done           |[32m++++++++++++++++++++++++++++++++++++++[0m| 
config-sha256:aabba840874ab8810aff4a607b1d234a543431be03203097b241f8d93a839536:   done           |[32m++++++++++++++++++++++++++++++++++++++[0m| 
layer-sha256:34608cb22405250243a5e45518fb618d0bea826f8171514b271e7e4c1bef2752:    done           |[32m++++++++++++++++++++++++++++++++++++++[0m| 
layer-sha256:b1a8b2706032f9c0f354be0daa46f3da6643916a3373ee5d2792dd2def0151d1:    done           |[32m++++++++++++++++++++++++++++++++++++++[0m| 
layer-sha256:4accf72faab4ddbb011f63fff24e0656cd1cc9c9ad5293f7e7c0eaf80ed2872f:    done           |[32m++++++++++++++++++++++++++++++++++++++[0m| 
layer-sha256:64a5d8258ce2b42e67330b08d63621bb09cc797b102a21bad4732b2383fa04c0:    done           |[32m++++++++++++++++++++++++++++++++++++++[0m| 
layer-sha256:1f5eb78733cdfaa42fd64452820de9325ea356799f75a351559c770609e1de80:    done           |[32m++++++++++++++++++++++++++++++++++++++[0m| 
layer-sha256:a01449f6611c17aae06d71cfa0612a257ed2077a8c74eaeb93cae719cdf81b8e:    done           |[32m++++++++++++++++++++++++++++++++++++++[0m| 
layer-sha256:8a29a47395cd3a02d8340f4325004f6ec371681754e5efa24afced2dbdd64272:    done           |[32m++++++++++++++++++++++++++++++++++++++[0m| 
layer-sha256:4f4fb700ef54461cfa02571ae0db9a0dc1e0cdb5577484a6d75e68dc38e8acc1:    done           |[32m++++++++++++++++++++++++++++++++++++++[0m| 
layer-sha256:2229323296fd0788580520d9635c12357eabeefb98b33f80240f26f398fd9977:    done           |[32m++++++++++++++++++++++++++++++++++++++[0m| 
layer-sha256:03d4f4b34b999232a1b48a04c84ddc9f9aee94051df38c10c7b15b96b9270628:    done           |[32m++++++++++++++++++++++++++++++++++++++[0m| 
layer-sha256:e59b44c60b0e4bef2712435bc1a530efe229ee8e4ce5e002fab156cab513cd4b:    done           |[32m++++++++++++++++++++++++++++++++++++++[0m| 
layer-sha256:7a854a832e188116cb1d9b5b49bd38ec6c14f9cb5f01c6a361be34100c8bc74f:    done           |[32m++++++++++++++++++++++++++++++++++++++[0m| 
layer-sha256:ca86ca23ee13a173d76c2ea03b0d0fd6cedda16aa1fb8e1bec11779fe18f9fa4:    done           |[32m++++++++++++++++++++++++++++++++++++++[0m| 
layer-sha256:68b24230c225aacb3215f29cc85c4d2ce798e47516f04d874172b97317487e58:    done           |[32m++++++++++++++++++++++++++++++++++++++[0m| 
layer-sha256:48c63a55731a94aca37cae003a86d51ad1bf47e899bd1a6aeac76bb8688740c7:    done           |[32m++++++++++++++++++++++++++++++++++++++[0m| 
layer-sha256:35fcb7c285d2aa9c670bf698315863a5575fe9441c9209c8e711ea5a4200fef3:    done           |[32m++++++++++++++++++++++++++++++++++++++[0m| 
layer-sha256:9f441ad30abc48467a6b8a9cda7188811487d4620338337f923a3f1595f847ba:    done           |[32m++++++++++++++++++++++++++++++++++++++[0m| 
layer-sha256:3e740608074eeae180aa78f7de93f4e3f506d73c145d279e73868329fd903bd1:    done           |[32m++++++++++++++++++++++++++++++++++++++[0m| 
elapsed: 0.1 s                                                                    total:   0.0 B (0.0 B/s)                                         
unpacking linux/amd64 sha256:71b90cfc5fc783d3d1dfcd574f3fd99441b8d4566a74f11418810ec47b0cd225...
done: 19.415347ms	
time="2026-04-16T10:27:42Z" level=info msg="host will try HTTPS first since it is configured for HTTP with a TLS configuration, consider changing host to HTTPS or removing unused TLS configuration" host="192.168.122.110:5000"
time="2026-04-16T10:27:42Z" level=info msg="host will try HTTPS first since it is configured for HTTP with a TLS configuration, consider changing host to HTTPS or removing unused TLS configuration" host="192.168.122.110:5000"
192.168.122.110:5000/brdnode_1277_r21:latest:                                     resolved       |[32m++++++++++++++++++++++++++++++++++++++[0m| 
index-sha256:3f16e8db7b86288c3e148e084f9bdfadb169f37f41cc3de4fe9691d080c2ff07:    done           |[32m++++++++++++++++++++++++++++++++++++++[0m| 
manifest-sha256:71bf1c94fefca82f20ca8e3aa94f9505e8947b811247f0f9f071898f54c834d8: done           |[32m++++++++++++++++++++++++++++++++++++++[0m| 
config-sha256:db3db262ff334dda8a61fb490fabb102bcd215bd1d329a8b5ae2e1c1f135d733:   done           |[32m++++++++++++++++++++++++++++++++++++++[0m| 
layer-sha256:1123ef930a10845afeb7d15c4cc667020dce48068613c68ed31a8926381b24c8:    done           |[32m++++++++++++++++++++++++++++++++++++++[0m| 
layer-sha256:6058d3b53571a64580945fe0b336f2fbd5637f83bbac424050f78b5ed9a32a36:    done           |[32m++++++++++++++++++++++++++++++++++++++[0m| 
layer-sha256:d4ab0b482e8734ea1edf97a349921fcbeb8141f19515edc6ccbd2f5c7c1e5e28:    done           |[32m++++++++++++++++++++++++++++++++++++++[0m| 
layer-sha256:ac4416e961622ea821d86b3c243fb331837fd08fbe71e195661336ff3bc0295d:    done           |[32m++++++++++++++++++++++++++++++++++++++[0m| 
layer-sha256:7a854a832e188116cb1d9b5b49bd38ec6c14f9cb5f01c6a361be34100c8bc74f:    done           |[32m++++++++++++++++++++++++++++++++++++++[0m| 
layer-sha256:4accf72faab4ddbb011f63fff24e0656cd1cc9c9ad5293f7e7c0eaf80ed2872f:    done           |[32m++++++++++++++++++++++++++++++++++++++[0m| 
layer-sha256:48c63a55731a94aca37cae003a86d51ad1bf47e899bd1a6aeac76bb8688740c7:    done           |[32m++++++++++++++++++++++++++++++++++++++[0m| 
layer-sha256:b1a8b2706032f9c0f354be0daa46f3da6643916a3373ee5d2792dd2def0151d1:    done           |[32m++++++++++++++++++++++++++++++++++++++[0m| 
layer-sha256:d3469738a0381182cfbc51333eb841e019df11c193a7e820c9bde8c065c859f1:    done           |[32m++++++++++++++++++++++++++++++++++++++[0m| 
layer-sha256:4f4fb700ef54461cfa02571ae0db9a0dc1e0cdb5577484a6d75e68dc38e8acc1:    done           |[32m++++++++++++++++++++++++++++++++++++++[0m| 
layer-sha256:9f441ad30abc48467a6b8a9cda7188811487d4620338337f923a3f1595f847ba:    done           |[32m++++++++++++++++++++++++++++++++++++++[0m| 
layer-sha256:64a5d8258ce2b42e67330b08d63621bb09cc797b102a21bad4732b2383fa04c0:    done           |[32m++++++++++++++++++++++++++++++++++++++[0m| 
layer-sha256:2229323296fd0788580520d9635c12357eabeefb98b33f80240f26f398fd9977:    done           |[32m++++++++++++++++++++++++++++++++++++++[0m| 
layer-sha256:13b7e930469f6d3575a320709035c6acf6f5485a76abcf03d1b92a64c09c2476:    done           |[32m++++++++++++++++++++++++++++++++++++++[0m| 
layer-sha256:8a29a47395cd3a02d8340f4325004f6ec371681754e5efa24afced2dbdd64272:    done           |[32m++++++++++++++++++++++++++++++++++++++[0m| 
layer-sha256:34608cb22405250243a5e45518fb618d0bea826f8171514b271e7e4c1bef2752:    done           |[32m++++++++++++++++++++++++++++++++++++++[0m| 
layer-sha256:2cf626f7d9fb708662fe241d9846fe4cde3e30309c7280e63fd9debc8fd9d350:    done           |[32m++++++++++++++++++++++++++++++++++++++[0m| 
layer-sha256:c954e5f88d9d9be1ed732898db6841e22d90078a4c76cf4717c4cc7edc74403e:    done           |[32m++++++++++++++++++++++++++++++++++++++[0m| 
layer-sha256:3e740608074eeae180aa78f7de93f4e3f506d73c145d279e73868329fd903bd1:    done           |[32m++++++++++++++++++++++++++++++++++++++[0m| 
layer-sha256:450bb934662efe2c8c55922af96dfccb7cd62066a0861e11b9cc126c9592d6d7:    done           |[32m++++++++++++++++++++++++++++++++++++++[0m| 
layer-sha256:a41ee9552c5c7e811db512142a55646858f06d1a28ffb2255771c9f9b70834e8:    done           |[32m++++++++++++++++++++++++++++++++++++++[0m| 
layer-sha256:e59b44c60b0e4bef2712435bc1a530efe229ee8e4ce5e002fab156cab513cd4b:    done           |[32m++++++++++++++++++++++++++++++++++++++[0m| 
elapsed: 0.1 s                                                                    total:   0.0 B (0.0 B/s)                                         
unpacking linux/amd64 sha256:3f16e8db7b86288c3e148e084f9bdfadb169f37f41cc3de4fe9691d080c2ff07...
done: 21.054091ms	
time="2026-04-16T10:27:43Z" level=info msg="host will try HTTPS first since it is configured for HTTP with a TLS configuration, consider changing host to HTTPS or removing unused TLS configuration" host="192.168.122.110:5000"
time="2026-04-16T10:27:43Z" level=info msg="host will try HTTPS first since it is configured for HTTP with a TLS configuration, consider changing host to HTTPS or removing unused TLS configuration" host="192.168.122.110:5000"
time="2026-04-16T10:27:43Z" level=warning msg="skip to append distribution label: label key and value length (4113 bytes) greater than maximum size (4096 bytes), key: containerd.io/distribution.source.192.168.122.110: invalid argument"
time="2026-04-16T10:27:43Z" level=warning msg="skip to append distribution label: label key and value length (4113 bytes) greater than maximum size (4096 bytes), key: containerd.io/distribution.source.192.168.122.110: invalid argument"
time="2026-04-16T10:27:43Z" level=warning msg="skip to append distribution label: label key and value length (4113 bytes) greater than maximum size (4096 bytes), key: containerd.io/distribution.source.192.168.122.110: invalid argument"
time="2026-04-16T10:27:43Z" level=warning msg="skip to append distribution label: label key and value length (4111 bytes) greater than maximum size (4096 bytes), key: containerd.io/distribution.source.192.168.122.110: invalid argument"
time="2026-04-16T10:27:43Z" level=warning msg="skip to append distribution label: label key and value length (4113 bytes) greater than maximum size (4096 bytes), key: containerd.io/distribution.source.192.168.122.110: invalid argument"
time="2026-04-16T10:27:43Z" level=warning msg="skip to append distribution label: label key and value length (4113 bytes) greater than maximum size (4096 bytes), key: containerd.io/distribution.source.192.168.122.110: invalid argument"
time="2026-04-16T10:27:43Z" level=warning msg="skip to append distribution label: label key and value length (4113 bytes) greater than maximum size (4096 bytes), key: containerd.io/distribution.source.192.168.122.110: invalid argument"
time="2026-04-16T10:27:43Z" level=warning msg="skip to append distribution label: label key and value length (4113 bytes) greater than maximum size (4096 bytes), key: containerd.io/distribution.source.192.168.122.110: invalid argument"
192.168.122.110:5000/brdnode_1277_r221:latest:                                    resolved       |[32m++++++++++++++++++++++++++++++++++++++[0m| 
index-sha256:0a412a80c841cc341c8bb91a8f6b3088010bcc75ea09e7ddc23233fb4106d4d1:    done           |[32m++++++++++++++++++++++++++++++++++++++[0m| 
manifest-sha256:a985619e62236e76fdf6092bdbb2c031c30d995e55645f5dbc143af2de724ddb: done           |[32m++++++++++++++++++++++++++++++++++++++[0m| 
layer-sha256:e59b44c60b0e4bef2712435bc1a530efe229ee8e4ce5e002fab156cab513cd4b:    done           |[32m++++++++++++++++++++++++++++++++++++++[0m| 
layer-sha256:9ced2e34ad50fa05248d54db2f9fcf089e4c11140333fdbebb9259d989d8db94:    done           |[32m++++++++++++++++++++++++++++++++++++++[0m| 
layer-sha256:450bb934662efe2c8c55922af96dfccb7cd62066a0861e11b9cc126c9592d6d7:    done           |[32m++++++++++++++++++++++++++++++++++++++[0m| 
layer-sha256:b1a8b2706032f9c0f354be0daa46f3da6643916a3373ee5d2792dd2def0151d1:    done           |[32m++++++++++++++++++++++++++++++++++++++[0m| 
layer-sha256:8a29a47395cd3a02d8340f4325004f6ec371681754e5efa24afced2dbdd64272:    done           |[32m++++++++++++++++++++++++++++++++++++++[0m| 
layer-sha256:4accf72faab4ddbb011f63fff24e0656cd1cc9c9ad5293f7e7c0eaf80ed2872f:    done           |[32m++++++++++++++++++++++++++++++++++++++[0m| 
layer-sha256:4f4fb700ef54461cfa02571ae0db9a0dc1e0cdb5577484a6d75e68dc38e8acc1:    done           |[32m++++++++++++++++++++++++++++++++++++++[0m| 
layer-sha256:64a5d8258ce2b42e67330b08d63621bb09cc797b102a21bad4732b2383fa04c0:    done           |[32m++++++++++++++++++++++++++++++++++++++[0m| 
layer-sha256:88bbf6d602b554650d88219587ce7ed5dada0902a4a44ba83ee53ff005547ee0:    done           |[32m++++++++++++++++++++++++++++++++++++++[0m| 
config-sha256:e89bb706074fdcce6f968d53d06a9290e96bea8d0309f4b687bade1d3d62c58f:   done           |[32m++++++++++++++++++++++++++++++++++++++[0m| 
layer-sha256:c954e5f88d9d9be1ed732898db6841e22d90078a4c76cf4717c4cc7edc74403e:    done           |[32m++++++++++++++++++++++++++++++++++++++[0m| 
layer-sha256:8be5c830cd8561a1adf3dee2a64fe8963532caa97ed9e1559a5ae8f15361942a:    done           |[32m++++++++++++++++++++++++++++++++++++++[0m| 
layer-sha256:2229323296fd0788580520d9635c12357eabeefb98b33f80240f26f398fd9977:    done           |[32m++++++++++++++++++++++++++++++++++++++[0m| 
layer-sha256:7a854a832e188116cb1d9b5b49bd38ec6c14f9cb5f01c6a361be34100c8bc74f:    done           |[32m++++++++++++++++++++++++++++++++++++++[0m| 
layer-sha256:9f441ad30abc48467a6b8a9cda7188811487d4620338337f923a3f1595f847ba:    done           |[32m++++++++++++++++++++++++++++++++++++++[0m| 
layer-sha256:7ceeec9ef4eae0da736903ddfe4ac884a1ef29b5e92e1cfec24a283195bf651d:    done           |[32m++++++++++++++++++++++++++++++++++++++[0m| 
layer-sha256:13b7e930469f6d3575a320709035c6acf6f5485a76abcf03d1b92a64c09c2476:    done           |[32m++++++++++++++++++++++++++++++++++++++[0m| 
layer-sha256:9484a2752f9a07a4db781b0f4dc7e0008bbbf9ffe3853c33225bf14030d0a57d:    done           |[32m++++++++++++++++++++++++++++++++++++++[0m| 
layer-sha256:b2bf2a032dcf3fc22c28e54e015c00a549509b8034a31f61c8cbb9914433fb30:    done           |[32m++++++++++++++++++++++++++++++++++++++[0m| 
layer-sha256:34608cb22405250243a5e45518fb618d0bea826f8171514b271e7e4c1bef2752:    done           |[32m++++++++++++++++++++++++++++++++++++++[0m| 
layer-sha256:3e740608074eeae180aa78f7de93f4e3f506d73c145d279e73868329fd903bd1:    done           |[32m++++++++++++++++++++++++++++++++++++++[0m| 
layer-sha256:b50c8924d2c8434106104e1fcb9e8e82f88170b6e511cdb9eb9da02a2bc5dea7:    done           |[32m++++++++++++++++++++++++++++++++++++++[0m| 
layer-sha256:48c63a55731a94aca37cae003a86d51ad1bf47e899bd1a6aeac76bb8688740c7:    done           |[32m++++++++++++++++++++++++++++++++++++++[0m| 
elapsed: 0.1 s                                                                    total:   0.0 B (0.0 B/s)                                         
unpacking linux/amd64 sha256:0a412a80c841cc341c8bb91a8f6b3088010bcc75ea09e7ddc23233fb4106d4d1...
done: 18.943586ms	
time="2026-04-16T10:27:44Z" level=info msg="host will try HTTPS first since it is configured for HTTP with a TLS configuration, consider changing host to HTTPS or removing unused TLS configuration" host="192.168.122.110:5000"
time="2026-04-16T10:27:44Z" level=info msg="host will try HTTPS first since it is configured for HTTP with a TLS configuration, consider changing host to HTTPS or removing unused TLS configuration" host="192.168.122.110:5000"
time="2026-04-16T10:27:44Z" level=warning msg="skip to append distribution label: label key and value length (4111 bytes) greater than maximum size (4096 bytes), key: containerd.io/distribution.source.192.168.122.110: invalid argument"
192.168.122.110:5000/brdnode_1277_r227:latest:                                    resolved       |[32m++++++++++++++++++++++++++++++++++++++[0m| 
index-sha256:bfd727c1de58b36fd1b1adde48bfa08705b809b2e51df3f9265efa9c5707744e:    done           |[32m++++++++++++++++++++++++++++++++++++++[0m| 
manifest-sha256:a511fa8aa63c4010dd71f961fbd93b9a59c61810a549e257e775d7ed0f0747e7: done           |[32m++++++++++++++++++++++++++++++++++++++[0m| 
layer-sha256:450bb934662efe2c8c55922af96dfccb7cd62066a0861e11b9cc126c9592d6d7:    done           |[32m++++++++++++++++++++++++++++++++++++++[0m| 
layer-sha256:b577951ab5f28355a7add97ea5ed11276b5b3a08a2d5542298c50d7dda6b589d:    done           |[32m++++++++++++++++++++++++++++++++++++++[0m| 
layer-sha256:13b7e930469f6d3575a320709035c6acf6f5485a76abcf03d1b92a64c09c2476:    done           |[32m++++++++++++++++++++++++++++++++++++++[0m| 
layer-sha256:34608cb22405250243a5e45518fb618d0bea826f8171514b271e7e4c1bef2752:    done           |[32m++++++++++++++++++++++++++++++++++++++[0m| 
layer-sha256:c954e5f88d9d9be1ed732898db6841e22d90078a4c76cf4717c4cc7edc74403e:    done           |[32m++++++++++++++++++++++++++++++++++++++[0m| 
layer-sha256:8f7e505155f2d82791c1758ffb73e8120d0d330a6812f3b6dcadb11522318d06:    done           |[32m++++++++++++++++++++++++++++++++++++++[0m| 
layer-sha256:b1a8b2706032f9c0f354be0daa46f3da6643916a3373ee5d2792dd2def0151d1:    done           |[32m++++++++++++++++++++++++++++++++++++++[0m| 
config-sha256:93565d4a6ac2000a07c7e3a17e37c9c1c096e639a03670cb045c3a766d99d960:   done           |[32m++++++++++++++++++++++++++++++++++++++[0m| 
layer-sha256:4f4fb700ef54461cfa02571ae0db9a0dc1e0cdb5577484a6d75e68dc38e8acc1:    done           |[32m++++++++++++++++++++++++++++++++++++++[0m| 
layer-sha256:9f441ad30abc48467a6b8a9cda7188811487d4620338337f923a3f1595f847ba:    done           |[32m++++++++++++++++++++++++++++++++++++++[0m| 
layer-sha256:64a5d8258ce2b42e67330b08d63621bb09cc797b102a21bad4732b2383fa04c0:    done           |[32m++++++++++++++++++++++++++++++++++++++[0m| 
layer-sha256:7a854a832e188116cb1d9b5b49bd38ec6c14f9cb5f01c6a361be34100c8bc74f:    done           |[32m++++++++++++++++++++++++++++++++++++++[0m| 
layer-sha256:4accf72faab4ddbb011f63fff24e0656cd1cc9c9ad5293f7e7c0eaf80ed2872f:    done           |[32m++++++++++++++++++++++++++++++++++++++[0m| 
layer-sha256:8c5c16d9f7ee8022cd25562a5f3c238575a64386b4e86999f0f7cdbbdf544de6:    done           |[32m++++++++++++++++++++++++++++++++++++++[0m| 
layer-sha256:7d05545236253b895cb846d55b8239caf062ef48d08b28ce65aba39631c3438f:    done           |[32m++++++++++++++++++++++++++++++++++++++[0m| 
layer-sha256:fbcc4071277a3c92523b8ce168d224b02294055854ad653542c913c8b4abba92:    done           |[32m++++++++++++++++++++++++++++++++++++++[0m| 
layer-sha256:8a29a47395cd3a02d8340f4325004f6ec371681754e5efa24afced2dbdd64272:    done           |[32m++++++++++++++++++++++++++++++++++++++[0m| 
layer-sha256:1bb17809573c93a126778ef6d07df05ab8bc0b5cae5caba52dc42a3262dcb4e3:    done           |[32m++++++++++++++++++++++++++++++++++++++[0m| 
layer-sha256:3e740608074eeae180aa78f7de93f4e3f506d73c145d279e73868329fd903bd1:    done           |[32m++++++++++++++++++++++++++++++++++++++[0m| 
layer-sha256:2229323296fd0788580520d9635c12357eabeefb98b33f80240f26f398fd9977:    done           |[32m++++++++++++++++++++++++++++++++++++++[0m| 
layer-sha256:e59b44c60b0e4bef2712435bc1a530efe229ee8e4ce5e002fab156cab513cd4b:    done           |[32m++++++++++++++++++++++++++++++++++++++[0m| 
layer-sha256:48c63a55731a94aca37cae003a86d51ad1bf47e899bd1a6aeac76bb8688740c7:    done           |[32m++++++++++++++++++++++++++++++++++++++[0m| 
layer-sha256:8be5c830cd8561a1adf3dee2a64fe8963532caa97ed9e1559a5ae8f15361942a:    done           |[32m++++++++++++++++++++++++++++++++++++++[0m| 
elapsed: 0.1 s                                                                    total:   0.0 B (0.0 B/s)                                         
unpacking linux/amd64 sha256:bfd727c1de58b36fd1b1adde48bfa08705b809b2e51df3f9265efa9c5707744e...
done: 18.720484ms	
time="2026-04-16T10:27:45Z" level=info msg="host will try HTTPS first since it is configured for HTTP with a TLS configuration, consider changing host to HTTPS or removing unused TLS configuration" host="192.168.122.110:5000"
time="2026-04-16T10:27:45Z" level=info msg="host will try HTTPS first since it is configured for HTTP with a TLS configuration, consider changing host to HTTPS or removing unused TLS configuration" host="192.168.122.110:5000"
192.168.122.110:5000/brdnode_1277_r22:latest:                                     resolved       |[32m++++++++++++++++++++++++++++++++++++++[0m| 
index-sha256:52bea28df396a7a0c054cadda9b56e890007fb735982b13b313c9a74e5a8ce81:    done           |[32m++++++++++++++++++++++++++++++++++++++[0m| 
manifest-sha256:73171f4008d7128a005f3cef5a5fceb631e2925dffe7a12b4ff77d266eff5e56: done           |[32m++++++++++++++++++++++++++++++++++++++[0m| 
config-sha256:ea00fa90601cdcb5434fa7ef64e896d10dad460224d0fce4709d25f76485cfc0:   done           |[32m++++++++++++++++++++++++++++++++++++++[0m| 
layer-sha256:13b7e930469f6d3575a320709035c6acf6f5485a76abcf03d1b92a64c09c2476:    done           |[32m++++++++++++++++++++++++++++++++++++++[0m| 
layer-sha256:e59b44c60b0e4bef2712435bc1a530efe229ee8e4ce5e002fab156cab513cd4b:    done           |[32m++++++++++++++++++++++++++++++++++++++[0m| 
layer-sha256:64a5d8258ce2b42e67330b08d63621bb09cc797b102a21bad4732b2383fa04c0:    done           |[32m++++++++++++++++++++++++++++++++++++++[0m| 
layer-sha256:9f441ad30abc48467a6b8a9cda7188811487d4620338337f923a3f1595f847ba:    done           |[32m++++++++++++++++++++++++++++++++++++++[0m| 
layer-sha256:97515117b47fa319c4d0138da98023fdfae6489f32e7897d74bb1ee227470de2:    done           |[32m++++++++++++++++++++++++++++++++++++++[0m| 
layer-sha256:b1a8b2706032f9c0f354be0daa46f3da6643916a3373ee5d2792dd2def0151d1:    done           |[32m++++++++++++++++++++++++++++++++++++++[0m| 
layer-sha256:606442273cf7c6f90c15c9542e6e10b54d25a5afbd367fb803c31fcca1e13026:    done           |[32m++++++++++++++++++++++++++++++++++++++[0m| 
layer-sha256:34608cb22405250243a5e45518fb618d0bea826f8171514b271e7e4c1bef2752:    done           |[32m++++++++++++++++++++++++++++++++++++++[0m| 
layer-sha256:4f4fb700ef54461cfa02571ae0db9a0dc1e0cdb5577484a6d75e68dc38e8acc1:    done           |[32m++++++++++++++++++++++++++++++++++++++[0m| 
layer-sha256:3e740608074eeae180aa78f7de93f4e3f506d73c145d279e73868329fd903bd1:    done           |[32m++++++++++++++++++++++++++++++++++++++[0m| 
layer-sha256:c954e5f88d9d9be1ed732898db6841e22d90078a4c76cf4717c4cc7edc74403e:    done           |[32m++++++++++++++++++++++++++++++++++++++[0m| 
layer-sha256:6058d3b53571a64580945fe0b336f2fbd5637f83bbac424050f78b5ed9a32a36:    done           |[32m++++++++++++++++++++++++++++++++++++++[0m| 
layer-sha256:4accf72faab4ddbb011f63fff24e0656cd1cc9c9ad5293f7e7c0eaf80ed2872f:    done           |[32m++++++++++++++++++++++++++++++++++++++[0m| 
layer-sha256:7a854a832e188116cb1d9b5b49bd38ec6c14f9cb5f01c6a361be34100c8bc74f:    done           |[32m++++++++++++++++++++++++++++++++++++++[0m| 
layer-sha256:d912914b9a3281beb89dd9b424b70199a94e6972f366cfe378335ddb1cb5346e:    done           |[32m++++++++++++++++++++++++++++++++++++++[0m| 
layer-sha256:ab2790e71a6cd749ec17fae5c313cd140bea96693fbdc8d4c2756d65f4649b51:    done           |[32m++++++++++++++++++++++++++++++++++++++[0m| 
layer-sha256:4ee9636a7e706edd798e197370381204513d9baa70a623f1db6852d87cd1f484:    done           |[32m++++++++++++++++++++++++++++++++++++++[0m| 
layer-sha256:8a29a47395cd3a02d8340f4325004f6ec371681754e5efa24afced2dbdd64272:    done           |[32m++++++++++++++++++++++++++++++++++++++[0m| 
layer-sha256:2229323296fd0788580520d9635c12357eabeefb98b33f80240f26f398fd9977:    done           |[32m++++++++++++++++++++++++++++++++++++++[0m| 
layer-sha256:48c63a55731a94aca37cae003a86d51ad1bf47e899bd1a6aeac76bb8688740c7:    done           |[32m++++++++++++++++++++++++++++++++++++++[0m| 
layer-sha256:450bb934662efe2c8c55922af96dfccb7cd62066a0861e11b9cc126c9592d6d7:    done           |[32m++++++++++++++++++++++++++++++++++++++[0m| 
layer-sha256:9b4884e332a03a35d626b30a1db3131bf54ae5c51318b6d04efec64468c2fc40:    done           |[32m++++++++++++++++++++++++++++++++++++++[0m| 
elapsed: 0.1 s                                                                    total:   0.0 B (0.0 B/s)                                         
unpacking linux/amd64 sha256:52bea28df396a7a0c054cadda9b56e890007fb735982b13b313c9a74e5a8ce81...
done: 17.849732ms	
time="2026-04-16T10:27:46Z" level=info msg="host will try HTTPS first since it is configured for HTTP with a TLS configuration, consider changing host to HTTPS or removing unused TLS configuration" host="192.168.122.110:5000"
time="2026-04-16T10:27:46Z" level=info msg="host will try HTTPS first since it is configured for HTTP with a TLS configuration, consider changing host to HTTPS or removing unused TLS configuration" host="192.168.122.110:5000"
time="2026-04-16T10:27:46Z" level=warning msg="skip to append distribution label: label key and value length (4113 bytes) greater than maximum size (4096 bytes), key: containerd.io/distribution.source.192.168.122.110: invalid argument"
time="2026-04-16T10:27:46Z" level=warning msg="skip to append distribution label: label key and value length (4113 bytes) greater than maximum size (4096 bytes), key: containerd.io/distribution.source.192.168.122.110: invalid argument"
time="2026-04-16T10:27:46Z" level=warning msg="skip to append distribution label: label key and value length (4113 bytes) greater than maximum size (4096 bytes), key: containerd.io/distribution.source.192.168.122.110: invalid argument"
time="2026-04-16T10:27:46Z" level=warning msg="skip to append distribution label: label key and value length (4111 bytes) greater than maximum size (4096 bytes), key: containerd.io/distribution.source.192.168.122.110: invalid argument"
time="2026-04-16T10:27:46Z" level=warning msg="skip to append distribution label: label key and value length (4113 bytes) greater than maximum size (4096 bytes), key: containerd.io/distribution.source.192.168.122.110: invalid argument"
time="2026-04-16T10:27:46Z" level=warning msg="skip to append distribution label: label key and value length (4113 bytes) greater than maximum size (4096 bytes), key: containerd.io/distribution.source.192.168.122.110: invalid argument"
time="2026-04-16T10:27:46Z" level=warning msg="skip to append distribution label: label key and value length (4113 bytes) greater than maximum size (4096 bytes), key: containerd.io/distribution.source.192.168.122.110: invalid argument"
time="2026-04-16T10:27:46Z" level=warning msg="skip to append distribution label: label key and value length (4113 bytes) greater than maximum size (4096 bytes), key: containerd.io/distribution.source.192.168.122.110: invalid argument"
192.168.122.110:5000/brdnode_1277_r237:latest:                                    resolved       |[32m++++++++++++++++++++++++++++++++++++++[0m| 
index-sha256:d5a3590b2827496a44b23e5491c17420d79fa2f8e4ab69948adaff99588e47bf:    done           |[32m++++++++++++++++++++++++++++++++++++++[0m| 
manifest-sha256:dceae593d59fc46c9700217f2ca2c89a18ba077cc4d437266025830a29fbfec5: done           |[32m++++++++++++++++++++++++++++++++++++++[0m| 
config-sha256:7d927bbc41227400bdeac46343828c6268cdda2990df09d160d42e0b703827e6:   done           |[32m++++++++++++++++++++++++++++++++++++++[0m| 
layer-sha256:13b7e930469f6d3575a320709035c6acf6f5485a76abcf03d1b92a64c09c2476:    done           |[32m++++++++++++++++++++++++++++++++++++++[0m| 
layer-sha256:d4e01146d60c053d9c06b451c971d7eb584f0a514d6e3affd292c0b1801722e1:    done           |[32m++++++++++++++++++++++++++++++++++++++[0m| 
layer-sha256:4f4fb700ef54461cfa02571ae0db9a0dc1e0cdb5577484a6d75e68dc38e8acc1:    done           |[32m++++++++++++++++++++++++++++++++++++++[0m| 
layer-sha256:4accf72faab4ddbb011f63fff24e0656cd1cc9c9ad5293f7e7c0eaf80ed2872f:    done           |[32m++++++++++++++++++++++++++++++++++++++[0m| 
layer-sha256:3e740608074eeae180aa78f7de93f4e3f506d73c145d279e73868329fd903bd1:    done           |[32m++++++++++++++++++++++++++++++++++++++[0m| 
layer-sha256:34608cb22405250243a5e45518fb618d0bea826f8171514b271e7e4c1bef2752:    done           |[32m++++++++++++++++++++++++++++++++++++++[0m| 
layer-sha256:8a29a47395cd3a02d8340f4325004f6ec371681754e5efa24afced2dbdd64272:    done           |[32m++++++++++++++++++++++++++++++++++++++[0m| 
layer-sha256:64a5d8258ce2b42e67330b08d63621bb09cc797b102a21bad4732b2383fa04c0:    done           |[32m++++++++++++++++++++++++++++++++++++++[0m| 
layer-sha256:e59b44c60b0e4bef2712435bc1a530efe229ee8e4ce5e002fab156cab513cd4b:    done           |[32m++++++++++++++++++++++++++++++++++++++[0m| 
layer-sha256:958e8f063e653a4a0923e1d30d3f7f9027e681a0603f978dfa599d01ac99d876:    done           |[32m++++++++++++++++++++++++++++++++++++++[0m| 
layer-sha256:450bb934662efe2c8c55922af96dfccb7cd62066a0861e11b9cc126c9592d6d7:    done           |[32m++++++++++++++++++++++++++++++++++++++[0m| 
layer-sha256:7a854a832e188116cb1d9b5b49bd38ec6c14f9cb5f01c6a361be34100c8bc74f:    done           |[32m++++++++++++++++++++++++++++++++++++++[0m| 
layer-sha256:b1a8b2706032f9c0f354be0daa46f3da6643916a3373ee5d2792dd2def0151d1:    done           |[32m++++++++++++++++++++++++++++++++++++++[0m| 
layer-sha256:addc340765a82557a1c470f02781307d6d89a92525778e3941dae49cc16c5893:    done           |[32m++++++++++++++++++++++++++++++++++++++[0m| 
layer-sha256:48c63a55731a94aca37cae003a86d51ad1bf47e899bd1a6aeac76bb8688740c7:    done           |[32m++++++++++++++++++++++++++++++++++++++[0m| 
layer-sha256:c954e5f88d9d9be1ed732898db6841e22d90078a4c76cf4717c4cc7edc74403e:    done           |[32m++++++++++++++++++++++++++++++++++++++[0m| 
layer-sha256:6d4c3300fd7b73ba923f4b2f890f7fa342a030f39a444193ebe28ab78afee2e4:    done           |[32m++++++++++++++++++++++++++++++++++++++[0m| 
layer-sha256:ceeedf94a462417bdda579d9d00a70c324a4577a1b82ef7cdb1bffde359307e4:    done           |[32m++++++++++++++++++++++++++++++++++++++[0m| 
layer-sha256:8be5c830cd8561a1adf3dee2a64fe8963532caa97ed9e1559a5ae8f15361942a:    done           |[32m++++++++++++++++++++++++++++++++++++++[0m| 
layer-sha256:2229323296fd0788580520d9635c12357eabeefb98b33f80240f26f398fd9977:    done           |[32m++++++++++++++++++++++++++++++++++++++[0m| 
layer-sha256:a4e79303b275aa1ebecf2cde7cae91c83bc90f8ba3d4d6cdff79cafe20fa1249:    done           |[32m++++++++++++++++++++++++++++++++++++++[0m| 
layer-sha256:9f441ad30abc48467a6b8a9cda7188811487d4620338337f923a3f1595f847ba:    done           |[32m++++++++++++++++++++++++++++++++++++++[0m| 
elapsed: 0.1 s                                                                    total:   0.0 B (0.0 B/s)                                         
unpacking linux/amd64 sha256:d5a3590b2827496a44b23e5491c17420d79fa2f8e4ab69948adaff99588e47bf...
done: 17.20363ms	
time="2026-04-16T10:27:47Z" level=info msg="host will try HTTPS first since it is configured for HTTP with a TLS configuration, consider changing host to HTTPS or removing unused TLS configuration" host="192.168.122.110:5000"
time="2026-04-16T10:27:47Z" level=info msg="host will try HTTPS first since it is configured for HTTP with a TLS configuration, consider changing host to HTTPS or removing unused TLS configuration" host="192.168.122.110:5000"
192.168.122.110:5000/brdnode_1277_r23:latest:                                     resolved       |[32m++++++++++++++++++++++++++++++++++++++[0m| 
index-sha256:2f5cec6e493023025388b28bfb555eb1e16ec37eaf694814233e042c60390f59:    done           |[32m++++++++++++++++++++++++++++++++++++++[0m| 
manifest-sha256:4bf75b3aaf9b7889c77efedaecdbf4971ec4e9b31fe09d97b23d23966b73ba8b: done           |[32m++++++++++++++++++++++++++++++++++++++[0m| 
layer-sha256:64a5d8258ce2b42e67330b08d63621bb09cc797b102a21bad4732b2383fa04c0:    done           |[32m++++++++++++++++++++++++++++++++++++++[0m| 
layer-sha256:48f904d47839649498f008db5346c323f0e84e5cecc8df9094cfbbd5f380ccd9:    done           |[32m++++++++++++++++++++++++++++++++++++++[0m| 
layer-sha256:ac4e6f37b6961e5342fa000ada4ac8c0d4d446a21d67b450e0751926640543e9:    done           |[32m++++++++++++++++++++++++++++++++++++++[0m| 
layer-sha256:2229323296fd0788580520d9635c12357eabeefb98b33f80240f26f398fd9977:    done           |[32m++++++++++++++++++++++++++++++++++++++[0m| 
layer-sha256:b51411e29f809bd3168418c696bb3a1c31424b8551ef43bdd8e1a49294b082bd:    done           |[32m++++++++++++++++++++++++++++++++++++++[0m| 
layer-sha256:7a854a832e188116cb1d9b5b49bd38ec6c14f9cb5f01c6a361be34100c8bc74f:    done           |[32m++++++++++++++++++++++++++++++++++++++[0m| 
config-sha256:4c9e8b1107c49b8212e45bcf658a1c32fa40d44d301400128ea9ea9724c3a114:   done           |[32m++++++++++++++++++++++++++++++++++++++[0m| 
layer-sha256:ce7bb9fae02db3f525d6eb20c19b6e87dabdbe31691174d2af689ddf057bb5d0:    done           |[32m++++++++++++++++++++++++++++++++++++++[0m| 
layer-sha256:f0542cf6c94fcb724720e5d87c5e9067c91858a71a495299444eeed7bf68b5c7:    done           |[32m++++++++++++++++++++++++++++++++++++++[0m| 
layer-sha256:8c9f42434e551efa5a789471a431330f44a1aa539f50c1b601d5e09a37812d1e:    done           |[32m++++++++++++++++++++++++++++++++++++++[0m| 
layer-sha256:9f441ad30abc48467a6b8a9cda7188811487d4620338337f923a3f1595f847ba:    done           |[32m++++++++++++++++++++++++++++++++++++++[0m| 
layer-sha256:5cabc41e9ca0e9dfccd365b2658b18496efea9a9f4fb3bbfd6dc92a69eae7676:    done           |[32m++++++++++++++++++++++++++++++++++++++[0m| 
layer-sha256:13b7e930469f6d3575a320709035c6acf6f5485a76abcf03d1b92a64c09c2476:    done           |[32m++++++++++++++++++++++++++++++++++++++[0m| 
layer-sha256:48c63a55731a94aca37cae003a86d51ad1bf47e899bd1a6aeac76bb8688740c7:    done           |[32m++++++++++++++++++++++++++++++++++++++[0m| 
layer-sha256:3e740608074eeae180aa78f7de93f4e3f506d73c145d279e73868329fd903bd1:    done           |[32m++++++++++++++++++++++++++++++++++++++[0m| 
layer-sha256:34608cb22405250243a5e45518fb618d0bea826f8171514b271e7e4c1bef2752:    done           |[32m++++++++++++++++++++++++++++++++++++++[0m| 
layer-sha256:8a29a47395cd3a02d8340f4325004f6ec371681754e5efa24afced2dbdd64272:    done           |[32m++++++++++++++++++++++++++++++++++++++[0m| 
layer-sha256:c954e5f88d9d9be1ed732898db6841e22d90078a4c76cf4717c4cc7edc74403e:    done           |[32m++++++++++++++++++++++++++++++++++++++[0m| 
layer-sha256:4accf72faab4ddbb011f63fff24e0656cd1cc9c9ad5293f7e7c0eaf80ed2872f:    done           |[32m++++++++++++++++++++++++++++++++++++++[0m| 
layer-sha256:b1a8b2706032f9c0f354be0daa46f3da6643916a3373ee5d2792dd2def0151d1:    done           |[32m++++++++++++++++++++++++++++++++++++++[0m| 
layer-sha256:4f4fb700ef54461cfa02571ae0db9a0dc1e0cdb5577484a6d75e68dc38e8acc1:    done           |[32m++++++++++++++++++++++++++++++++++++++[0m| 
layer-sha256:450bb934662efe2c8c55922af96dfccb7cd62066a0861e11b9cc126c9592d6d7:    done           |[32m++++++++++++++++++++++++++++++++++++++[0m| 
layer-sha256:e59b44c60b0e4bef2712435bc1a530efe229ee8e4ce5e002fab156cab513cd4b:    done           |[32m++++++++++++++++++++++++++++++++++++++[0m| 
elapsed: 0.1 s                                                                    total:   0.0 B (0.0 B/s)                                         
unpacking linux/amd64 sha256:2f5cec6e493023025388b28bfb555eb1e16ec37eaf694814233e042c60390f59...
done: 18.675284ms	
time="2026-04-16T10:27:47Z" level=info msg="host will try HTTPS first since it is configured for HTTP with a TLS configuration, consider changing host to HTTPS or removing unused TLS configuration" host="192.168.122.110:5000"
time="2026-04-16T10:27:47Z" level=info msg="host will try HTTPS first since it is configured for HTTP with a TLS configuration, consider changing host to HTTPS or removing unused TLS configuration" host="192.168.122.110:5000"
192.168.122.110:5000/brdnode_1277_r24:latest:                                     resolved       |[32m++++++++++++++++++++++++++++++++++++++[0m| 
index-sha256:e55edd7a74d0507a635bca7e3dce46493e21f5378f8d9b0fbc256a0f92a6d9ff:    done           |[32m++++++++++++++++++++++++++++++++++++++[0m| 
manifest-sha256:9081b7ca92f0b27ac4005b4bf386005949b7e7d1dc8c39ef295c21bd3d1de1c8: done           |[32m++++++++++++++++++++++++++++++++++++++[0m| 
layer-sha256:c954e5f88d9d9be1ed732898db6841e22d90078a4c76cf4717c4cc7edc74403e:    done           |[32m++++++++++++++++++++++++++++++++++++++[0m| 
layer-sha256:e8c2235d9d4227264435d6385ab905cf897055d0fc46f29fdf81073984909b1f:    done           |[32m++++++++++++++++++++++++++++++++++++++[0m| 
layer-sha256:13b7e930469f6d3575a320709035c6acf6f5485a76abcf03d1b92a64c09c2476:    done           |[32m++++++++++++++++++++++++++++++++++++++[0m| 
layer-sha256:450bb934662efe2c8c55922af96dfccb7cd62066a0861e11b9cc126c9592d6d7:    done           |[32m++++++++++++++++++++++++++++++++++++++[0m| 
config-sha256:cb94105054eb114f1e9633225629664ccc3820ff3513d2d158fdf666d8ebe583:   done           |[32m++++++++++++++++++++++++++++++++++++++[0m| 
layer-sha256:4accf72faab4ddbb011f63fff24e0656cd1cc9c9ad5293f7e7c0eaf80ed2872f:    done           |[32m++++++++++++++++++++++++++++++++++++++[0m| 
layer-sha256:9f441ad30abc48467a6b8a9cda7188811487d4620338337f923a3f1595f847ba:    done           |[32m++++++++++++++++++++++++++++++++++++++[0m| 
layer-sha256:34608cb22405250243a5e45518fb618d0bea826f8171514b271e7e4c1bef2752:    done           |[32m++++++++++++++++++++++++++++++++++++++[0m| 
layer-sha256:3e740608074eeae180aa78f7de93f4e3f506d73c145d279e73868329fd903bd1:    done           |[32m++++++++++++++++++++++++++++++++++++++[0m| 
layer-sha256:4f4fb700ef54461cfa02571ae0db9a0dc1e0cdb5577484a6d75e68dc38e8acc1:    done           |[32m++++++++++++++++++++++++++++++++++++++[0m| 
layer-sha256:64a5d8258ce2b42e67330b08d63621bb09cc797b102a21bad4732b2383fa04c0:    done           |[32m++++++++++++++++++++++++++++++++++++++[0m| 
layer-sha256:8a29a47395cd3a02d8340f4325004f6ec371681754e5efa24afced2dbdd64272:    done           |[32m++++++++++++++++++++++++++++++++++++++[0m| 
layer-sha256:e59b44c60b0e4bef2712435bc1a530efe229ee8e4ce5e002fab156cab513cd4b:    done           |[32m++++++++++++++++++++++++++++++++++++++[0m| 
layer-sha256:3d7475fe451a696a238c5887418a835f87e5124b627d554a2d34d4f77a82baff:    done           |[32m++++++++++++++++++++++++++++++++++++++[0m| 
layer-sha256:83c09bf5840d6dc87320242e52d065cad0fdf1d8d5a08a2016d4e91dbc9d71d3:    done           |[32m++++++++++++++++++++++++++++++++++++++[0m| 
layer-sha256:b1a8b2706032f9c0f354be0daa46f3da6643916a3373ee5d2792dd2def0151d1:    done           |[32m++++++++++++++++++++++++++++++++++++++[0m| 
layer-sha256:2229323296fd0788580520d9635c12357eabeefb98b33f80240f26f398fd9977:    done           |[32m++++++++++++++++++++++++++++++++++++++[0m| 
layer-sha256:7a854a832e188116cb1d9b5b49bd38ec6c14f9cb5f01c6a361be34100c8bc74f:    done           |[32m++++++++++++++++++++++++++++++++++++++[0m| 
layer-sha256:99069e130ed0f835cb9ade8570118ea7e45252dc07cb7034673b913e2ce0135a:    done           |[32m++++++++++++++++++++++++++++++++++++++[0m| 
layer-sha256:b266afdf645d8a5b6e536c043d062d399783df8cdd3e7a9f4efb72324184ec17:    done           |[32m++++++++++++++++++++++++++++++++++++++[0m| 
layer-sha256:48c63a55731a94aca37cae003a86d51ad1bf47e899bd1a6aeac76bb8688740c7:    done           |[32m++++++++++++++++++++++++++++++++++++++[0m| 
layer-sha256:c1edd16838d6b72ae58963335d638afa33c271bd4d9b156b7ec19d8f743f4697:    done           |[32m++++++++++++++++++++++++++++++++++++++[0m| 
layer-sha256:0f39fb7af72b95da500047d68b37539388f43a3df5f2f633adfd6a6f3c10ee50:    done           |[32m++++++++++++++++++++++++++++++++++++++[0m| 
elapsed: 0.1 s                                                                    total:   0.0 B (0.0 B/s)                                         
unpacking linux/amd64 sha256:e55edd7a74d0507a635bca7e3dce46493e21f5378f8d9b0fbc256a0f92a6d9ff...
done: 19.482097ms	
time="2026-04-16T10:27:48Z" level=info msg="host will try HTTPS first since it is configured for HTTP with a TLS configuration, consider changing host to HTTPS or removing unused TLS configuration" host="192.168.122.110:5000"
time="2026-04-16T10:27:48Z" level=info msg="host will try HTTPS first since it is configured for HTTP with a TLS configuration, consider changing host to HTTPS or removing unused TLS configuration" host="192.168.122.110:5000"
time="2026-04-16T10:27:48Z" level=warning msg="skip to append distribution label: label key and value length (4113 bytes) greater than maximum size (4096 bytes), key: containerd.io/distribution.source.192.168.122.110: invalid argument"
time="2026-04-16T10:27:48Z" level=warning msg="skip to append distribution label: label key and value length (4113 bytes) greater than maximum size (4096 bytes), key: containerd.io/distribution.source.192.168.122.110: invalid argument"
time="2026-04-16T10:27:48Z" level=warning msg="skip to append distribution label: label key and value length (4113 bytes) greater than maximum size (4096 bytes), key: containerd.io/distribution.source.192.168.122.110: invalid argument"
time="2026-04-16T10:27:48Z" level=warning msg="skip to append distribution label: label key and value length (4113 bytes) greater than maximum size (4096 bytes), key: containerd.io/distribution.source.192.168.122.110: invalid argument"
time="2026-04-16T10:27:48Z" level=warning msg="skip to append distribution label: label key and value length (4113 bytes) greater than maximum size (4096 bytes), key: containerd.io/distribution.source.192.168.122.110: invalid argument"
time="2026-04-16T10:27:48Z" level=warning msg="skip to append distribution label: label key and value length (4113 bytes) greater than maximum size (4096 bytes), key: containerd.io/distribution.source.192.168.122.110: invalid argument"
time="2026-04-16T10:27:48Z" level=warning msg="skip to append distribution label: label key and value length (4111 bytes) greater than maximum size (4096 bytes), key: containerd.io/distribution.source.192.168.122.110: invalid argument"
time="2026-04-16T10:27:48Z" level=warning msg="skip to append distribution label: label key and value length (4113 bytes) greater than maximum size (4096 bytes), key: containerd.io/distribution.source.192.168.122.110: invalid argument"
192.168.122.110:5000/brdnode_1277_r259:latest:                                    resolved       |[32m++++++++++++++++++++++++++++++++++++++[0m| 
index-sha256:c49d063e13bda86e0c799fb769866e423668d64eefeb11f564a2f66dae4b9b07:    done           |[32m++++++++++++++++++++++++++++++++++++++[0m| 
manifest-sha256:4bec1a731e550de359605d223d79fe9e5643861e875e3ca81e8fa90d51383c4e: done           |[32m++++++++++++++++++++++++++++++++++++++[0m| 
layer-sha256:e59b44c60b0e4bef2712435bc1a530efe229ee8e4ce5e002fab156cab513cd4b:    done           |[32m++++++++++++++++++++++++++++++++++++++[0m| 
layer-sha256:e4bb3203e3d60a711daa55a29cf88f262b6b709e28ab938a3fdfb8ca7207ff95:    done           |[32m++++++++++++++++++++++++++++++++++++++[0m| 
layer-sha256:4accf72faab4ddbb011f63fff24e0656cd1cc9c9ad5293f7e7c0eaf80ed2872f:    done           |[32m++++++++++++++++++++++++++++++++++++++[0m| 
layer-sha256:450bb934662efe2c8c55922af96dfccb7cd62066a0861e11b9cc126c9592d6d7:    done           |[32m++++++++++++++++++++++++++++++++++++++[0m| 
layer-sha256:8a29a47395cd3a02d8340f4325004f6ec371681754e5efa24afced2dbdd64272:    done           |[32m++++++++++++++++++++++++++++++++++++++[0m| 
layer-sha256:3e740608074eeae180aa78f7de93f4e3f506d73c145d279e73868329fd903bd1:    done           |[32m++++++++++++++++++++++++++++++++++++++[0m| 
layer-sha256:9f441ad30abc48467a6b8a9cda7188811487d4620338337f923a3f1595f847ba:    done           |[32m++++++++++++++++++++++++++++++++++++++[0m| 
layer-sha256:c954e5f88d9d9be1ed732898db6841e22d90078a4c76cf4717c4cc7edc74403e:    done           |[32m++++++++++++++++++++++++++++++++++++++[0m| 
config-sha256:c5ea7a6afa8a5bb7c0324439107bbbf2a66c1cbb7199989a4a92b41f46546201:   done           |[32m++++++++++++++++++++++++++++++++++++++[0m| 
layer-sha256:44fe7977a895a50f95ed3e96b7fcc1e5dff958a6817321c3275d13c67a2b36a8:    done           |[32m++++++++++++++++++++++++++++++++++++++[0m| 
layer-sha256:93b2cade4dca380f132d65a701568f0d230f4e8489dd43ffe8877b55917862c2:    done           |[32m++++++++++++++++++++++++++++++++++++++[0m| 
layer-sha256:bed79cf32443b3dc0b1a9e7f9449a0f750df9093f1a30c886813f58b49309cc2:    done           |[32m++++++++++++++++++++++++++++++++++++++[0m| 
layer-sha256:2229323296fd0788580520d9635c12357eabeefb98b33f80240f26f398fd9977:    done           |[32m++++++++++++++++++++++++++++++++++++++[0m| 
layer-sha256:13b7e930469f6d3575a320709035c6acf6f5485a76abcf03d1b92a64c09c2476:    done           |[32m++++++++++++++++++++++++++++++++++++++[0m| 
layer-sha256:7a854a832e188116cb1d9b5b49bd38ec6c14f9cb5f01c6a361be34100c8bc74f:    done           |[32m++++++++++++++++++++++++++++++++++++++[0m| 
layer-sha256:34608cb22405250243a5e45518fb618d0bea826f8171514b271e7e4c1bef2752:    done           |[32m++++++++++++++++++++++++++++++++++++++[0m| 
layer-sha256:48c63a55731a94aca37cae003a86d51ad1bf47e899bd1a6aeac76bb8688740c7:    done           |[32m++++++++++++++++++++++++++++++++++++++[0m| 
layer-sha256:64a5d8258ce2b42e67330b08d63621bb09cc797b102a21bad4732b2383fa04c0:    done           |[32m++++++++++++++++++++++++++++++++++++++[0m| 
layer-sha256:b1a8b2706032f9c0f354be0daa46f3da6643916a3373ee5d2792dd2def0151d1:    done           |[32m++++++++++++++++++++++++++++++++++++++[0m| 
layer-sha256:38834b8bc6c9a0956804617ec26822cc2c0de37aba337e55268abd2fd34ed736:    done           |[32m++++++++++++++++++++++++++++++++++++++[0m| 
layer-sha256:7a6bd805486b7ff4fc31a2e5afd103e25b529a3c373b37cbbef962c2b7b07222:    done           |[32m++++++++++++++++++++++++++++++++++++++[0m| 
layer-sha256:0e99b02e758f6cbf505a8532a623e242594d1f0021062c3855010b8b8ff9eb4b:    done           |[32m++++++++++++++++++++++++++++++++++++++[0m| 
layer-sha256:4f4fb700ef54461cfa02571ae0db9a0dc1e0cdb5577484a6d75e68dc38e8acc1:    done           |[32m++++++++++++++++++++++++++++++++++++++[0m| 
elapsed: 0.1 s                                                                    total:   0.0 B (0.0 B/s)                                         
unpacking linux/amd64 sha256:c49d063e13bda86e0c799fb769866e423668d64eefeb11f564a2f66dae4b9b07...
done: 18.367694ms	
time="2026-04-16T10:27:49Z" level=info msg="host will try HTTPS first since it is configured for HTTP with a TLS configuration, consider changing host to HTTPS or removing unused TLS configuration" host="192.168.122.110:5000"
time="2026-04-16T10:27:49Z" level=info msg="host will try HTTPS first since it is configured for HTTP with a TLS configuration, consider changing host to HTTPS or removing unused TLS configuration" host="192.168.122.110:5000"
192.168.122.110:5000/brdnode_1277_r25:latest:                                     resolved       |[32m++++++++++++++++++++++++++++++++++++++[0m| 
index-sha256:f8a62dbe94e4432c4814eaea2420c38e6331f1b61b878ebc5b212f6e72290956:    done           |[32m++++++++++++++++++++++++++++++++++++++[0m| 
manifest-sha256:c8743344658b96902bc1b3db941a6581430f3d61cbd3518d98dc0c0cf761b61f: done           |[32m++++++++++++++++++++++++++++++++++++++[0m| 
layer-sha256:450bb934662efe2c8c55922af96dfccb7cd62066a0861e11b9cc126c9592d6d7:    done           |[32m++++++++++++++++++++++++++++++++++++++[0m| 
layer-sha256:64a5d8258ce2b42e67330b08d63621bb09cc797b102a21bad4732b2383fa04c0:    done           |[32m++++++++++++++++++++++++++++++++++++++[0m| 
layer-sha256:527b4674aaf638f225203131abe8f0c2de5943bf5a214d4efe2131b4266c3e1b:    done           |[32m++++++++++++++++++++++++++++++++++++++[0m| 
layer-sha256:b1a8b2706032f9c0f354be0daa46f3da6643916a3373ee5d2792dd2def0151d1:    done           |[32m++++++++++++++++++++++++++++++++++++++[0m| 
config-sha256:98e1bc98b96908b91cc45d9fb4eb954daf9875031a2ab8765c3f18be597b12b0:   done           |[32m++++++++++++++++++++++++++++++++++++++[0m| 
layer-sha256:4f4fb700ef54461cfa02571ae0db9a0dc1e0cdb5577484a6d75e68dc38e8acc1:    done           |[32m++++++++++++++++++++++++++++++++++++++[0m| 
layer-sha256:7c885465bb63a49b5287d5408ff8476590476961fea9bbb2feae3f00f8759b82:    done           |[32m++++++++++++++++++++++++++++++++++++++[0m| 
layer-sha256:34608cb22405250243a5e45518fb618d0bea826f8171514b271e7e4c1bef2752:    done           |[32m++++++++++++++++++++++++++++++++++++++[0m| 
layer-sha256:13b7e930469f6d3575a320709035c6acf6f5485a76abcf03d1b92a64c09c2476:    done           |[32m++++++++++++++++++++++++++++++++++++++[0m| 
layer-sha256:e59b44c60b0e4bef2712435bc1a530efe229ee8e4ce5e002fab156cab513cd4b:    done           |[32m++++++++++++++++++++++++++++++++++++++[0m| 
layer-sha256:2852ec9ced3d2fe9db6690496c5259040a16c076fa190fcaf4d1d1611d386ff7:    done           |[32m++++++++++++++++++++++++++++++++++++++[0m| 
layer-sha256:2229323296fd0788580520d9635c12357eabeefb98b33f80240f26f398fd9977:    done           |[32m++++++++++++++++++++++++++++++++++++++[0m| 
layer-sha256:9f441ad30abc48467a6b8a9cda7188811487d4620338337f923a3f1595f847ba:    done           |[32m++++++++++++++++++++++++++++++++++++++[0m| 
layer-sha256:8e7cff608ddc828092a0a401b5d5aaa46236255d5e5d18e262109d380820ae64:    done           |[32m++++++++++++++++++++++++++++++++++++++[0m| 
layer-sha256:3e740608074eeae180aa78f7de93f4e3f506d73c145d279e73868329fd903bd1:    done           |[32m++++++++++++++++++++++++++++++++++++++[0m| 
layer-sha256:7a854a832e188116cb1d9b5b49bd38ec6c14f9cb5f01c6a361be34100c8bc74f:    done           |[32m++++++++++++++++++++++++++++++++++++++[0m| 
layer-sha256:99069e130ed0f835cb9ade8570118ea7e45252dc07cb7034673b913e2ce0135a:    done           |[32m++++++++++++++++++++++++++++++++++++++[0m| 
layer-sha256:be135bc173b3836bcc0bf2c33dba3d373c6226b339a3293019da9458605aa7e2:    done           |[32m++++++++++++++++++++++++++++++++++++++[0m| 
layer-sha256:c954e5f88d9d9be1ed732898db6841e22d90078a4c76cf4717c4cc7edc74403e:    done           |[32m++++++++++++++++++++++++++++++++++++++[0m| 
layer-sha256:4accf72faab4ddbb011f63fff24e0656cd1cc9c9ad5293f7e7c0eaf80ed2872f:    done           |[32m++++++++++++++++++++++++++++++++++++++[0m| 
layer-sha256:aa07c539ff34de6b51bbbc5a6617769e5c157714c5eca4ab379e248fe12dc845:    done           |[32m++++++++++++++++++++++++++++++++++++++[0m| 
layer-sha256:48c63a55731a94aca37cae003a86d51ad1bf47e899bd1a6aeac76bb8688740c7:    done           |[32m++++++++++++++++++++++++++++++++++++++[0m| 
layer-sha256:8a29a47395cd3a02d8340f4325004f6ec371681754e5efa24afced2dbdd64272:    done           |[32m++++++++++++++++++++++++++++++++++++++[0m| 
elapsed: 0.1 s                                                                    total:   0.0 B (0.0 B/s)                                         
unpacking linux/amd64 sha256:f8a62dbe94e4432c4814eaea2420c38e6331f1b61b878ebc5b212f6e72290956...
done: 22.165816ms	
time="2026-04-16T10:27:50Z" level=info msg="host will try HTTPS first since it is configured for HTTP with a TLS configuration, consider changing host to HTTPS or removing unused TLS configuration" host="192.168.122.110:5000"
time="2026-04-16T10:27:50Z" level=info msg="host will try HTTPS first since it is configured for HTTP with a TLS configuration, consider changing host to HTTPS or removing unused TLS configuration" host="192.168.122.110:5000"
192.168.122.110:5000/brdnode_1277_r26:latest:                                     resolved       |[32m++++++++++++++++++++++++++++++++++++++[0m| 
index-sha256:b820c2ecabb485034c4f2c269c1b2e6e5950c2241dff216980b2fa16fd5c8c6c:    done           |[32m++++++++++++++++++++++++++++++++++++++[0m| 
manifest-sha256:b5f207d943ed8edb0ccd3838aa470ea8b99d3e7f311c9a85bab0cd420b508909: done           |[32m++++++++++++++++++++++++++++++++++++++[0m| 
layer-sha256:13b7e930469f6d3575a320709035c6acf6f5485a76abcf03d1b92a64c09c2476:    done           |[32m++++++++++++++++++++++++++++++++++++++[0m| 
layer-sha256:ff64c4dc7268a2ff5451c0fd4f228f619e88a3fd57c871bd67987e24a56b8d2d:    done           |[32m++++++++++++++++++++++++++++++++++++++[0m| 
config-sha256:81ab0e3ef2f74967cb33c23a1a438aec1d73088626ac20559f9c94577ab28453:   done           |[32m++++++++++++++++++++++++++++++++++++++[0m| 
layer-sha256:3f02e52777398d5df7f25194311837c90c0576ae155b81560530889f507b58a3:    done           |[32m++++++++++++++++++++++++++++++++++++++[0m| 
layer-sha256:26873097d26e980a643e0c4760e24d34f36ec2ee84432033119f5ce63e24443a:    done           |[32m++++++++++++++++++++++++++++++++++++++[0m| 
layer-sha256:2229323296fd0788580520d9635c12357eabeefb98b33f80240f26f398fd9977:    done           |[32m++++++++++++++++++++++++++++++++++++++[0m| 
layer-sha256:8a29a47395cd3a02d8340f4325004f6ec371681754e5efa24afced2dbdd64272:    done           |[32m++++++++++++++++++++++++++++++++++++++[0m| 
layer-sha256:e59b44c60b0e4bef2712435bc1a530efe229ee8e4ce5e002fab156cab513cd4b:    done           |[32m++++++++++++++++++++++++++++++++++++++[0m| 
layer-sha256:19e4ab3719d6b990fae546f68766c5fcc3c99ccb8cc5ccd3703dc79ef3bbc2a0:    done           |[32m++++++++++++++++++++++++++++++++++++++[0m| 
layer-sha256:f24d29577253947c9a99f640ed439f8b45aeb7e57ecc0ed301b00d4c5abe63ba:    done           |[32m++++++++++++++++++++++++++++++++++++++[0m| 
layer-sha256:34608cb22405250243a5e45518fb618d0bea826f8171514b271e7e4c1bef2752:    done           |[32m++++++++++++++++++++++++++++++++++++++[0m| 
layer-sha256:48c63a55731a94aca37cae003a86d51ad1bf47e899bd1a6aeac76bb8688740c7:    done           |[32m++++++++++++++++++++++++++++++++++++++[0m| 
layer-sha256:7e6e1e442bc9c6c6c1bb658ea2049c20023486085b2618dbfd65316a3df90fca:    done           |[32m++++++++++++++++++++++++++++++++++++++[0m| 
layer-sha256:450bb934662efe2c8c55922af96dfccb7cd62066a0861e11b9cc126c9592d6d7:    done           |[32m++++++++++++++++++++++++++++++++++++++[0m| 
layer-sha256:b1a8b2706032f9c0f354be0daa46f3da6643916a3373ee5d2792dd2def0151d1:    done           |[32m++++++++++++++++++++++++++++++++++++++[0m| 
layer-sha256:ddce5fc7217eb965a25845c614e5c56b6488fc3f492751f7dc5936d7766265d7:    done           |[32m++++++++++++++++++++++++++++++++++++++[0m| 
layer-sha256:9f441ad30abc48467a6b8a9cda7188811487d4620338337f923a3f1595f847ba:    done           |[32m++++++++++++++++++++++++++++++++++++++[0m| 
layer-sha256:c954e5f88d9d9be1ed732898db6841e22d90078a4c76cf4717c4cc7edc74403e:    done           |[32m++++++++++++++++++++++++++++++++++++++[0m| 
layer-sha256:7a854a832e188116cb1d9b5b49bd38ec6c14f9cb5f01c6a361be34100c8bc74f:    done           |[32m++++++++++++++++++++++++++++++++++++++[0m| 
layer-sha256:4accf72faab4ddbb011f63fff24e0656cd1cc9c9ad5293f7e7c0eaf80ed2872f:    done           |[32m++++++++++++++++++++++++++++++++++++++[0m| 
layer-sha256:3e740608074eeae180aa78f7de93f4e3f506d73c145d279e73868329fd903bd1:    done           |[32m++++++++++++++++++++++++++++++++++++++[0m| 
layer-sha256:4f4fb700ef54461cfa02571ae0db9a0dc1e0cdb5577484a6d75e68dc38e8acc1:    done           |[32m++++++++++++++++++++++++++++++++++++++[0m| 
layer-sha256:64a5d8258ce2b42e67330b08d63621bb09cc797b102a21bad4732b2383fa04c0:    done           |[32m++++++++++++++++++++++++++++++++++++++[0m| 
elapsed: 0.1 s                                                                    total:   0.0 B (0.0 B/s)                                         
unpacking linux/amd64 sha256:b820c2ecabb485034c4f2c269c1b2e6e5950c2241dff216980b2fa16fd5c8c6c...
done: 19.100745ms	
time="2026-04-16T10:27:51Z" level=info msg="host will try HTTPS first since it is configured for HTTP with a TLS configuration, consider changing host to HTTPS or removing unused TLS configuration" host="192.168.122.110:5000"
time="2026-04-16T10:27:51Z" level=info msg="host will try HTTPS first since it is configured for HTTP with a TLS configuration, consider changing host to HTTPS or removing unused TLS configuration" host="192.168.122.110:5000"
192.168.122.110:5000/brdnode_1277_r28:latest:                                     resolved       |[32m++++++++++++++++++++++++++++++++++++++[0m| 
index-sha256:8b85869ba78fbfda721d735bce6685968b5ca33df98b202ffcb67779691a4372:    done           |[32m++++++++++++++++++++++++++++++++++++++[0m| 
manifest-sha256:298d3533908e37c56aef15cebc87fd9bd59ba6bbe717e06cd7654a595cdd2899: done           |[32m++++++++++++++++++++++++++++++++++++++[0m| 
layer-sha256:1066971408ad0754d0c675342b063ffcdee62345a5b2dde4763e89e384426ec6:    done           |[32m++++++++++++++++++++++++++++++++++++++[0m| 
layer-sha256:34608cb22405250243a5e45518fb618d0bea826f8171514b271e7e4c1bef2752:    done           |[32m++++++++++++++++++++++++++++++++++++++[0m| 
config-sha256:1589ce4e75f69a22fdc644d731165d72e7263591b80b71b97022ca1348c55404:   done           |[32m++++++++++++++++++++++++++++++++++++++[0m| 
layer-sha256:450bb934662efe2c8c55922af96dfccb7cd62066a0861e11b9cc126c9592d6d7:    done           |[32m++++++++++++++++++++++++++++++++++++++[0m| 
layer-sha256:c954e5f88d9d9be1ed732898db6841e22d90078a4c76cf4717c4cc7edc74403e:    done           |[32m++++++++++++++++++++++++++++++++++++++[0m| 
layer-sha256:9f441ad30abc48467a6b8a9cda7188811487d4620338337f923a3f1595f847ba:    done           |[32m++++++++++++++++++++++++++++++++++++++[0m| 
layer-sha256:3e740608074eeae180aa78f7de93f4e3f506d73c145d279e73868329fd903bd1:    done           |[32m++++++++++++++++++++++++++++++++++++++[0m| 
layer-sha256:56aa113148bb4fdb431679595e06eace51dd7818db4613699d734ab5152660e4:    done           |[32m++++++++++++++++++++++++++++++++++++++[0m| 
layer-sha256:c859f5a8ce2e41fe3841a4ca02af37379ad1c2d4f927390007db065dae92be2c:    done           |[32m++++++++++++++++++++++++++++++++++++++[0m| 
layer-sha256:48c63a55731a94aca37cae003a86d51ad1bf47e899bd1a6aeac76bb8688740c7:    done           |[32m++++++++++++++++++++++++++++++++++++++[0m| 
layer-sha256:8b51cac881ec822d29374af14189878aba00cab659898ebbc252d5a57d370c22:    done           |[32m++++++++++++++++++++++++++++++++++++++[0m| 
layer-sha256:d94b4531809f8fded721538f6c1199978432efc06189938cef132e47f94ba9cd:    done           |[32m++++++++++++++++++++++++++++++++++++++[0m| 
layer-sha256:4accf72faab4ddbb011f63fff24e0656cd1cc9c9ad5293f7e7c0eaf80ed2872f:    done           |[32m++++++++++++++++++++++++++++++++++++++[0m| 
layer-sha256:64a5d8258ce2b42e67330b08d63621bb09cc797b102a21bad4732b2383fa04c0:    done           |[32m++++++++++++++++++++++++++++++++++++++[0m| 
layer-sha256:ef711691b5731efa8b318ef71ad04e023f1acfa3cc7e50714e4a993c27fbe135:    done           |[32m++++++++++++++++++++++++++++++++++++++[0m| 
layer-sha256:0671685e66a929b6036167a134f06d38e1031a9028151e5039d4d3c02b37e44d:    done           |[32m++++++++++++++++++++++++++++++++++++++[0m| 
layer-sha256:2229323296fd0788580520d9635c12357eabeefb98b33f80240f26f398fd9977:    done           |[32m++++++++++++++++++++++++++++++++++++++[0m| 
layer-sha256:8a29a47395cd3a02d8340f4325004f6ec371681754e5efa24afced2dbdd64272:    done           |[32m++++++++++++++++++++++++++++++++++++++[0m| 
layer-sha256:b1a8b2706032f9c0f354be0daa46f3da6643916a3373ee5d2792dd2def0151d1:    done           |[32m++++++++++++++++++++++++++++++++++++++[0m| 
layer-sha256:7a854a832e188116cb1d9b5b49bd38ec6c14f9cb5f01c6a361be34100c8bc74f:    done           |[32m++++++++++++++++++++++++++++++++++++++[0m| 
layer-sha256:4f4fb700ef54461cfa02571ae0db9a0dc1e0cdb5577484a6d75e68dc38e8acc1:    done           |[32m++++++++++++++++++++++++++++++++++++++[0m| 
layer-sha256:13b7e930469f6d3575a320709035c6acf6f5485a76abcf03d1b92a64c09c2476:    done           |[32m++++++++++++++++++++++++++++++++++++++[0m| 
layer-sha256:e59b44c60b0e4bef2712435bc1a530efe229ee8e4ce5e002fab156cab513cd4b:    done           |[32m++++++++++++++++++++++++++++++++++++++[0m| 
elapsed: 0.1 s                                                                    total:   0.0 B (0.0 B/s)                                         
unpacking linux/amd64 sha256:8b85869ba78fbfda721d735bce6685968b5ca33df98b202ffcb67779691a4372...
done: 18.642995ms	
time="2026-04-16T10:27:51Z" level=info msg="host will try HTTPS first since it is configured for HTTP with a TLS configuration, consider changing host to HTTPS or removing unused TLS configuration" host="192.168.122.110:5000"
time="2026-04-16T10:27:51Z" level=info msg="host will try HTTPS first since it is configured for HTTP with a TLS configuration, consider changing host to HTTPS or removing unused TLS configuration" host="192.168.122.110:5000"
time="2026-04-16T10:27:52Z" level=warning msg="skip to append distribution label: label key and value length (4113 bytes) greater than maximum size (4096 bytes), key: containerd.io/distribution.source.192.168.122.110: invalid argument"
time="2026-04-16T10:27:52Z" level=warning msg="skip to append distribution label: label key and value length (4113 bytes) greater than maximum size (4096 bytes), key: containerd.io/distribution.source.192.168.122.110: invalid argument"
time="2026-04-16T10:27:52Z" level=warning msg="skip to append distribution label: label key and value length (4113 bytes) greater than maximum size (4096 bytes), key: containerd.io/distribution.source.192.168.122.110: invalid argument"
time="2026-04-16T10:27:52Z" level=warning msg="skip to append distribution label: label key and value length (4113 bytes) greater than maximum size (4096 bytes), key: containerd.io/distribution.source.192.168.122.110: invalid argument"
time="2026-04-16T10:27:52Z" level=warning msg="skip to append distribution label: label key and value length (4113 bytes) greater than maximum size (4096 bytes), key: containerd.io/distribution.source.192.168.122.110: invalid argument"
time="2026-04-16T10:27:52Z" level=warning msg="skip to append distribution label: label key and value length (4111 bytes) greater than maximum size (4096 bytes), key: containerd.io/distribution.source.192.168.122.110: invalid argument"
time="2026-04-16T10:27:52Z" level=warning msg="skip to append distribution label: label key and value length (4113 bytes) greater than maximum size (4096 bytes), key: containerd.io/distribution.source.192.168.122.110: invalid argument"
time="2026-04-16T10:27:52Z" level=warning msg="skip to append distribution label: label key and value length (4113 bytes) greater than maximum size (4096 bytes), key: containerd.io/distribution.source.192.168.122.110: invalid argument"
192.168.122.110:5000/brdnode_1277_r296:latest:                                    resolved       |[32m++++++++++++++++++++++++++++++++++++++[0m| 
index-sha256:cb1ace6958a490f7fc7b94195bdf790dc8dceec02a3dc238b411cd6196e3a50c:    done           |[32m++++++++++++++++++++++++++++++++++++++[0m| 
manifest-sha256:e0949c47cdd3df788f9ecca47080bc348aa70dc503d62683f73ad7a6bd2cbef3: done           |[32m++++++++++++++++++++++++++++++++++++++[0m| 
layer-sha256:13b7e930469f6d3575a320709035c6acf6f5485a76abcf03d1b92a64c09c2476:    done           |[32m++++++++++++++++++++++++++++++++++++++[0m| 
layer-sha256:a253910f21754d15fdeb9d3eaf0134d8844e81e56b689efbbc98610fe190e3c5:    done           |[32m++++++++++++++++++++++++++++++++++++++[0m| 
layer-sha256:179b0527a80b2aa9c52003777454b70e2f094113d39b87edafbb806a786e1481:    done           |[32m++++++++++++++++++++++++++++++++++++++[0m| 
config-sha256:7de7d333366b732e37cd430a20839add31d3199c8a99fed854cd26bf2e524225:   done           |[32m++++++++++++++++++++++++++++++++++++++[0m| 
layer-sha256:34608cb22405250243a5e45518fb618d0bea826f8171514b271e7e4c1bef2752:    done           |[32m++++++++++++++++++++++++++++++++++++++[0m| 
layer-sha256:450bb934662efe2c8c55922af96dfccb7cd62066a0861e11b9cc126c9592d6d7:    done           |[32m++++++++++++++++++++++++++++++++++++++[0m| 
layer-sha256:c954e5f88d9d9be1ed732898db6841e22d90078a4c76cf4717c4cc7edc74403e:    done           |[32m++++++++++++++++++++++++++++++++++++++[0m| 
layer-sha256:38834b8bc6c9a0956804617ec26822cc2c0de37aba337e55268abd2fd34ed736:    done           |[32m++++++++++++++++++++++++++++++++++++++[0m| 
layer-sha256:4accf72faab4ddbb011f63fff24e0656cd1cc9c9ad5293f7e7c0eaf80ed2872f:    done           |[32m++++++++++++++++++++++++++++++++++++++[0m| 
layer-sha256:b1a8b2706032f9c0f354be0daa46f3da6643916a3373ee5d2792dd2def0151d1:    done           |[32m++++++++++++++++++++++++++++++++++++++[0m| 
layer-sha256:4f4fb700ef54461cfa02571ae0db9a0dc1e0cdb5577484a6d75e68dc38e8acc1:    done           |[32m++++++++++++++++++++++++++++++++++++++[0m| 
layer-sha256:64a5d8258ce2b42e67330b08d63621bb09cc797b102a21bad4732b2383fa04c0:    done           |[32m++++++++++++++++++++++++++++++++++++++[0m| 
layer-sha256:9f441ad30abc48467a6b8a9cda7188811487d4620338337f923a3f1595f847ba:    done           |[32m++++++++++++++++++++++++++++++++++++++[0m| 
layer-sha256:9961de874d76a4497b081349d854da0b60e982f5dc3b8ec50d4f5ab3e6a58904:    done           |[32m++++++++++++++++++++++++++++++++++++++[0m| 
layer-sha256:b736f20a266b0e79ad3f853e13dfeb9dcbcfa35cb7511b0f00308d6ec909b823:    done           |[32m++++++++++++++++++++++++++++++++++++++[0m| 
layer-sha256:60748de15bc32551cbc3c3d5f1a3f68453d52c66aa5335433a445c84dd5e1790:    done           |[32m++++++++++++++++++++++++++++++++++++++[0m| 
layer-sha256:bf02db8a53c20163203ff95c2a63bd743c848a7abd09eb8ed519544c91c4852c:    done           |[32m++++++++++++++++++++++++++++++++++++++[0m| 
layer-sha256:3e740608074eeae180aa78f7de93f4e3f506d73c145d279e73868329fd903bd1:    done           |[32m++++++++++++++++++++++++++++++++++++++[0m| 
layer-sha256:8a29a47395cd3a02d8340f4325004f6ec371681754e5efa24afced2dbdd64272:    done           |[32m++++++++++++++++++++++++++++++++++++++[0m| 
layer-sha256:48c63a55731a94aca37cae003a86d51ad1bf47e899bd1a6aeac76bb8688740c7:    done           |[32m++++++++++++++++++++++++++++++++++++++[0m| 
layer-sha256:2229323296fd0788580520d9635c12357eabeefb98b33f80240f26f398fd9977:    done           |[32m++++++++++++++++++++++++++++++++++++++[0m| 
layer-sha256:7a854a832e188116cb1d9b5b49bd38ec6c14f9cb5f01c6a361be34100c8bc74f:    done           |[32m++++++++++++++++++++++++++++++++++++++[0m| 
layer-sha256:e59b44c60b0e4bef2712435bc1a530efe229ee8e4ce5e002fab156cab513cd4b:    done           |[32m++++++++++++++++++++++++++++++++++++++[0m| 
elapsed: 0.1 s                                                                    total:   0.0 B (0.0 B/s)                                         
unpacking linux/amd64 sha256:cb1ace6958a490f7fc7b94195bdf790dc8dceec02a3dc238b411cd6196e3a50c...
done: 24.139621ms	
time="2026-04-16T10:27:52Z" level=info msg="host will try HTTPS first since it is configured for HTTP with a TLS configuration, consider changing host to HTTPS or removing unused TLS configuration" host="192.168.122.110:5000"
time="2026-04-16T10:27:52Z" level=info msg="host will try HTTPS first since it is configured for HTTP with a TLS configuration, consider changing host to HTTPS or removing unused TLS configuration" host="192.168.122.110:5000"
time="2026-04-16T10:27:52Z" level=error msg="failed to get content info" error="context canceled"
192.168.122.110:5000/brdnode_1277_r29:latest:                                     resolved       |[32m++++++++++++++++++++++++++++++++++++++[0m| 
index-sha256:ed37c7cf641c796df381e894533a648fc47182630ba36e31cf91744eaf87e61c:    exists         |[32m++++++++++++++++++++++++++++++++++++++[0m| 
manifest-sha256:fb6df26ef2961616beaf092625e3a980ffea2c1318fd974cda5bb019ae1206be: exists         |[32m++++++++++++++++++++++++++++++++++++++[0m| 
config-sha256:d2d6d2dfaf4f2621cb1fb53ccd8c49dea553826f42f436a416d9676bd04658d9:   exists         |[32m++++++++++++++++++++++++++++++++++++++[0m| 
layer-sha256:34608cb22405250243a5e45518fb618d0bea826f8171514b271e7e4c1bef2752:    done           |[32m++++++++++++++++++++++++++++++++++++++[0m| 
layer-sha256:64a5d8258ce2b42e67330b08d63621bb09cc797b102a21bad4732b2383fa04c0:    done           |[32m++++++++++++++++++++++++++++++++++++++[0m| 
layer-sha256:450bb934662efe2c8c55922af96dfccb7cd62066a0861e11b9cc126c9592d6d7:    done           |[32m++++++++++++++++++++++++++++++++++++++[0m| 
layer-sha256:72f45fe2b46654b0cd0d77e5d71ea25f09646eac68792662817271d4f34dd867:    done           |[32m++++++++++++++++++++++++++++++++++++++[0m| 
layer-sha256:e59b44c60b0e4bef2712435bc1a530efe229ee8e4ce5e002fab156cab513cd4b:    done           |[32m++++++++++++++++++++++++++++++++++++++[0m| 
layer-sha256:b1a8b2706032f9c0f354be0daa46f3da6643916a3373ee5d2792dd2def0151d1:    done           |[32m++++++++++++++++++++++++++++++++++++++[0m| 
layer-sha256:13b7e930469f6d3575a320709035c6acf6f5485a76abcf03d1b92a64c09c2476:    done           |[32m++++++++++++++++++++++++++++++++++++++[0m| 
layer-sha256:9a762e3e20cef7a5aa029c894be32491ecde698c146970617576700dd6ca28e4:    done           |[32m++++++++++++++++++++++++++++++++++++++[0m| 
layer-sha256:c954e5f88d9d9be1ed732898db6841e22d90078a4c76cf4717c4cc7edc74403e:    done           |[32m++++++++++++++++++++++++++++++++++++++[0m| 
layer-sha256:4f4fb700ef54461cfa02571ae0db9a0dc1e0cdb5577484a6d75e68dc38e8acc1:    done           |[32m++++++++++++++++++++++++++++++++++++++[0m| 
layer-sha256:2229323296fd0788580520d9635c12357eabeefb98b33f80240f26f398fd9977:    done           |[32m++++++++++++++++++++++++++++++++++++++[0m| 
layer-sha256:70585b5185c586d0b0b404a83c6563502ff73dd8b667193835baffbeff246d36:    done           |[32m++++++++++++++++++++++++++++++++++++++[0m| 
layer-sha256:4accf72faab4ddbb011f63fff24e0656cd1cc9c9ad5293f7e7c0eaf80ed2872f:    done           |[32m++++++++++++++++++++++++++++++++++++++[0m| 
layer-sha256:7a854a832e188116cb1d9b5b49bd38ec6c14f9cb5f01c6a361be34100c8bc74f:    done           |[32m++++++++++++++++++++++++++++++++++++++[0m| 
layer-sha256:907c14dd62375d62a8a12681fd0e76395a76d3f02ee4297f37cec30726db4d67:    done           |[32m++++++++++++++++++++++++++++++++++++++[0m| 
layer-sha256:b6235c4533a027742fd1dedb02b6e219493fcf5b42613b1faf470c2b6c98a518:    done           |[32m++++++++++++++++++++++++++++++++++++++[0m| 
layer-sha256:4cd2b785a17d8fe0d0bb0cf01be39250a4ae96a33720f91b0a86c7a72f151ef7:    done           |[32m++++++++++++++++++++++++++++++++++++++[0m| 
layer-sha256:2e0eace1a8a79d39ce98716da27d2d99247eb6f78d836378076f8e7653cf5dcc:    done           |[32m++++++++++++++++++++++++++++++++++++++[0m| 
layer-sha256:48c63a55731a94aca37cae003a86d51ad1bf47e899bd1a6aeac76bb8688740c7:    done           |[32m++++++++++++++++++++++++++++++++++++++[0m| 
layer-sha256:3e740608074eeae180aa78f7de93f4e3f506d73c145d279e73868329fd903bd1:    done           |[32m++++++++++++++++++++++++++++++++++++++[0m| 
layer-sha256:9f441ad30abc48467a6b8a9cda7188811487d4620338337f923a3f1595f847ba:    done           |[32m++++++++++++++++++++++++++++++++++++++[0m| 
layer-sha256:8a29a47395cd3a02d8340f4325004f6ec371681754e5efa24afced2dbdd64272:    done           |[32m++++++++++++++++++++++++++++++++++++++[0m| 
elapsed: 0.2 s                                                                    total:   0.0 B (0.0 B/s)                                         
unpacking linux/amd64 sha256:ed37c7cf641c796df381e894533a648fc47182630ba36e31cf91744eaf87e61c...
done: 18.442445ms	
time="2026-04-16T10:27:53Z" level=info msg="host will try HTTPS first since it is configured for HTTP with a TLS configuration, consider changing host to HTTPS or removing unused TLS configuration" host="192.168.122.110:5000"
time="2026-04-16T10:27:53Z" level=info msg="host will try HTTPS first since it is configured for HTTP with a TLS configuration, consider changing host to HTTPS or removing unused TLS configuration" host="192.168.122.110:5000"
time="2026-04-16T10:27:53Z" level=error msg="failed to get content info" error="context canceled"
192.168.122.110:5000/brdnode_1277_r2:latest:                                      resolved       |[32m++++++++++++++++++++++++++++++++++++++[0m| 
index-sha256:33f163e43428978a452bc9cfd460697960def0ad9a0bff3bf9fad4effef950ec:    exists         |[32m++++++++++++++++++++++++++++++++++++++[0m| 
manifest-sha256:36a9d4a692abf5f5fc41778d0da4bf30dd87bed6f28cfd4573f1b4c350f51def: done           |[32m++++++++++++++++++++++++++++++++++++++[0m| 
layer-sha256:c954e5f88d9d9be1ed732898db6841e22d90078a4c76cf4717c4cc7edc74403e:    done           |[32m++++++++++++++++++++++++++++++++++++++[0m| 
layer-sha256:53f4f331ee8baeec2b552a3ea1d83a5910fa7ecd195f491735a06957f66b908f:    done           |[32m++++++++++++++++++++++++++++++++++++++[0m| 
layer-sha256:354a9eb0edd9bb280d9a4087c6dff7237d3d8dd1720be1769dbd17ce7d1c519e:    done           |[32m++++++++++++++++++++++++++++++++++++++[0m| 
layer-sha256:9f441ad30abc48467a6b8a9cda7188811487d4620338337f923a3f1595f847ba:    done           |[32m++++++++++++++++++++++++++++++++++++++[0m| 
layer-sha256:3e740608074eeae180aa78f7de93f4e3f506d73c145d279e73868329fd903bd1:    done           |[32m++++++++++++++++++++++++++++++++++++++[0m| 
layer-sha256:13b7e930469f6d3575a320709035c6acf6f5485a76abcf03d1b92a64c09c2476:    done           |[32m++++++++++++++++++++++++++++++++++++++[0m| 
layer-sha256:34608cb22405250243a5e45518fb618d0bea826f8171514b271e7e4c1bef2752:    done           |[32m++++++++++++++++++++++++++++++++++++++[0m| 
layer-sha256:8a29a47395cd3a02d8340f4325004f6ec371681754e5efa24afced2dbdd64272:    done           |[32m++++++++++++++++++++++++++++++++++++++[0m| 
layer-sha256:e2601f8c808a12eaed2dd1cbcc349c616a9f9f1c8377bc858acbeea9a973441a:    done           |[32m++++++++++++++++++++++++++++++++++++++[0m| 
layer-sha256:2229323296fd0788580520d9635c12357eabeefb98b33f80240f26f398fd9977:    done           |[32m++++++++++++++++++++++++++++++++++++++[0m| 
layer-sha256:64a5d8258ce2b42e67330b08d63621bb09cc797b102a21bad4732b2383fa04c0:    done           |[32m++++++++++++++++++++++++++++++++++++++[0m| 
layer-sha256:e59b44c60b0e4bef2712435bc1a530efe229ee8e4ce5e002fab156cab513cd4b:    done           |[32m++++++++++++++++++++++++++++++++++++++[0m| 
layer-sha256:7a854a832e188116cb1d9b5b49bd38ec6c14f9cb5f01c6a361be34100c8bc74f:    done           |[32m++++++++++++++++++++++++++++++++++++++[0m| 
layer-sha256:b1a8b2706032f9c0f354be0daa46f3da6643916a3373ee5d2792dd2def0151d1:    done           |[32m++++++++++++++++++++++++++++++++++++++[0m| 
layer-sha256:450bb934662efe2c8c55922af96dfccb7cd62066a0861e11b9cc126c9592d6d7:    done           |[32m++++++++++++++++++++++++++++++++++++++[0m| 
layer-sha256:7c611cf9d2b739140e0a2aae437fa2cf5e22900e2eac8093396e84fdd22e210b:    done           |[32m++++++++++++++++++++++++++++++++++++++[0m| 
config-sha256:42aac519b18923d53a8e5f5233b5ff85291a485ecf257ac5dcc63386b55b3b13:   done           |[32m++++++++++++++++++++++++++++++++++++++[0m| 
layer-sha256:48c63a55731a94aca37cae003a86d51ad1bf47e899bd1a6aeac76bb8688740c7:    done           |[32m++++++++++++++++++++++++++++++++++++++[0m| 
layer-sha256:4accf72faab4ddbb011f63fff24e0656cd1cc9c9ad5293f7e7c0eaf80ed2872f:    done           |[32m++++++++++++++++++++++++++++++++++++++[0m| 
layer-sha256:c6406774ea97c3d90665a630e13b22e77409c27ac1f5c0eab7ea259eb18ecbe9:    done           |[32m++++++++++++++++++++++++++++++++++++++[0m| 
layer-sha256:4f4fb700ef54461cfa02571ae0db9a0dc1e0cdb5577484a6d75e68dc38e8acc1:    done           |[32m++++++++++++++++++++++++++++++++++++++[0m| 
layer-sha256:a5e4a6ce54cd65f583f77d7d056d8085b7b445dbc2cb97180a845a48dbd1c10d:    done           |[32m++++++++++++++++++++++++++++++++++++++[0m| 
layer-sha256:384dd846ebca4d7a7a54ea02408f51abcda4db6a2fa795e3971570bddb7ad406:    done           |[32m++++++++++++++++++++++++++++++++++++++[0m| 
elapsed: 0.2 s                                                                    total:   0.0 B (0.0 B/s)                                         
unpacking linux/amd64 sha256:33f163e43428978a452bc9cfd460697960def0ad9a0bff3bf9fad4effef950ec...
done: 19.851048ms	
time="2026-04-16T10:27:54Z" level=info msg="host will try HTTPS first since it is configured for HTTP with a TLS configuration, consider changing host to HTTPS or removing unused TLS configuration" host="192.168.122.110:5000"
time="2026-04-16T10:27:54Z" level=info msg="host will try HTTPS first since it is configured for HTTP with a TLS configuration, consider changing host to HTTPS or removing unused TLS configuration" host="192.168.122.110:5000"
time="2026-04-16T10:27:54Z" level=warning msg="skip to append distribution label: label key and value length (4113 bytes) greater than maximum size (4096 bytes), key: containerd.io/distribution.source.192.168.122.110: invalid argument"
time="2026-04-16T10:27:54Z" level=warning msg="skip to append distribution label: label key and value length (4113 bytes) greater than maximum size (4096 bytes), key: containerd.io/distribution.source.192.168.122.110: invalid argument"
time="2026-04-16T10:27:54Z" level=warning msg="skip to append distribution label: label key and value length (4113 bytes) greater than maximum size (4096 bytes), key: containerd.io/distribution.source.192.168.122.110: invalid argument"
time="2026-04-16T10:27:54Z" level=warning msg="skip to append distribution label: label key and value length (4111 bytes) greater than maximum size (4096 bytes), key: containerd.io/distribution.source.192.168.122.110: invalid argument"
time="2026-04-16T10:27:54Z" level=warning msg="skip to append distribution label: label key and value length (4113 bytes) greater than maximum size (4096 bytes), key: containerd.io/distribution.source.192.168.122.110: invalid argument"
time="2026-04-16T10:27:54Z" level=warning msg="skip to append distribution label: label key and value length (4113 bytes) greater than maximum size (4096 bytes), key: containerd.io/distribution.source.192.168.122.110: invalid argument"
time="2026-04-16T10:27:54Z" level=warning msg="skip to append distribution label: label key and value length (4113 bytes) greater than maximum size (4096 bytes), key: containerd.io/distribution.source.192.168.122.110: invalid argument"
time="2026-04-16T10:27:54Z" level=warning msg="skip to append distribution label: label key and value length (4113 bytes) greater than maximum size (4096 bytes), key: containerd.io/distribution.source.192.168.122.110: invalid argument"
192.168.122.110:5000/brdnode_1277_r300:latest:                                    resolved       |[32m++++++++++++++++++++++++++++++++++++++[0m| 
index-sha256:16ec6cdfc11018daaeb718dadc3cc3e937217da5b756adc0dd35ba0dc99ab04b:    done           |[32m++++++++++++++++++++++++++++++++++++++[0m| 
manifest-sha256:484005142cfe7bf649b9b37d519ca5d410e5bf2ea49e736190016eda7ff3ada2: done           |[32m++++++++++++++++++++++++++++++++++++++[0m| 
layer-sha256:dd68156c312019906371d9caae6925ff116b25d2486c341ac6d89a8a986fc084:    done           |[32m++++++++++++++++++++++++++++++++++++++[0m| 
layer-sha256:4accf72faab4ddbb011f63fff24e0656cd1cc9c9ad5293f7e7c0eaf80ed2872f:    done           |[32m++++++++++++++++++++++++++++++++++++++[0m| 
layer-sha256:4f4fb700ef54461cfa02571ae0db9a0dc1e0cdb5577484a6d75e68dc38e8acc1:    done           |[32m++++++++++++++++++++++++++++++++++++++[0m| 
layer-sha256:56d052d43969ea1530907a90f84346ed951d2e8fe66d52354d5bae0bfbc47fac:    done           |[32m++++++++++++++++++++++++++++++++++++++[0m| 
layer-sha256:9f441ad30abc48467a6b8a9cda7188811487d4620338337f923a3f1595f847ba:    done           |[32m++++++++++++++++++++++++++++++++++++++[0m| 
layer-sha256:7a854a832e188116cb1d9b5b49bd38ec6c14f9cb5f01c6a361be34100c8bc74f:    done           |[32m++++++++++++++++++++++++++++++++++++++[0m| 
layer-sha256:bf5de3cdeef2fabda8f1c8cefd23374ec7a1dafe0ff06b7b5fa6981010461e87:    done           |[32m++++++++++++++++++++++++++++++++++++++[0m| 
layer-sha256:13b7e930469f6d3575a320709035c6acf6f5485a76abcf03d1b92a64c09c2476:    done           |[32m++++++++++++++++++++++++++++++++++++++[0m| 
layer-sha256:b1a8b2706032f9c0f354be0daa46f3da6643916a3373ee5d2792dd2def0151d1:    done           |[32m++++++++++++++++++++++++++++++++++++++[0m| 
layer-sha256:3e740608074eeae180aa78f7de93f4e3f506d73c145d279e73868329fd903bd1:    done           |[32m++++++++++++++++++++++++++++++++++++++[0m| 
layer-sha256:7a5a6b7508e0b7b70f9b8340fa2e9b4da5cd355c15c204cd56d2bebf2faa7a27:    done           |[32m++++++++++++++++++++++++++++++++++++++[0m| 
layer-sha256:64a5d8258ce2b42e67330b08d63621bb09cc797b102a21bad4732b2383fa04c0:    done           |[32m++++++++++++++++++++++++++++++++++++++[0m| 
layer-sha256:c954e5f88d9d9be1ed732898db6841e22d90078a4c76cf4717c4cc7edc74403e:    done           |[32m++++++++++++++++++++++++++++++++++++++[0m| 
layer-sha256:2229323296fd0788580520d9635c12357eabeefb98b33f80240f26f398fd9977:    done           |[32m++++++++++++++++++++++++++++++++++++++[0m| 
layer-sha256:34608cb22405250243a5e45518fb618d0bea826f8171514b271e7e4c1bef2752:    done           |[32m++++++++++++++++++++++++++++++++++++++[0m| 
layer-sha256:e59b44c60b0e4bef2712435bc1a530efe229ee8e4ce5e002fab156cab513cd4b:    done           |[32m++++++++++++++++++++++++++++++++++++++[0m| 
layer-sha256:450bb934662efe2c8c55922af96dfccb7cd62066a0861e11b9cc126c9592d6d7:    done           |[32m++++++++++++++++++++++++++++++++++++++[0m| 
config-sha256:b8e522e56a6be470fbf58c05adb37ca153486b98f753e0c66d4e7b8c55a70778:   done           |[32m++++++++++++++++++++++++++++++++++++++[0m| 
layer-sha256:9c6620184abde571cf71b2d70711bf6e5630159101fa718fb0f0fbd4776d72f2:    done           |[32m++++++++++++++++++++++++++++++++++++++[0m| 
layer-sha256:38834b8bc6c9a0956804617ec26822cc2c0de37aba337e55268abd2fd34ed736:    done           |[32m++++++++++++++++++++++++++++++++++++++[0m| 
layer-sha256:8a29a47395cd3a02d8340f4325004f6ec371681754e5efa24afced2dbdd64272:    done           |[32m++++++++++++++++++++++++++++++++++++++[0m| 
layer-sha256:48c63a55731a94aca37cae003a86d51ad1bf47e899bd1a6aeac76bb8688740c7:    done           |[32m++++++++++++++++++++++++++++++++++++++[0m| 
layer-sha256:07767c060e8d08c1236bf3b66f867f83045e4e198f10d631cfc6b1a7a31b6102:    done           |[32m++++++++++++++++++++++++++++++++++++++[0m| 
elapsed: 0.1 s                                                                    total:   0.0 B (0.0 B/s)                                         
unpacking linux/amd64 sha256:16ec6cdfc11018daaeb718dadc3cc3e937217da5b756adc0dd35ba0dc99ab04b...
done: 22.367177ms	
time="2026-04-16T10:27:55Z" level=info msg="host will try HTTPS first since it is configured for HTTP with a TLS configuration, consider changing host to HTTPS or removing unused TLS configuration" host="192.168.122.110:5000"
time="2026-04-16T10:27:55Z" level=info msg="host will try HTTPS first since it is configured for HTTP with a TLS configuration, consider changing host to HTTPS or removing unused TLS configuration" host="192.168.122.110:5000"
192.168.122.110:5000/brdnode_1277_r30:latest:                                     resolved       |[32m++++++++++++++++++++++++++++++++++++++[0m| 
index-sha256:f6c42422edb33f6b4246f442becbeeec2a7a57f6f89877c8e46502ffd867f15b:    done           |[32m++++++++++++++++++++++++++++++++++++++[0m| 
manifest-sha256:7f290016c884927c423d549fd9b526c849f8491e3b37ae21bd9dd6efa4a31bbf: done           |[32m++++++++++++++++++++++++++++++++++++++[0m| 
config-sha256:b07a1b0cab2f9c7617ecbc392d418eb41fb8fa6fb966993b1f550410a1b7cf87:   done           |[32m++++++++++++++++++++++++++++++++++++++[0m| 
layer-sha256:450bb934662efe2c8c55922af96dfccb7cd62066a0861e11b9cc126c9592d6d7:    done           |[32m++++++++++++++++++++++++++++++++++++++[0m| 
layer-sha256:34608cb22405250243a5e45518fb618d0bea826f8171514b271e7e4c1bef2752:    done           |[32m++++++++++++++++++++++++++++++++++++++[0m| 
layer-sha256:831fce5961e012711bacf7c6ad1003dcf90668dfde93529fbb1367db75e44a77:    done           |[32m++++++++++++++++++++++++++++++++++++++[0m| 
layer-sha256:13b7e930469f6d3575a320709035c6acf6f5485a76abcf03d1b92a64c09c2476:    done           |[32m++++++++++++++++++++++++++++++++++++++[0m| 
layer-sha256:2229323296fd0788580520d9635c12357eabeefb98b33f80240f26f398fd9977:    done           |[32m++++++++++++++++++++++++++++++++++++++[0m| 
layer-sha256:f00318a58eb7d76e8678cca32737666ddeb902437d01a82ecc5770fe6d042a31:    done           |[32m++++++++++++++++++++++++++++++++++++++[0m| 
layer-sha256:7a854a832e188116cb1d9b5b49bd38ec6c14f9cb5f01c6a361be34100c8bc74f:    done           |[32m++++++++++++++++++++++++++++++++++++++[0m| 
layer-sha256:64a5d8258ce2b42e67330b08d63621bb09cc797b102a21bad4732b2383fa04c0:    done           |[32m++++++++++++++++++++++++++++++++++++++[0m| 
layer-sha256:f7f750abce28da05cb4a0ab70653b5263594c2a3fc41f1667599524fff3187aa:    done           |[32m++++++++++++++++++++++++++++++++++++++[0m| 
layer-sha256:9f441ad30abc48467a6b8a9cda7188811487d4620338337f923a3f1595f847ba:    done           |[32m++++++++++++++++++++++++++++++++++++++[0m| 
layer-sha256:17ffb007e3f24baab1d275aa073326a5bcd112deb38ea5a67a7d4d50fbd480b7:    done           |[32m++++++++++++++++++++++++++++++++++++++[0m| 
layer-sha256:3e740608074eeae180aa78f7de93f4e3f506d73c145d279e73868329fd903bd1:    done           |[32m++++++++++++++++++++++++++++++++++++++[0m| 
layer-sha256:84552fb074cb83a41e74fec8f32d38dbca70329501af98a02c6743d1cb7a9762:    done           |[32m++++++++++++++++++++++++++++++++++++++[0m| 
layer-sha256:c954e5f88d9d9be1ed732898db6841e22d90078a4c76cf4717c4cc7edc74403e:    done           |[32m++++++++++++++++++++++++++++++++++++++[0m| 
layer-sha256:8fe737e871aefd786e507971b6cbbf666f8718af9d4d0f83e11ac849bb394559:    done           |[32m++++++++++++++++++++++++++++++++++++++[0m| 
layer-sha256:48c63a55731a94aca37cae003a86d51ad1bf47e899bd1a6aeac76bb8688740c7:    done           |[32m++++++++++++++++++++++++++++++++++++++[0m| 
layer-sha256:4accf72faab4ddbb011f63fff24e0656cd1cc9c9ad5293f7e7c0eaf80ed2872f:    done           |[32m++++++++++++++++++++++++++++++++++++++[0m| 
layer-sha256:b1a8b2706032f9c0f354be0daa46f3da6643916a3373ee5d2792dd2def0151d1:    done           |[32m++++++++++++++++++++++++++++++++++++++[0m| 
layer-sha256:8a29a47395cd3a02d8340f4325004f6ec371681754e5efa24afced2dbdd64272:    done           |[32m++++++++++++++++++++++++++++++++++++++[0m| 
layer-sha256:4f4fb700ef54461cfa02571ae0db9a0dc1e0cdb5577484a6d75e68dc38e8acc1:    done           |[32m++++++++++++++++++++++++++++++++++++++[0m| 
layer-sha256:e59b44c60b0e4bef2712435bc1a530efe229ee8e4ce5e002fab156cab513cd4b:    done           |[32m++++++++++++++++++++++++++++++++++++++[0m| 
layer-sha256:74cd6dee4f1be15afb9551f44f41c51788bebdc9204877fd9df8d509ed8da791:    done           |[32m++++++++++++++++++++++++++++++++++++++[0m| 
elapsed: 0.1 s                                                                    total:   0.0 B (0.0 B/s)                                         
unpacking linux/amd64 sha256:f6c42422edb33f6b4246f442becbeeec2a7a57f6f89877c8e46502ffd867f15b...
done: 22.251675ms	
time="2026-04-16T10:27:56Z" level=info msg="host will try HTTPS first since it is configured for HTTP with a TLS configuration, consider changing host to HTTPS or removing unused TLS configuration" host="192.168.122.110:5000"
time="2026-04-16T10:27:56Z" level=info msg="host will try HTTPS first since it is configured for HTTP with a TLS configuration, consider changing host to HTTPS or removing unused TLS configuration" host="192.168.122.110:5000"
time="2026-04-16T10:27:56Z" level=warning msg="skip to append distribution label: label key and value length (4113 bytes) greater than maximum size (4096 bytes), key: containerd.io/distribution.source.192.168.122.110: invalid argument"
time="2026-04-16T10:27:56Z" level=warning msg="skip to append distribution label: label key and value length (4113 bytes) greater than maximum size (4096 bytes), key: containerd.io/distribution.source.192.168.122.110: invalid argument"
time="2026-04-16T10:27:56Z" level=warning msg="skip to append distribution label: label key and value length (4111 bytes) greater than maximum size (4096 bytes), key: containerd.io/distribution.source.192.168.122.110: invalid argument"
time="2026-04-16T10:27:56Z" level=warning msg="skip to append distribution label: label key and value length (4113 bytes) greater than maximum size (4096 bytes), key: containerd.io/distribution.source.192.168.122.110: invalid argument"
time="2026-04-16T10:27:56Z" level=warning msg="skip to append distribution label: label key and value length (4113 bytes) greater than maximum size (4096 bytes), key: containerd.io/distribution.source.192.168.122.110: invalid argument"
time="2026-04-16T10:27:56Z" level=warning msg="skip to append distribution label: label key and value length (4113 bytes) greater than maximum size (4096 bytes), key: containerd.io/distribution.source.192.168.122.110: invalid argument"
time="2026-04-16T10:27:56Z" level=warning msg="skip to append distribution label: label key and value length (4113 bytes) greater than maximum size (4096 bytes), key: containerd.io/distribution.source.192.168.122.110: invalid argument"
time="2026-04-16T10:27:56Z" level=warning msg="skip to append distribution label: label key and value length (4113 bytes) greater than maximum size (4096 bytes), key: containerd.io/distribution.source.192.168.122.110: invalid argument"
192.168.122.110:5000/brdnode_1277_r314:latest:                                    resolved       |[32m++++++++++++++++++++++++++++++++++++++[0m| 
index-sha256:14dbf6024c45447d10090ac94e139dc637b98808cdac47564d7bfb8bdeaa227d:    done           |[32m++++++++++++++++++++++++++++++++++++++[0m| 
manifest-sha256:ff8ca0bedd3d543037db3eb8b299a2973cd414924604795b5273639701c37886: done           |[32m++++++++++++++++++++++++++++++++++++++[0m| 
layer-sha256:b1ac9c664eee1865688016f830abb65e92a5f4c41c89dd656085e68a2de7a71b:    done           |[32m++++++++++++++++++++++++++++++++++++++[0m| 
layer-sha256:64a5d8258ce2b42e67330b08d63621bb09cc797b102a21bad4732b2383fa04c0:    done           |[32m++++++++++++++++++++++++++++++++++++++[0m| 
layer-sha256:8eed924e79c40b1a8f5d39305bc58f3c59407ab5c19c73eaf9bf458faf24da74:    done           |[32m++++++++++++++++++++++++++++++++++++++[0m| 
layer-sha256:2229323296fd0788580520d9635c12357eabeefb98b33f80240f26f398fd9977:    done           |[32m++++++++++++++++++++++++++++++++++++++[0m| 
layer-sha256:48c63a55731a94aca37cae003a86d51ad1bf47e899bd1a6aeac76bb8688740c7:    done           |[32m++++++++++++++++++++++++++++++++++++++[0m| 
layer-sha256:0767987dc7bc651685489a91ae20fa6f59fb82912142f2635c1195df1df41be6:    done           |[32m++++++++++++++++++++++++++++++++++++++[0m| 
config-sha256:acb4d3a88c72f0b01ed8c53164318d8b060d98bf86fdcfeefad2d837958008d2:   done           |[32m++++++++++++++++++++++++++++++++++++++[0m| 
layer-sha256:c92339f69c856dc0d5ce7c1c95026eb71612b40b68cf876e6e24b2c98fdd3d18:    done           |[32m++++++++++++++++++++++++++++++++++++++[0m| 
layer-sha256:bc3afdca3a05aa4f4d3d3c046103929c41b8485de954668176194bc340e91cbf:    done           |[32m++++++++++++++++++++++++++++++++++++++[0m| 
layer-sha256:38834b8bc6c9a0956804617ec26822cc2c0de37aba337e55268abd2fd34ed736:    done           |[32m++++++++++++++++++++++++++++++++++++++[0m| 
layer-sha256:9f441ad30abc48467a6b8a9cda7188811487d4620338337f923a3f1595f847ba:    done           |[32m++++++++++++++++++++++++++++++++++++++[0m| 
layer-sha256:8a29a47395cd3a02d8340f4325004f6ec371681754e5efa24afced2dbdd64272:    done           |[32m++++++++++++++++++++++++++++++++++++++[0m| 
layer-sha256:7a854a832e188116cb1d9b5b49bd38ec6c14f9cb5f01c6a361be34100c8bc74f:    done           |[32m++++++++++++++++++++++++++++++++++++++[0m| 
layer-sha256:3e740608074eeae180aa78f7de93f4e3f506d73c145d279e73868329fd903bd1:    done           |[32m++++++++++++++++++++++++++++++++++++++[0m| 
layer-sha256:b1a8b2706032f9c0f354be0daa46f3da6643916a3373ee5d2792dd2def0151d1:    done           |[32m++++++++++++++++++++++++++++++++++++++[0m| 
layer-sha256:4accf72faab4ddbb011f63fff24e0656cd1cc9c9ad5293f7e7c0eaf80ed2872f:    done           |[32m++++++++++++++++++++++++++++++++++++++[0m| 
layer-sha256:4f4fb700ef54461cfa02571ae0db9a0dc1e0cdb5577484a6d75e68dc38e8acc1:    done           |[32m++++++++++++++++++++++++++++++++++++++[0m| 
layer-sha256:5d4805349552e54e1e7ee896f5efd75f4f59f3a1ea38c5790a6773e2a22be336:    done           |[32m++++++++++++++++++++++++++++++++++++++[0m| 
layer-sha256:e59b44c60b0e4bef2712435bc1a530efe229ee8e4ce5e002fab156cab513cd4b:    done           |[32m++++++++++++++++++++++++++++++++++++++[0m| 
layer-sha256:34608cb22405250243a5e45518fb618d0bea826f8171514b271e7e4c1bef2752:    done           |[32m++++++++++++++++++++++++++++++++++++++[0m| 
layer-sha256:c954e5f88d9d9be1ed732898db6841e22d90078a4c76cf4717c4cc7edc74403e:    done           |[32m++++++++++++++++++++++++++++++++++++++[0m| 
layer-sha256:13b7e930469f6d3575a320709035c6acf6f5485a76abcf03d1b92a64c09c2476:    done           |[32m++++++++++++++++++++++++++++++++++++++[0m| 
layer-sha256:450bb934662efe2c8c55922af96dfccb7cd62066a0861e11b9cc126c9592d6d7:    done           |[32m++++++++++++++++++++++++++++++++++++++[0m| 
elapsed: 0.1 s                                                                    total:   0.0 B (0.0 B/s)                                         
unpacking linux/amd64 sha256:14dbf6024c45447d10090ac94e139dc637b98808cdac47564d7bfb8bdeaa227d...
done: 18.595004ms	
time="2026-04-16T10:27:57Z" level=info msg="host will try HTTPS first since it is configured for HTTP with a TLS configuration, consider changing host to HTTPS or removing unused TLS configuration" host="192.168.122.110:5000"
time="2026-04-16T10:27:57Z" level=info msg="host will try HTTPS first since it is configured for HTTP with a TLS configuration, consider changing host to HTTPS or removing unused TLS configuration" host="192.168.122.110:5000"
192.168.122.110:5000/brdnode_1277_r31:latest:                                     resolved       |[32m++++++++++++++++++++++++++++++++++++++[0m| 
index-sha256:dd36a0c4e2de69efaf17116117b35ca078c5c7af1d358b2a73841513cb605366:    done           |[32m++++++++++++++++++++++++++++++++++++++[0m| 
manifest-sha256:ea7b4cd44ee4c6aeaddc8e65e173eb2f4a53bf3c3d28be772b1b3bc997ed505e: done           |[32m++++++++++++++++++++++++++++++++++++++[0m| 
layer-sha256:34608cb22405250243a5e45518fb618d0bea826f8171514b271e7e4c1bef2752:    done           |[32m++++++++++++++++++++++++++++++++++++++[0m| 
layer-sha256:4accf72faab4ddbb011f63fff24e0656cd1cc9c9ad5293f7e7c0eaf80ed2872f:    done           |[32m++++++++++++++++++++++++++++++++++++++[0m| 
layer-sha256:2200175d4545e5828c982e19ed076165e059169d04856d9ec350f70252409bd1:    done           |[32m++++++++++++++++++++++++++++++++++++++[0m| 
config-sha256:cac216fc114ae28bfa44dd0b822e8a1157dcd6fd34e242b859576af7ced83723:   done           |[32m++++++++++++++++++++++++++++++++++++++[0m| 
layer-sha256:450bb934662efe2c8c55922af96dfccb7cd62066a0861e11b9cc126c9592d6d7:    done           |[32m++++++++++++++++++++++++++++++++++++++[0m| 
layer-sha256:13b7e930469f6d3575a320709035c6acf6f5485a76abcf03d1b92a64c09c2476:    done           |[32m++++++++++++++++++++++++++++++++++++++[0m| 
layer-sha256:c954e5f88d9d9be1ed732898db6841e22d90078a4c76cf4717c4cc7edc74403e:    done           |[32m++++++++++++++++++++++++++++++++++++++[0m| 
layer-sha256:9f441ad30abc48467a6b8a9cda7188811487d4620338337f923a3f1595f847ba:    done           |[32m++++++++++++++++++++++++++++++++++++++[0m| 
layer-sha256:7a854a832e188116cb1d9b5b49bd38ec6c14f9cb5f01c6a361be34100c8bc74f:    done           |[32m++++++++++++++++++++++++++++++++++++++[0m| 
layer-sha256:67fe8be14fc6c84062d4d444d2eb82f6b8fccbe7be01313019043d97dbf0383f:    done           |[32m++++++++++++++++++++++++++++++++++++++[0m| 
layer-sha256:d033976c0b5e5416b9abbf17020de3f7363023f7848318d95ce6cc732f3a7af3:    done           |[32m++++++++++++++++++++++++++++++++++++++[0m| 
layer-sha256:3e740608074eeae180aa78f7de93f4e3f506d73c145d279e73868329fd903bd1:    done           |[32m++++++++++++++++++++++++++++++++++++++[0m| 
layer-sha256:9b45d6f6946d32be1993e12b1fa1e95d56263fb7261a15bd816fb1f008d847df:    done           |[32m++++++++++++++++++++++++++++++++++++++[0m| 
layer-sha256:2613b1f9e279d39a73d4b96ce9f856101b3b501f437672674992f0f7df0951f1:    done           |[32m++++++++++++++++++++++++++++++++++++++[0m| 
layer-sha256:2229323296fd0788580520d9635c12357eabeefb98b33f80240f26f398fd9977:    done           |[32m++++++++++++++++++++++++++++++++++++++[0m| 
layer-sha256:48c63a55731a94aca37cae003a86d51ad1bf47e899bd1a6aeac76bb8688740c7:    done           |[32m++++++++++++++++++++++++++++++++++++++[0m| 
layer-sha256:8a29a47395cd3a02d8340f4325004f6ec371681754e5efa24afced2dbdd64272:    done           |[32m++++++++++++++++++++++++++++++++++++++[0m| 
layer-sha256:4f4fb700ef54461cfa02571ae0db9a0dc1e0cdb5577484a6d75e68dc38e8acc1:    done           |[32m++++++++++++++++++++++++++++++++++++++[0m| 
layer-sha256:59b4d8d3a3089c232ccdedf99335bd891df1e81a13c2f607658a4b0be79349ce:    done           |[32m++++++++++++++++++++++++++++++++++++++[0m| 
layer-sha256:d9e1b37845d66876c0d92a0e25c7f98402f895f63f99870ae409fc442cae0dab:    done           |[32m++++++++++++++++++++++++++++++++++++++[0m| 
layer-sha256:e59b44c60b0e4bef2712435bc1a530efe229ee8e4ce5e002fab156cab513cd4b:    done           |[32m++++++++++++++++++++++++++++++++++++++[0m| 
layer-sha256:64a5d8258ce2b42e67330b08d63621bb09cc797b102a21bad4732b2383fa04c0:    done           |[32m++++++++++++++++++++++++++++++++++++++[0m| 
layer-sha256:b1a8b2706032f9c0f354be0daa46f3da6643916a3373ee5d2792dd2def0151d1:    done           |[32m++++++++++++++++++++++++++++++++++++++[0m| 
elapsed: 0.1 s                                                                    total:   0.0 B (0.0 B/s)                                         
unpacking linux/amd64 sha256:dd36a0c4e2de69efaf17116117b35ca078c5c7af1d358b2a73841513cb605366...
done: 18.855206ms	
time="2026-04-16T10:27:57Z" level=info msg="host will try HTTPS first since it is configured for HTTP with a TLS configuration, consider changing host to HTTPS or removing unused TLS configuration" host="192.168.122.110:5000"
time="2026-04-16T10:27:57Z" level=info msg="host will try HTTPS first since it is configured for HTTP with a TLS configuration, consider changing host to HTTPS or removing unused TLS configuration" host="192.168.122.110:5000"
192.168.122.110:5000/brdnode_1277_r32:latest:                                     resolved       |[32m++++++++++++++++++++++++++++++++++++++[0m| 
index-sha256:80f0e571f847906ca5d940b137b63f3a6d93f18708f9ffd92c3b6d446d9e38b3:    done           |[32m++++++++++++++++++++++++++++++++++++++[0m| 
manifest-sha256:ec78a063af2e8ced2b2e39ba49980cc3bf55c59d20d8416e0a5af232e861a4b6: done           |[32m++++++++++++++++++++++++++++++++++++++[0m| 
config-sha256:838ad3a648e4998b96f3d0b57ee1bdcc0551025880a4800a662ac38e9f8847c6:   done           |[32m++++++++++++++++++++++++++++++++++++++[0m| 
layer-sha256:c954e5f88d9d9be1ed732898db6841e22d90078a4c76cf4717c4cc7edc74403e:    done           |[32m++++++++++++++++++++++++++++++++++++++[0m| 
layer-sha256:34608cb22405250243a5e45518fb618d0bea826f8171514b271e7e4c1bef2752:    done           |[32m++++++++++++++++++++++++++++++++++++++[0m| 
layer-sha256:c116db0fb2185b04d9916fc2726a741324bbdaebce24f3cafb85c818bc51f54d:    done           |[32m++++++++++++++++++++++++++++++++++++++[0m| 
layer-sha256:afeae57b5ee02acbe737a2afad834edff4516037e5d487b6e4d9d178af79179c:    done           |[32m++++++++++++++++++++++++++++++++++++++[0m| 
layer-sha256:13b7e930469f6d3575a320709035c6acf6f5485a76abcf03d1b92a64c09c2476:    done           |[32m++++++++++++++++++++++++++++++++++++++[0m| 
layer-sha256:450bb934662efe2c8c55922af96dfccb7cd62066a0861e11b9cc126c9592d6d7:    done           |[32m++++++++++++++++++++++++++++++++++++++[0m| 
layer-sha256:4accf72faab4ddbb011f63fff24e0656cd1cc9c9ad5293f7e7c0eaf80ed2872f:    done           |[32m++++++++++++++++++++++++++++++++++++++[0m| 
layer-sha256:9f441ad30abc48467a6b8a9cda7188811487d4620338337f923a3f1595f847ba:    done           |[32m++++++++++++++++++++++++++++++++++++++[0m| 
layer-sha256:4f4fb700ef54461cfa02571ae0db9a0dc1e0cdb5577484a6d75e68dc38e8acc1:    done           |[32m++++++++++++++++++++++++++++++++++++++[0m| 
layer-sha256:b1a8b2706032f9c0f354be0daa46f3da6643916a3373ee5d2792dd2def0151d1:    done           |[32m++++++++++++++++++++++++++++++++++++++[0m| 
layer-sha256:64a5d8258ce2b42e67330b08d63621bb09cc797b102a21bad4732b2383fa04c0:    done           |[32m++++++++++++++++++++++++++++++++++++++[0m| 
layer-sha256:3e740608074eeae180aa78f7de93f4e3f506d73c145d279e73868329fd903bd1:    done           |[32m++++++++++++++++++++++++++++++++++++++[0m| 
layer-sha256:d65c1485ef34bf402b5f5397829de7d1796f55063e4bc3740fb1c00306032988:    done           |[32m++++++++++++++++++++++++++++++++++++++[0m| 
layer-sha256:288f2f753d5e085f7d68b45e72503331f6be6b8638e84c34f902595d4c17cc61:    done           |[32m++++++++++++++++++++++++++++++++++++++[0m| 
layer-sha256:8a29a47395cd3a02d8340f4325004f6ec371681754e5efa24afced2dbdd64272:    done           |[32m++++++++++++++++++++++++++++++++++++++[0m| 
layer-sha256:2229323296fd0788580520d9635c12357eabeefb98b33f80240f26f398fd9977:    done           |[32m++++++++++++++++++++++++++++++++++++++[0m| 
layer-sha256:4ac813ab028ccde3d3ad9b0b6007ea3943726102455e02d8548d8fd89222500b:    done           |[32m++++++++++++++++++++++++++++++++++++++[0m| 
layer-sha256:7a854a832e188116cb1d9b5b49bd38ec6c14f9cb5f01c6a361be34100c8bc74f:    done           |[32m++++++++++++++++++++++++++++++++++++++[0m| 
layer-sha256:48c63a55731a94aca37cae003a86d51ad1bf47e899bd1a6aeac76bb8688740c7:    done           |[32m++++++++++++++++++++++++++++++++++++++[0m| 
layer-sha256:462ff57d081324b4c0c16f56fc4b1f4209231563ef34734818ab275815814ea9:    done           |[32m++++++++++++++++++++++++++++++++++++++[0m| 
layer-sha256:e59b44c60b0e4bef2712435bc1a530efe229ee8e4ce5e002fab156cab513cd4b:    done           |[32m++++++++++++++++++++++++++++++++++++++[0m| 
layer-sha256:da3ad3e5b7c5546a2c152a71806b39e9553d7dd73926e60b1860070e673e1f74:    done           |[32m++++++++++++++++++++++++++++++++++++++[0m| 
elapsed: 0.1 s                                                                    total:   0.0 B (0.0 B/s)                                         
unpacking linux/amd64 sha256:80f0e571f847906ca5d940b137b63f3a6d93f18708f9ffd92c3b6d446d9e38b3...
done: 19.165416ms	
time="2026-04-16T10:27:58Z" level=info msg="host will try HTTPS first since it is configured for HTTP with a TLS configuration, consider changing host to HTTPS or removing unused TLS configuration" host="192.168.122.110:5000"
time="2026-04-16T10:27:58Z" level=info msg="host will try HTTPS first since it is configured for HTTP with a TLS configuration, consider changing host to HTTPS or removing unused TLS configuration" host="192.168.122.110:5000"
192.168.122.110:5000/brdnode_1277_r33:latest:                                     resolved       |[32m++++++++++++++++++++++++++++++++++++++[0m| 
index-sha256:76002db1ecbd00d04b7df8f33bd442292343658be7f47f6515239cb27fffafc5:    done           |[32m++++++++++++++++++++++++++++++++++++++[0m| 
manifest-sha256:4d306b76233c61094c636bea33c424d4dbfaf6805c5748a339b03acba6bd58a0: done           |[32m++++++++++++++++++++++++++++++++++++++[0m| 
layer-sha256:c954e5f88d9d9be1ed732898db6841e22d90078a4c76cf4717c4cc7edc74403e:    done           |[32m++++++++++++++++++++++++++++++++++++++[0m| 
layer-sha256:3215b18b11c1c444d8bb905303c7c8ec76f528b02ab1a2e7d6b682811524cdc7:    done           |[32m++++++++++++++++++++++++++++++++++++++[0m| 
layer-sha256:397e3a16fec5d30250ba8da0a78f843440b93b49d8222f110740c7bf7c5dadac:    done           |[32m++++++++++++++++++++++++++++++++++++++[0m| 
layer-sha256:3cb84f9aaab3cd0b01defd1fb5228e12e65c24efcc664985e2de3b982eb81d42:    done           |[32m++++++++++++++++++++++++++++++++++++++[0m| 
layer-sha256:e79abe4713e3fca57155fb0a7464e6743dd0360ad3e5ce1df005793d6c2cdf54:    done           |[32m++++++++++++++++++++++++++++++++++++++[0m| 
config-sha256:5d78603a5b8e45fb0f63ef71897a520d7b50f6b355d7d289c29de398999d723d:   done           |[32m++++++++++++++++++++++++++++++++++++++[0m| 
layer-sha256:2229323296fd0788580520d9635c12357eabeefb98b33f80240f26f398fd9977:    done           |[32m++++++++++++++++++++++++++++++++++++++[0m| 
layer-sha256:4accf72faab4ddbb011f63fff24e0656cd1cc9c9ad5293f7e7c0eaf80ed2872f:    done           |[32m++++++++++++++++++++++++++++++++++++++[0m| 
layer-sha256:13b7e930469f6d3575a320709035c6acf6f5485a76abcf03d1b92a64c09c2476:    done           |[32m++++++++++++++++++++++++++++++++++++++[0m| 
layer-sha256:7a854a832e188116cb1d9b5b49bd38ec6c14f9cb5f01c6a361be34100c8bc74f:    done           |[32m++++++++++++++++++++++++++++++++++++++[0m| 
layer-sha256:8a29a47395cd3a02d8340f4325004f6ec371681754e5efa24afced2dbdd64272:    done           |[32m++++++++++++++++++++++++++++++++++++++[0m| 
layer-sha256:34608cb22405250243a5e45518fb618d0bea826f8171514b271e7e4c1bef2752:    done           |[32m++++++++++++++++++++++++++++++++++++++[0m| 
layer-sha256:756e42a3cdeab0fa4ed4e7d399568c7484116242b86f4762afb317d6f5fb1a27:    done           |[32m++++++++++++++++++++++++++++++++++++++[0m| 
layer-sha256:e59b44c60b0e4bef2712435bc1a530efe229ee8e4ce5e002fab156cab513cd4b:    done           |[32m++++++++++++++++++++++++++++++++++++++[0m| 
layer-sha256:5a0a6fd813e1f8fc59ac989bd5d45544f7b4250c3d5e51813ff905c038f4bdd1:    done           |[32m++++++++++++++++++++++++++++++++++++++[0m| 
layer-sha256:450bb934662efe2c8c55922af96dfccb7cd62066a0861e11b9cc126c9592d6d7:    done           |[32m++++++++++++++++++++++++++++++++++++++[0m| 
layer-sha256:56106f5ec35eb5f467972e8d75fc54ea85cd688852c8b68573640c8c3a596edc:    done           |[32m++++++++++++++++++++++++++++++++++++++[0m| 
layer-sha256:9f441ad30abc48467a6b8a9cda7188811487d4620338337f923a3f1595f847ba:    done           |[32m++++++++++++++++++++++++++++++++++++++[0m| 
layer-sha256:48c63a55731a94aca37cae003a86d51ad1bf47e899bd1a6aeac76bb8688740c7:    done           |[32m++++++++++++++++++++++++++++++++++++++[0m| 
layer-sha256:b1a8b2706032f9c0f354be0daa46f3da6643916a3373ee5d2792dd2def0151d1:    done           |[32m++++++++++++++++++++++++++++++++++++++[0m| 
layer-sha256:4f4fb700ef54461cfa02571ae0db9a0dc1e0cdb5577484a6d75e68dc38e8acc1:    done           |[32m++++++++++++++++++++++++++++++++++++++[0m| 
layer-sha256:3e740608074eeae180aa78f7de93f4e3f506d73c145d279e73868329fd903bd1:    done           |[32m++++++++++++++++++++++++++++++++++++++[0m| 
layer-sha256:64a5d8258ce2b42e67330b08d63621bb09cc797b102a21bad4732b2383fa04c0:    done           |[32m++++++++++++++++++++++++++++++++++++++[0m| 
elapsed: 0.1 s                                                                    total:   0.0 B (0.0 B/s)                                         
unpacking linux/amd64 sha256:76002db1ecbd00d04b7df8f33bd442292343658be7f47f6515239cb27fffafc5...
done: 19.547698ms	
time="2026-04-16T10:27:59Z" level=info msg="host will try HTTPS first since it is configured for HTTP with a TLS configuration, consider changing host to HTTPS or removing unused TLS configuration" host="192.168.122.110:5000"
time="2026-04-16T10:27:59Z" level=info msg="host will try HTTPS first since it is configured for HTTP with a TLS configuration, consider changing host to HTTPS or removing unused TLS configuration" host="192.168.122.110:5000"
time="2026-04-16T10:27:59Z" level=warning msg="skip to append distribution label: label key and value length (4111 bytes) greater than maximum size (4096 bytes), key: containerd.io/distribution.source.192.168.122.110: invalid argument"
time="2026-04-16T10:27:59Z" level=warning msg="skip to append distribution label: label key and value length (4113 bytes) greater than maximum size (4096 bytes), key: containerd.io/distribution.source.192.168.122.110: invalid argument"
time="2026-04-16T10:27:59Z" level=warning msg="skip to append distribution label: label key and value length (4113 bytes) greater than maximum size (4096 bytes), key: containerd.io/distribution.source.192.168.122.110: invalid argument"
time="2026-04-16T10:27:59Z" level=warning msg="skip to append distribution label: label key and value length (4113 bytes) greater than maximum size (4096 bytes), key: containerd.io/distribution.source.192.168.122.110: invalid argument"
time="2026-04-16T10:27:59Z" level=warning msg="skip to append distribution label: label key and value length (4113 bytes) greater than maximum size (4096 bytes), key: containerd.io/distribution.source.192.168.122.110: invalid argument"
time="2026-04-16T10:27:59Z" level=warning msg="skip to append distribution label: label key and value length (4113 bytes) greater than maximum size (4096 bytes), key: containerd.io/distribution.source.192.168.122.110: invalid argument"
time="2026-04-16T10:27:59Z" level=warning msg="skip to append distribution label: label key and value length (4113 bytes) greater than maximum size (4096 bytes), key: containerd.io/distribution.source.192.168.122.110: invalid argument"
time="2026-04-16T10:27:59Z" level=warning msg="skip to append distribution label: label key and value length (4113 bytes) greater than maximum size (4096 bytes), key: containerd.io/distribution.source.192.168.122.110: invalid argument"
192.168.122.110:5000/brdnode_1277_r344:latest:                                    resolved       |[32m++++++++++++++++++++++++++++++++++++++[0m| 
index-sha256:a7ab65dc7782c44661fdbce8f4dd94842f2f197355cc47d15df77f3680a797cf:    done           |[32m++++++++++++++++++++++++++++++++++++++[0m| 
manifest-sha256:6f0464162a26496f070d351b5137a19c0563d75aea14614fd121772aa549861d: done           |[32m++++++++++++++++++++++++++++++++++++++[0m| 
layer-sha256:8b4a55ffca48b246f84ccb9999ae776c2eb778c4b80323ebde3259a441c43ce9:    done           |[32m++++++++++++++++++++++++++++++++++++++[0m| 
layer-sha256:4f4fb700ef54461cfa02571ae0db9a0dc1e0cdb5577484a6d75e68dc38e8acc1:    done           |[32m++++++++++++++++++++++++++++++++++++++[0m| 
layer-sha256:e61e615f3bc7ea283b84cf54fe53d5efe74db84841871919584f5480f8a4b9ff:    done           |[32m++++++++++++++++++++++++++++++++++++++[0m| 
layer-sha256:3e740608074eeae180aa78f7de93f4e3f506d73c145d279e73868329fd903bd1:    done           |[32m++++++++++++++++++++++++++++++++++++++[0m| 
layer-sha256:2229323296fd0788580520d9635c12357eabeefb98b33f80240f26f398fd9977:    done           |[32m++++++++++++++++++++++++++++++++++++++[0m| 
layer-sha256:7a854a832e188116cb1d9b5b49bd38ec6c14f9cb5f01c6a361be34100c8bc74f:    done           |[32m++++++++++++++++++++++++++++++++++++++[0m| 
config-sha256:4f948298442a2aaf379359145b8652c8d2305b4aa4f0c1ef9d93c3615343fc2e:   done           |[32m++++++++++++++++++++++++++++++++++++++[0m| 
layer-sha256:48c63a55731a94aca37cae003a86d51ad1bf47e899bd1a6aeac76bb8688740c7:    done           |[32m++++++++++++++++++++++++++++++++++++++[0m| 
layer-sha256:64a5d8258ce2b42e67330b08d63621bb09cc797b102a21bad4732b2383fa04c0:    done           |[32m++++++++++++++++++++++++++++++++++++++[0m| 
layer-sha256:13b7e930469f6d3575a320709035c6acf6f5485a76abcf03d1b92a64c09c2476:    done           |[32m++++++++++++++++++++++++++++++++++++++[0m| 
layer-sha256:6378bcf803275e4b59c200fc93c298ebb1df96d175b66725d0deeaa0d92c8ff0:    done           |[32m++++++++++++++++++++++++++++++++++++++[0m| 
layer-sha256:4accf72faab4ddbb011f63fff24e0656cd1cc9c9ad5293f7e7c0eaf80ed2872f:    done           |[32m++++++++++++++++++++++++++++++++++++++[0m| 
layer-sha256:34608cb22405250243a5e45518fb618d0bea826f8171514b271e7e4c1bef2752:    done           |[32m++++++++++++++++++++++++++++++++++++++[0m| 
layer-sha256:8a29a47395cd3a02d8340f4325004f6ec371681754e5efa24afced2dbdd64272:    done           |[32m++++++++++++++++++++++++++++++++++++++[0m| 
layer-sha256:9f441ad30abc48467a6b8a9cda7188811487d4620338337f923a3f1595f847ba:    done           |[32m++++++++++++++++++++++++++++++++++++++[0m| 
layer-sha256:450bb934662efe2c8c55922af96dfccb7cd62066a0861e11b9cc126c9592d6d7:    done           |[32m++++++++++++++++++++++++++++++++++++++[0m| 
layer-sha256:e59b44c60b0e4bef2712435bc1a530efe229ee8e4ce5e002fab156cab513cd4b:    done           |[32m++++++++++++++++++++++++++++++++++++++[0m| 
layer-sha256:c954e5f88d9d9be1ed732898db6841e22d90078a4c76cf4717c4cc7edc74403e:    done           |[32m++++++++++++++++++++++++++++++++++++++[0m| 
layer-sha256:863860dd93c4946d86f04f40dfe6b25e280f714f1c2c220e30641873eee50963:    done           |[32m++++++++++++++++++++++++++++++++++++++[0m| 
layer-sha256:05e811fdcd89352595ab24f44d274ad7706b9fef7f201528009117b2af8eac4a:    done           |[32m++++++++++++++++++++++++++++++++++++++[0m| 
layer-sha256:bfa02d3aaaea31ec1d8093cd67c0d0aae4bf5890ee4925a258eec9f276545d9a:    done           |[32m++++++++++++++++++++++++++++++++++++++[0m| 
layer-sha256:b1a8b2706032f9c0f354be0daa46f3da6643916a3373ee5d2792dd2def0151d1:    done           |[32m++++++++++++++++++++++++++++++++++++++[0m| 
layer-sha256:7dc352fbf698eb6e10a6382264e7928024af9e3279fa7b0c415fbf68334a11a6:    done           |[32m++++++++++++++++++++++++++++++++++++++[0m| 
elapsed: 0.1 s                                                                    total:   0.0 B (0.0 B/s)                                         
unpacking linux/amd64 sha256:a7ab65dc7782c44661fdbce8f4dd94842f2f197355cc47d15df77f3680a797cf...
done: 19.613758ms	
time="2026-04-16T10:28:00Z" level=info msg="host will try HTTPS first since it is configured for HTTP with a TLS configuration, consider changing host to HTTPS or removing unused TLS configuration" host="192.168.122.110:5000"
time="2026-04-16T10:28:00Z" level=info msg="host will try HTTPS first since it is configured for HTTP with a TLS configuration, consider changing host to HTTPS or removing unused TLS configuration" host="192.168.122.110:5000"
time="2026-04-16T10:28:00Z" level=warning msg="skip to append distribution label: label key and value length (4113 bytes) greater than maximum size (4096 bytes), key: containerd.io/distribution.source.192.168.122.110: invalid argument"
time="2026-04-16T10:28:00Z" level=warning msg="skip to append distribution label: label key and value length (4113 bytes) greater than maximum size (4096 bytes), key: containerd.io/distribution.source.192.168.122.110: invalid argument"
time="2026-04-16T10:28:00Z" level=warning msg="skip to append distribution label: label key and value length (4113 bytes) greater than maximum size (4096 bytes), key: containerd.io/distribution.source.192.168.122.110: invalid argument"
time="2026-04-16T10:28:00Z" level=warning msg="skip to append distribution label: label key and value length (4111 bytes) greater than maximum size (4096 bytes), key: containerd.io/distribution.source.192.168.122.110: invalid argument"
time="2026-04-16T10:28:00Z" level=warning msg="skip to append distribution label: label key and value length (4113 bytes) greater than maximum size (4096 bytes), key: containerd.io/distribution.source.192.168.122.110: invalid argument"
time="2026-04-16T10:28:00Z" level=warning msg="skip to append distribution label: label key and value length (4113 bytes) greater than maximum size (4096 bytes), key: containerd.io/distribution.source.192.168.122.110: invalid argument"
time="2026-04-16T10:28:00Z" level=warning msg="skip to append distribution label: label key and value length (4113 bytes) greater than maximum size (4096 bytes), key: containerd.io/distribution.source.192.168.122.110: invalid argument"
time="2026-04-16T10:28:00Z" level=warning msg="skip to append distribution label: label key and value length (4113 bytes) greater than maximum size (4096 bytes), key: containerd.io/distribution.source.192.168.122.110: invalid argument"
192.168.122.110:5000/brdnode_1277_r345:latest:                                    resolved       |[32m++++++++++++++++++++++++++++++++++++++[0m| 
index-sha256:a4e0947e240cc8dc791aeef13f8abc0090d1b648439a1010eff39fddb759c189:    done           |[32m++++++++++++++++++++++++++++++++++++++[0m| 
manifest-sha256:a5b2cc0467cc85e4cdb842cf947a354c5618113014ccaa939093d35dd0f294fb: done           |[32m++++++++++++++++++++++++++++++++++++++[0m| 
layer-sha256:40595188b19910a1f421446c15b3767e6e50de8938341800c42caa638770d7e3:    done           |[32m++++++++++++++++++++++++++++++++++++++[0m| 
layer-sha256:125af42dc45007be97e841feae07429797a07525602b4984206b332e12d3f443:    done           |[32m++++++++++++++++++++++++++++++++++++++[0m| 
layer-sha256:64a5d8258ce2b42e67330b08d63621bb09cc797b102a21bad4732b2383fa04c0:    done           |[32m++++++++++++++++++++++++++++++++++++++[0m| 
layer-sha256:7a854a832e188116cb1d9b5b49bd38ec6c14f9cb5f01c6a361be34100c8bc74f:    done           |[32m++++++++++++++++++++++++++++++++++++++[0m| 
layer-sha256:2229323296fd0788580520d9635c12357eabeefb98b33f80240f26f398fd9977:    done           |[32m++++++++++++++++++++++++++++++++++++++[0m| 
layer-sha256:18df6d909df66b69ed1d4a173ae9851a60bb54755d54328491a6c577b4278ecb:    done           |[32m++++++++++++++++++++++++++++++++++++++[0m| 
layer-sha256:4000b49795a5f75df0f01416812d742c6244b0a46093fe4a11e98f34445acf1e:    done           |[32m++++++++++++++++++++++++++++++++++++++[0m| 
layer-sha256:48c63a55731a94aca37cae003a86d51ad1bf47e899bd1a6aeac76bb8688740c7:    done           |[32m++++++++++++++++++++++++++++++++++++++[0m| 
layer-sha256:4accf72faab4ddbb011f63fff24e0656cd1cc9c9ad5293f7e7c0eaf80ed2872f:    done           |[32m++++++++++++++++++++++++++++++++++++++[0m| 
config-sha256:cdaf0a1c9875fea42c15a8781edb10b82e1209e4760a0b0cc5f23379f119dbb5:   done           |[32m++++++++++++++++++++++++++++++++++++++[0m| 
layer-sha256:13b7e930469f6d3575a320709035c6acf6f5485a76abcf03d1b92a64c09c2476:    done           |[32m++++++++++++++++++++++++++++++++++++++[0m| 
layer-sha256:6cc5482255c76c29f470ec48e5d699ed835d53b60fcc691e39ddf0b45f19ecbd:    done           |[32m++++++++++++++++++++++++++++++++++++++[0m| 
layer-sha256:450bb934662efe2c8c55922af96dfccb7cd62066a0861e11b9cc126c9592d6d7:    done           |[32m++++++++++++++++++++++++++++++++++++++[0m| 
layer-sha256:c954e5f88d9d9be1ed732898db6841e22d90078a4c76cf4717c4cc7edc74403e:    done           |[32m++++++++++++++++++++++++++++++++++++++[0m| 
layer-sha256:8a29a47395cd3a02d8340f4325004f6ec371681754e5efa24afced2dbdd64272:    done           |[32m++++++++++++++++++++++++++++++++++++++[0m| 
layer-sha256:3e740608074eeae180aa78f7de93f4e3f506d73c145d279e73868329fd903bd1:    done           |[32m++++++++++++++++++++++++++++++++++++++[0m| 
layer-sha256:dcdaa69ff8caa4c3fe5ebe68bb09229d5368f7a527ff52e0564c8a43ed0e0afa:    done           |[32m++++++++++++++++++++++++++++++++++++++[0m| 
layer-sha256:e59b44c60b0e4bef2712435bc1a530efe229ee8e4ce5e002fab156cab513cd4b:    done           |[32m++++++++++++++++++++++++++++++++++++++[0m| 
layer-sha256:f18d22453fcb307b1a61a2391fb18348a94b3fa166607adee3fc03abf23e2c88:    done           |[32m++++++++++++++++++++++++++++++++++++++[0m| 
layer-sha256:9f441ad30abc48467a6b8a9cda7188811487d4620338337f923a3f1595f847ba:    done           |[32m++++++++++++++++++++++++++++++++++++++[0m| 
layer-sha256:34608cb22405250243a5e45518fb618d0bea826f8171514b271e7e4c1bef2752:    done           |[32m++++++++++++++++++++++++++++++++++++++[0m| 
layer-sha256:b1a8b2706032f9c0f354be0daa46f3da6643916a3373ee5d2792dd2def0151d1:    done           |[32m++++++++++++++++++++++++++++++++++++++[0m| 
layer-sha256:4f4fb700ef54461cfa02571ae0db9a0dc1e0cdb5577484a6d75e68dc38e8acc1:    done           |[32m++++++++++++++++++++++++++++++++++++++[0m| 
elapsed: 0.1 s                                                                    total:   0.0 B (0.0 B/s)                                         
unpacking linux/amd64 sha256:a4e0947e240cc8dc791aeef13f8abc0090d1b648439a1010eff39fddb759c189...
done: 21.062833ms	
time="2026-04-16T10:28:01Z" level=info msg="host will try HTTPS first since it is configured for HTTP with a TLS configuration, consider changing host to HTTPS or removing unused TLS configuration" host="192.168.122.110:5000"
time="2026-04-16T10:28:01Z" level=info msg="host will try HTTPS first since it is configured for HTTP with a TLS configuration, consider changing host to HTTPS or removing unused TLS configuration" host="192.168.122.110:5000"
time="2026-04-16T10:28:01Z" level=warning msg="skip to append distribution label: label key and value length (4113 bytes) greater than maximum size (4096 bytes), key: containerd.io/distribution.source.192.168.122.110: invalid argument"
time="2026-04-16T10:28:01Z" level=warning msg="skip to append distribution label: label key and value length (4113 bytes) greater than maximum size (4096 bytes), key: containerd.io/distribution.source.192.168.122.110: invalid argument"
time="2026-04-16T10:28:01Z" level=warning msg="skip to append distribution label: label key and value length (4113 bytes) greater than maximum size (4096 bytes), key: containerd.io/distribution.source.192.168.122.110: invalid argument"
time="2026-04-16T10:28:01Z" level=warning msg="skip to append distribution label: label key and value length (4113 bytes) greater than maximum size (4096 bytes), key: containerd.io/distribution.source.192.168.122.110: invalid argument"
time="2026-04-16T10:28:01Z" level=warning msg="skip to append distribution label: label key and value length (4113 bytes) greater than maximum size (4096 bytes), key: containerd.io/distribution.source.192.168.122.110: invalid argument"
time="2026-04-16T10:28:01Z" level=warning msg="skip to append distribution label: label key and value length (4113 bytes) greater than maximum size (4096 bytes), key: containerd.io/distribution.source.192.168.122.110: invalid argument"
time="2026-04-16T10:28:01Z" level=warning msg="skip to append distribution label: label key and value length (4113 bytes) greater than maximum size (4096 bytes), key: containerd.io/distribution.source.192.168.122.110: invalid argument"
time="2026-04-16T10:28:01Z" level=warning msg="skip to append distribution label: label key and value length (4111 bytes) greater than maximum size (4096 bytes), key: containerd.io/distribution.source.192.168.122.110: invalid argument"
192.168.122.110:5000/brdnode_1277_r346:latest:                                    resolved       |[32m++++++++++++++++++++++++++++++++++++++[0m| 
index-sha256:d0f7b5f34faba5c378f264c1b97a66c6213f49394ce083b04d1e5f1d39a7af39:    done           |[32m++++++++++++++++++++++++++++++++++++++[0m| 
manifest-sha256:2ce7e6f4fea89d25ea2ad861d2578107e85c13563d2f5d3a126f97ea0aecd3a4: done           |[32m++++++++++++++++++++++++++++++++++++++[0m| 
layer-sha256:c954e5f88d9d9be1ed732898db6841e22d90078a4c76cf4717c4cc7edc74403e:    done           |[32m++++++++++++++++++++++++++++++++++++++[0m| 
layer-sha256:13b7e930469f6d3575a320709035c6acf6f5485a76abcf03d1b92a64c09c2476:    done           |[32m++++++++++++++++++++++++++++++++++++++[0m| 
layer-sha256:d0d20a7e1851d11a832a48c96ba01aa7cc267ccea467a7947aab72bf2a0cf781:    done           |[32m++++++++++++++++++++++++++++++++++++++[0m| 
layer-sha256:34608cb22405250243a5e45518fb618d0bea826f8171514b271e7e4c1bef2752:    done           |[32m++++++++++++++++++++++++++++++++++++++[0m| 
layer-sha256:450bb934662efe2c8c55922af96dfccb7cd62066a0861e11b9cc126c9592d6d7:    done           |[32m++++++++++++++++++++++++++++++++++++++[0m| 
config-sha256:cc1e66485b1785f2b45997b9bbbb7a896232a6d70f9c858be2014f4ea2e77f34:   done           |[32m++++++++++++++++++++++++++++++++++++++[0m| 
layer-sha256:2229323296fd0788580520d9635c12357eabeefb98b33f80240f26f398fd9977:    done           |[32m++++++++++++++++++++++++++++++++++++++[0m| 
layer-sha256:ec5dd31600126000613c9581d96c9b7df15207130fee1f1eedf852751a410b51:    done           |[32m++++++++++++++++++++++++++++++++++++++[0m| 
layer-sha256:7a854a832e188116cb1d9b5b49bd38ec6c14f9cb5f01c6a361be34100c8bc74f:    done           |[32m++++++++++++++++++++++++++++++++++++++[0m| 
layer-sha256:9f441ad30abc48467a6b8a9cda7188811487d4620338337f923a3f1595f847ba:    done           |[32m++++++++++++++++++++++++++++++++++++++[0m| 
layer-sha256:d3caca6ace37e2dc8b249ef5d2ae8d7174a52c2b3371bcd5605433f4e9500092:    done           |[32m++++++++++++++++++++++++++++++++++++++[0m| 
layer-sha256:3e740608074eeae180aa78f7de93f4e3f506d73c145d279e73868329fd903bd1:    done           |[32m++++++++++++++++++++++++++++++++++++++[0m| 
layer-sha256:48c63a55731a94aca37cae003a86d51ad1bf47e899bd1a6aeac76bb8688740c7:    done           |[32m++++++++++++++++++++++++++++++++++++++[0m| 
layer-sha256:47972a89cc085cd78accc51f9216da27a178a5cac02a9f12c59c82a9a8860c52:    done           |[32m++++++++++++++++++++++++++++++++++++++[0m| 
layer-sha256:4accf72faab4ddbb011f63fff24e0656cd1cc9c9ad5293f7e7c0eaf80ed2872f:    done           |[32m++++++++++++++++++++++++++++++++++++++[0m| 
layer-sha256:4f4fb700ef54461cfa02571ae0db9a0dc1e0cdb5577484a6d75e68dc38e8acc1:    done           |[32m++++++++++++++++++++++++++++++++++++++[0m| 
layer-sha256:68680810b81146cbdb8714a4533191bb265ce73c5b022d10d364eac4677a71f9:    done           |[32m++++++++++++++++++++++++++++++++++++++[0m| 
layer-sha256:18d913db58bbf3ca2a57f1cff92b2c42e249bdf7f743965f771cf8ec03c2007f:    done           |[32m++++++++++++++++++++++++++++++++++++++[0m| 
layer-sha256:6cc5482255c76c29f470ec48e5d699ed835d53b60fcc691e39ddf0b45f19ecbd:    done           |[32m++++++++++++++++++++++++++++++++++++++[0m| 
layer-sha256:b1a8b2706032f9c0f354be0daa46f3da6643916a3373ee5d2792dd2def0151d1:    done           |[32m++++++++++++++++++++++++++++++++++++++[0m| 
layer-sha256:e59b44c60b0e4bef2712435bc1a530efe229ee8e4ce5e002fab156cab513cd4b:    done           |[32m++++++++++++++++++++++++++++++++++++++[0m| 
layer-sha256:8a29a47395cd3a02d8340f4325004f6ec371681754e5efa24afced2dbdd64272:    done           |[32m++++++++++++++++++++++++++++++++++++++[0m| 
layer-sha256:64a5d8258ce2b42e67330b08d63621bb09cc797b102a21bad4732b2383fa04c0:    done           |[32m++++++++++++++++++++++++++++++++++++++[0m| 
elapsed: 0.1 s                                                                    total:   0.0 B (0.0 B/s)                                         
unpacking linux/amd64 sha256:d0f7b5f34faba5c378f264c1b97a66c6213f49394ce083b04d1e5f1d39a7af39...
done: 18.060604ms	
time="2026-04-16T10:28:02Z" level=info msg="host will try HTTPS first since it is configured for HTTP with a TLS configuration, consider changing host to HTTPS or removing unused TLS configuration" host="192.168.122.110:5000"
time="2026-04-16T10:28:02Z" level=info msg="host will try HTTPS first since it is configured for HTTP with a TLS configuration, consider changing host to HTTPS or removing unused TLS configuration" host="192.168.122.110:5000"
time="2026-04-16T10:28:02Z" level=warning msg="skip to append distribution label: label key and value length (4113 bytes) greater than maximum size (4096 bytes), key: containerd.io/distribution.source.192.168.122.110: invalid argument"
time="2026-04-16T10:28:02Z" level=warning msg="skip to append distribution label: label key and value length (4113 bytes) greater than maximum size (4096 bytes), key: containerd.io/distribution.source.192.168.122.110: invalid argument"
time="2026-04-16T10:28:02Z" level=warning msg="skip to append distribution label: label key and value length (4113 bytes) greater than maximum size (4096 bytes), key: containerd.io/distribution.source.192.168.122.110: invalid argument"
time="2026-04-16T10:28:02Z" level=warning msg="skip to append distribution label: label key and value length (4113 bytes) greater than maximum size (4096 bytes), key: containerd.io/distribution.source.192.168.122.110: invalid argument"
time="2026-04-16T10:28:02Z" level=warning msg="skip to append distribution label: label key and value length (4113 bytes) greater than maximum size (4096 bytes), key: containerd.io/distribution.source.192.168.122.110: invalid argument"
time="2026-04-16T10:28:02Z" level=warning msg="skip to append distribution label: label key and value length (4113 bytes) greater than maximum size (4096 bytes), key: containerd.io/distribution.source.192.168.122.110: invalid argument"
time="2026-04-16T10:28:02Z" level=warning msg="skip to append distribution label: label key and value length (4111 bytes) greater than maximum size (4096 bytes), key: containerd.io/distribution.source.192.168.122.110: invalid argument"
time="2026-04-16T10:28:02Z" level=warning msg="skip to append distribution label: label key and value length (4113 bytes) greater than maximum size (4096 bytes), key: containerd.io/distribution.source.192.168.122.110: invalid argument"
192.168.122.110:5000/brdnode_1277_r347:latest:                                    resolved       |[32m++++++++++++++++++++++++++++++++++++++[0m| 
index-sha256:3fc5c2d01b058061b38bc7017d63f01480084d00ff7d198587403c3dafe461ea:    done           |[32m++++++++++++++++++++++++++++++++++++++[0m| 
manifest-sha256:881585ca7612e07f1f539fb60023c8787633bb28e9c2b9d4cd42137a8471081b: done           |[32m++++++++++++++++++++++++++++++++++++++[0m| 
layer-sha256:5fb9a88af03bd0b4604390e7f62afbf338bfc7c47d4732927917ef2428a74bef:    done           |[32m++++++++++++++++++++++++++++++++++++++[0m| 
layer-sha256:2229323296fd0788580520d9635c12357eabeefb98b33f80240f26f398fd9977:    done           |[32m++++++++++++++++++++++++++++++++++++++[0m| 
layer-sha256:7a854a832e188116cb1d9b5b49bd38ec6c14f9cb5f01c6a361be34100c8bc74f:    done           |[32m++++++++++++++++++++++++++++++++++++++[0m| 
layer-sha256:3a6b6e5cceefba510f80b717b6071ebe4bed28a62e4ad65a15210c955d7655aa:    done           |[32m++++++++++++++++++++++++++++++++++++++[0m| 
layer-sha256:64a5d8258ce2b42e67330b08d63621bb09cc797b102a21bad4732b2383fa04c0:    done           |[32m++++++++++++++++++++++++++++++++++++++[0m| 
layer-sha256:7131e9b7b1b559d83aec9321882eefad080a45e3a834afd18fc94fe4015e2d89:    done           |[32m++++++++++++++++++++++++++++++++++++++[0m| 
layer-sha256:0f7d491ae6dc2dc980c61bc2770ba6ada0a7fb5f02be89f29bfc0e737c6f3667:    done           |[32m++++++++++++++++++++++++++++++++++++++[0m| 
layer-sha256:48c63a55731a94aca37cae003a86d51ad1bf47e899bd1a6aeac76bb8688740c7:    done           |[32m++++++++++++++++++++++++++++++++++++++[0m| 
layer-sha256:3f26641aa3ea2374b035d30e80278c7ca898fae439df318226d411c880d6aa56:    done           |[32m++++++++++++++++++++++++++++++++++++++[0m| 
layer-sha256:f74aaadadd080e0165d8c2d685cc581a5818bc174cc18a7944d26ce5d89d26d6:    done           |[32m++++++++++++++++++++++++++++++++++++++[0m| 
layer-sha256:c954e5f88d9d9be1ed732898db6841e22d90078a4c76cf4717c4cc7edc74403e:    done           |[32m++++++++++++++++++++++++++++++++++++++[0m| 
layer-sha256:6cc5482255c76c29f470ec48e5d699ed835d53b60fcc691e39ddf0b45f19ecbd:    done           |[32m++++++++++++++++++++++++++++++++++++++[0m| 
config-sha256:15c97a43e0505de18f1663ee646b9462637c0d57db30bb93bddd9f08ead165d8:   done           |[32m++++++++++++++++++++++++++++++++++++++[0m| 
layer-sha256:9f441ad30abc48467a6b8a9cda7188811487d4620338337f923a3f1595f847ba:    done           |[32m++++++++++++++++++++++++++++++++++++++[0m| 
layer-sha256:13b7e930469f6d3575a320709035c6acf6f5485a76abcf03d1b92a64c09c2476:    done           |[32m++++++++++++++++++++++++++++++++++++++[0m| 
layer-sha256:34608cb22405250243a5e45518fb618d0bea826f8171514b271e7e4c1bef2752:    done           |[32m++++++++++++++++++++++++++++++++++++++[0m| 
layer-sha256:450bb934662efe2c8c55922af96dfccb7cd62066a0861e11b9cc126c9592d6d7:    done           |[32m++++++++++++++++++++++++++++++++++++++[0m| 
layer-sha256:b1a8b2706032f9c0f354be0daa46f3da6643916a3373ee5d2792dd2def0151d1:    done           |[32m++++++++++++++++++++++++++++++++++++++[0m| 
layer-sha256:3e740608074eeae180aa78f7de93f4e3f506d73c145d279e73868329fd903bd1:    done           |[32m++++++++++++++++++++++++++++++++++++++[0m| 
layer-sha256:4accf72faab4ddbb011f63fff24e0656cd1cc9c9ad5293f7e7c0eaf80ed2872f:    done           |[32m++++++++++++++++++++++++++++++++++++++[0m| 
layer-sha256:4f4fb700ef54461cfa02571ae0db9a0dc1e0cdb5577484a6d75e68dc38e8acc1:    done           |[32m++++++++++++++++++++++++++++++++++++++[0m| 
layer-sha256:8a29a47395cd3a02d8340f4325004f6ec371681754e5efa24afced2dbdd64272:    done           |[32m++++++++++++++++++++++++++++++++++++++[0m| 
layer-sha256:e59b44c60b0e4bef2712435bc1a530efe229ee8e4ce5e002fab156cab513cd4b:    done           |[32m++++++++++++++++++++++++++++++++++++++[0m| 
elapsed: 0.1 s                                                                    total:   0.0 B (0.0 B/s)                                         
unpacking linux/amd64 sha256:3fc5c2d01b058061b38bc7017d63f01480084d00ff7d198587403c3dafe461ea...
done: 20.32523ms	
time="2026-04-16T10:28:02Z" level=info msg="host will try HTTPS first since it is configured for HTTP with a TLS configuration, consider changing host to HTTPS or removing unused TLS configuration" host="192.168.122.110:5000"
time="2026-04-16T10:28:02Z" level=info msg="host will try HTTPS first since it is configured for HTTP with a TLS configuration, consider changing host to HTTPS or removing unused TLS configuration" host="192.168.122.110:5000"
time="2026-04-16T10:28:02Z" level=error msg="failed to get content info" error="context canceled"
192.168.122.110:5000/brdnode_1277_r34:latest:                                     resolved       |[32m++++++++++++++++++++++++++++++++++++++[0m| 
index-sha256:6aee08947c61e8cedbc4d9ff2c9adb842caa92a9b358d1041b8a23f7c694f386:    exists         |[32m++++++++++++++++++++++++++++++++++++++[0m| 
manifest-sha256:ce10bd786d409dd3b4429a5c9cb0f634a0a0349e924e16e699233b7bd6b04ac1: exists         |[32m++++++++++++++++++++++++++++++++++++++[0m| 
layer-sha256:b1a8b2706032f9c0f354be0daa46f3da6643916a3373ee5d2792dd2def0151d1:    exists         |[32m++++++++++++++++++++++++++++++++++++++[0m| 
layer-sha256:68c3b0f957a2846668255a767a04c34f94fc92335237bb2bf0f879c73c5b3adb:    exists         |[32m++++++++++++++++++++++++++++++++++++++[0m| 
layer-sha256:3e740608074eeae180aa78f7de93f4e3f506d73c145d279e73868329fd903bd1:    exists         |[32m++++++++++++++++++++++++++++++++++++++[0m| 
layer-sha256:7a854a832e188116cb1d9b5b49bd38ec6c14f9cb5f01c6a361be34100c8bc74f:    exists         |[32m++++++++++++++++++++++++++++++++++++++[0m| 
layer-sha256:0c16136f460313043f5e39d4251e9de9b03dfa738578254efd4de94a86aab57c:    exists         |[32m++++++++++++++++++++++++++++++++++++++[0m| 
layer-sha256:4f4fb700ef54461cfa02571ae0db9a0dc1e0cdb5577484a6d75e68dc38e8acc1:    done           |[32m++++++++++++++++++++++++++++++++++++++[0m| 
layer-sha256:6f0a84f7a7bd2812ac4fcc9caeea306491ff3d8ab946e014fe6af3be215e9dce:    done           |[32m++++++++++++++++++++++++++++++++++++++[0m| 
layer-sha256:4accf72faab4ddbb011f63fff24e0656cd1cc9c9ad5293f7e7c0eaf80ed2872f:    done           |[32m++++++++++++++++++++++++++++++++++++++[0m| 
layer-sha256:f4d14b22c6755bdb3cf2de473532aa855e9a5fae72d76fa13e206ddce16e657b:    done           |[32m++++++++++++++++++++++++++++++++++++++[0m| 
layer-sha256:64a5d8258ce2b42e67330b08d63621bb09cc797b102a21bad4732b2383fa04c0:    done           |[32m++++++++++++++++++++++++++++++++++++++[0m| 
layer-sha256:2229323296fd0788580520d9635c12357eabeefb98b33f80240f26f398fd9977:    done           |[32m++++++++++++++++++++++++++++++++++++++[0m| 
layer-sha256:c954e5f88d9d9be1ed732898db6841e22d90078a4c76cf4717c4cc7edc74403e:    done           |[32m++++++++++++++++++++++++++++++++++++++[0m| 
layer-sha256:48c63a55731a94aca37cae003a86d51ad1bf47e899bd1a6aeac76bb8688740c7:    done           |[32m++++++++++++++++++++++++++++++++++++++[0m| 
layer-sha256:13b7e930469f6d3575a320709035c6acf6f5485a76abcf03d1b92a64c09c2476:    done           |[32m++++++++++++++++++++++++++++++++++++++[0m| 
layer-sha256:f56fa6c04b760823ebf6edbba68588673b00ad48287685376b408bbe107a89ad:    done           |[32m++++++++++++++++++++++++++++++++++++++[0m| 
layer-sha256:8a29a47395cd3a02d8340f4325004f6ec371681754e5efa24afced2dbdd64272:    done           |[32m++++++++++++++++++++++++++++++++++++++[0m| 
layer-sha256:34608cb22405250243a5e45518fb618d0bea826f8171514b271e7e4c1bef2752:    done           |[32m++++++++++++++++++++++++++++++++++++++[0m| 
layer-sha256:756e42a3cdeab0fa4ed4e7d399568c7484116242b86f4762afb317d6f5fb1a27:    done           |[32m++++++++++++++++++++++++++++++++++++++[0m| 
layer-sha256:450bb934662efe2c8c55922af96dfccb7cd62066a0861e11b9cc126c9592d6d7:    done           |[32m++++++++++++++++++++++++++++++++++++++[0m| 
config-sha256:7313646d1dc1f7204d8133a21bc138ced9e37f89d7621480ef2f14b617ff530a:   done           |[32m++++++++++++++++++++++++++++++++++++++[0m| 
layer-sha256:173c9a6be308e4f7b5c24f499881f3812631aa78e76e61d6f9337fb74407023e:    done           |[32m++++++++++++++++++++++++++++++++++++++[0m| 
layer-sha256:9f441ad30abc48467a6b8a9cda7188811487d4620338337f923a3f1595f847ba:    done           |[32m++++++++++++++++++++++++++++++++++++++[0m| 
layer-sha256:e59b44c60b0e4bef2712435bc1a530efe229ee8e4ce5e002fab156cab513cd4b:    done           |[32m++++++++++++++++++++++++++++++++++++++[0m| 
elapsed: 0.2 s                                                                    total:   0.0 B (0.0 B/s)                                         
unpacking linux/amd64 sha256:6aee08947c61e8cedbc4d9ff2c9adb842caa92a9b358d1041b8a23f7c694f386...
done: 17.543863ms	
time="2026-04-16T10:28:03Z" level=info msg="host will try HTTPS first since it is configured for HTTP with a TLS configuration, consider changing host to HTTPS or removing unused TLS configuration" host="192.168.122.110:5000"
time="2026-04-16T10:28:03Z" level=info msg="host will try HTTPS first since it is configured for HTTP with a TLS configuration, consider changing host to HTTPS or removing unused TLS configuration" host="192.168.122.110:5000"
192.168.122.110:5000/brdnode_1277_r35:latest:                                     resolved       |[32m++++++++++++++++++++++++++++++++++++++[0m| 
index-sha256:e1bc79a017032d45c2fca23709253e2177c402ffcaafd23448d5257fc1001671:    done           |[32m++++++++++++++++++++++++++++++++++++++[0m| 
manifest-sha256:d25b681e4e31c3d28ba658e266f3ff2b38d9aad9d378ee73f2d3ca948dde7bfd: done           |[32m++++++++++++++++++++++++++++++++++++++[0m| 
layer-sha256:4accf72faab4ddbb011f63fff24e0656cd1cc9c9ad5293f7e7c0eaf80ed2872f:    done           |[32m++++++++++++++++++++++++++++++++++++++[0m| 
layer-sha256:34608cb22405250243a5e45518fb618d0bea826f8171514b271e7e4c1bef2752:    done           |[32m++++++++++++++++++++++++++++++++++++++[0m| 
layer-sha256:34e0d68f6d103a2b4b68fae436af82149d3f555ec0d6e6136d3e977c86f05e37:    done           |[32m++++++++++++++++++++++++++++++++++++++[0m| 
layer-sha256:c24a3654c5199a6078e7035415bc01fdcbfbd92fec04991d91842e6e7d11f2f1:    done           |[32m++++++++++++++++++++++++++++++++++++++[0m| 
layer-sha256:450bb934662efe2c8c55922af96dfccb7cd62066a0861e11b9cc126c9592d6d7:    done           |[32m++++++++++++++++++++++++++++++++++++++[0m| 
layer-sha256:9f441ad30abc48467a6b8a9cda7188811487d4620338337f923a3f1595f847ba:    done           |[32m++++++++++++++++++++++++++++++++++++++[0m| 
layer-sha256:8a29a47395cd3a02d8340f4325004f6ec371681754e5efa24afced2dbdd64272:    done           |[32m++++++++++++++++++++++++++++++++++++++[0m| 
layer-sha256:e59b44c60b0e4bef2712435bc1a530efe229ee8e4ce5e002fab156cab513cd4b:    done           |[32m++++++++++++++++++++++++++++++++++++++[0m| 
config-sha256:b54b8a15f447d4a2948675cad123ec9b4f5302be4841ea19ed7005689a690655:   done           |[32m++++++++++++++++++++++++++++++++++++++[0m| 
layer-sha256:c954e5f88d9d9be1ed732898db6841e22d90078a4c76cf4717c4cc7edc74403e:    done           |[32m++++++++++++++++++++++++++++++++++++++[0m| 
layer-sha256:3e740608074eeae180aa78f7de93f4e3f506d73c145d279e73868329fd903bd1:    done           |[32m++++++++++++++++++++++++++++++++++++++[0m| 
layer-sha256:b1a8b2706032f9c0f354be0daa46f3da6643916a3373ee5d2792dd2def0151d1:    done           |[32m++++++++++++++++++++++++++++++++++++++[0m| 
layer-sha256:13b7e930469f6d3575a320709035c6acf6f5485a76abcf03d1b92a64c09c2476:    done           |[32m++++++++++++++++++++++++++++++++++++++[0m| 
layer-sha256:c9926156063458643afadb4176999fb5e3641dbc8214ce17ab2d9da74fb736c3:    done           |[32m++++++++++++++++++++++++++++++++++++++[0m| 
layer-sha256:4f4fb700ef54461cfa02571ae0db9a0dc1e0cdb5577484a6d75e68dc38e8acc1:    done           |[32m++++++++++++++++++++++++++++++++++++++[0m| 
layer-sha256:c67b2f36dfd5a5dc123c80c44b37d99ecc3d9361d137009a24569154f5ffddbc:    done           |[32m++++++++++++++++++++++++++++++++++++++[0m| 
layer-sha256:64a5d8258ce2b42e67330b08d63621bb09cc797b102a21bad4732b2383fa04c0:    done           |[32m++++++++++++++++++++++++++++++++++++++[0m| 
layer-sha256:6281ed707a0e0c03d65f473394f9b8ce2c0138371b39cfc47704445fc7730f76:    done           |[32m++++++++++++++++++++++++++++++++++++++[0m| 
layer-sha256:48c63a55731a94aca37cae003a86d51ad1bf47e899bd1a6aeac76bb8688740c7:    done           |[32m++++++++++++++++++++++++++++++++++++++[0m| 
layer-sha256:d1b001db350872e9e4bea3f4499572c0b3f1d37c569476d2ecbbce8088faf1e0:    done           |[32m++++++++++++++++++++++++++++++++++++++[0m| 
layer-sha256:756e42a3cdeab0fa4ed4e7d399568c7484116242b86f4762afb317d6f5fb1a27:    done           |[32m++++++++++++++++++++++++++++++++++++++[0m| 
layer-sha256:7a854a832e188116cb1d9b5b49bd38ec6c14f9cb5f01c6a361be34100c8bc74f:    done           |[32m++++++++++++++++++++++++++++++++++++++[0m| 
layer-sha256:2229323296fd0788580520d9635c12357eabeefb98b33f80240f26f398fd9977:    done           |[32m++++++++++++++++++++++++++++++++++++++[0m| 
elapsed: 0.1 s                                                                    total:   0.0 B (0.0 B/s)                                         
unpacking linux/amd64 sha256:e1bc79a017032d45c2fca23709253e2177c402ffcaafd23448d5257fc1001671...
done: 19.485417ms	
time="2026-04-16T10:28:04Z" level=info msg="host will try HTTPS first since it is configured for HTTP with a TLS configuration, consider changing host to HTTPS or removing unused TLS configuration" host="192.168.122.110:5000"
time="2026-04-16T10:28:04Z" level=info msg="host will try HTTPS first since it is configured for HTTP with a TLS configuration, consider changing host to HTTPS or removing unused TLS configuration" host="192.168.122.110:5000"
time="2026-04-16T10:28:04Z" level=error msg="failed to get content info" error="context canceled"
192.168.122.110:5000/brdnode_1277_r36:latest:                                     resolved       |[32m++++++++++++++++++++++++++++++++++++++[0m| 
index-sha256:e6d9abfb7821a188f4e9335cf8b72485c41690adb3b3aeadd2aca9af6cac399e:    done           |[32m++++++++++++++++++++++++++++++++++++++[0m| 
manifest-sha256:b24a19ceea1c71ecd7c30b53559c5b6faace1773994043e50f770c139e44bbc2: done           |[32m++++++++++++++++++++++++++++++++++++++[0m| 
layer-sha256:504ba389916a1dcddef22ecb47c1b89c7bb87ac924191ccc7355e6ad7b100f7a:    done           |[32m++++++++++++++++++++++++++++++++++++++[0m| 
layer-sha256:4accf72faab4ddbb011f63fff24e0656cd1cc9c9ad5293f7e7c0eaf80ed2872f:    done           |[32m++++++++++++++++++++++++++++++++++++++[0m| 
layer-sha256:ad95f1dd6adf15f3e7f0e17b304d89785795fe52683f8862bb755c99fac80480:    done           |[32m++++++++++++++++++++++++++++++++++++++[0m| 
layer-sha256:9f441ad30abc48467a6b8a9cda7188811487d4620338337f923a3f1595f847ba:    done           |[32m++++++++++++++++++++++++++++++++++++++[0m| 
layer-sha256:3e740608074eeae180aa78f7de93f4e3f506d73c145d279e73868329fd903bd1:    done           |[32m++++++++++++++++++++++++++++++++++++++[0m| 
layer-sha256:bf42358a400dad0877fdbb5ad8fe9656b5d7d1490c3f404d71f9555594968647:    done           |[32m++++++++++++++++++++++++++++++++++++++[0m| 
config-sha256:a5be999a2c27168f15627ff0fd48e386fd7aee914ea2ef4bfcd98dd9f9df06ef:   done           |[32m++++++++++++++++++++++++++++++++++++++[0m| 
layer-sha256:e59b44c60b0e4bef2712435bc1a530efe229ee8e4ce5e002fab156cab513cd4b:    done           |[32m++++++++++++++++++++++++++++++++++++++[0m| 
layer-sha256:2229323296fd0788580520d9635c12357eabeefb98b33f80240f26f398fd9977:    done           |[32m++++++++++++++++++++++++++++++++++++++[0m| 
layer-sha256:7a854a832e188116cb1d9b5b49bd38ec6c14f9cb5f01c6a361be34100c8bc74f:    done           |[32m++++++++++++++++++++++++++++++++++++++[0m| 
layer-sha256:b1a8b2706032f9c0f354be0daa46f3da6643916a3373ee5d2792dd2def0151d1:    done           |[32m++++++++++++++++++++++++++++++++++++++[0m| 
layer-sha256:829365b379192e12129e8a466e36d5d8f1d01cf234bde2d768907fc7506196b5:    done           |[32m++++++++++++++++++++++++++++++++++++++[0m| 
layer-sha256:4f4fb700ef54461cfa02571ae0db9a0dc1e0cdb5577484a6d75e68dc38e8acc1:    done           |[32m++++++++++++++++++++++++++++++++++++++[0m| 
layer-sha256:450bb934662efe2c8c55922af96dfccb7cd62066a0861e11b9cc126c9592d6d7:    done           |[32m++++++++++++++++++++++++++++++++++++++[0m| 
layer-sha256:0ec32346daaf753f80211c2145ad392f635bef857b25372cc0be1dd294742e24:    done           |[32m++++++++++++++++++++++++++++++++++++++[0m| 
layer-sha256:48c63a55731a94aca37cae003a86d51ad1bf47e899bd1a6aeac76bb8688740c7:    done           |[32m++++++++++++++++++++++++++++++++++++++[0m| 
layer-sha256:8a29a47395cd3a02d8340f4325004f6ec371681754e5efa24afced2dbdd64272:    done           |[32m++++++++++++++++++++++++++++++++++++++[0m| 
layer-sha256:c954e5f88d9d9be1ed732898db6841e22d90078a4c76cf4717c4cc7edc74403e:    done           |[32m++++++++++++++++++++++++++++++++++++++[0m| 
layer-sha256:d90f9002a79ea4ec5484973497cbe412ab67491b40cb381155b20dd036013e37:    done           |[32m++++++++++++++++++++++++++++++++++++++[0m| 
layer-sha256:8c62ebfcd6c0f966b6e9c389b1648d8ad1cd747265a68dc9fdd07846e1451849:    done           |[32m++++++++++++++++++++++++++++++++++++++[0m| 
layer-sha256:13b7e930469f6d3575a320709035c6acf6f5485a76abcf03d1b92a64c09c2476:    done           |[32m++++++++++++++++++++++++++++++++++++++[0m| 
layer-sha256:34608cb22405250243a5e45518fb618d0bea826f8171514b271e7e4c1bef2752:    done           |[32m++++++++++++++++++++++++++++++++++++++[0m| 
layer-sha256:64a5d8258ce2b42e67330b08d63621bb09cc797b102a21bad4732b2383fa04c0:    done           |[32m++++++++++++++++++++++++++++++++++++++[0m| 
elapsed: 0.2 s                                                                    total:   0.0 B (0.0 B/s)                                         
unpacking linux/amd64 sha256:e6d9abfb7821a188f4e9335cf8b72485c41690adb3b3aeadd2aca9af6cac399e...
done: 22.516407ms	
time="2026-04-16T10:28:05Z" level=info msg="host will try HTTPS first since it is configured for HTTP with a TLS configuration, consider changing host to HTTPS or removing unused TLS configuration" host="192.168.122.110:5000"
time="2026-04-16T10:28:05Z" level=info msg="host will try HTTPS first since it is configured for HTTP with a TLS configuration, consider changing host to HTTPS or removing unused TLS configuration" host="192.168.122.110:5000"
192.168.122.110:5000/brdnode_1277_r37:latest:                                     resolved       |[32m++++++++++++++++++++++++++++++++++++++[0m| 
index-sha256:cd950535a7194debe6303fc421eaeda98b770ba3ce745eaef728ef39fc9bd479:    done           |[32m++++++++++++++++++++++++++++++++++++++[0m| 
manifest-sha256:9e4f71232b690dcf551e073bb6d69dc2854dbc34bec5b7d7d8b65299aaaa4d25: done           |[32m++++++++++++++++++++++++++++++++++++++[0m| 
layer-sha256:b2976176913c3fa1e6feddc6827d41ad5f775ddd710452d00cb227a06c07fd77:    done           |[32m++++++++++++++++++++++++++++++++++++++[0m| 
layer-sha256:db99c70c8e94884f8b3b6bdc1f3be1b92772822a5027929c423a5587638d8b50:    done           |[32m++++++++++++++++++++++++++++++++++++++[0m| 
layer-sha256:64a5d8258ce2b42e67330b08d63621bb09cc797b102a21bad4732b2383fa04c0:    done           |[32m++++++++++++++++++++++++++++++++++++++[0m| 
layer-sha256:8c62ebfcd6c0f966b6e9c389b1648d8ad1cd747265a68dc9fdd07846e1451849:    done           |[32m++++++++++++++++++++++++++++++++++++++[0m| 
layer-sha256:c954e5f88d9d9be1ed732898db6841e22d90078a4c76cf4717c4cc7edc74403e:    done           |[32m++++++++++++++++++++++++++++++++++++++[0m| 
layer-sha256:3f56ca631a9fec2a258ee40d198c1d2300dedee6525ea0331677e4e346489d48:    done           |[32m++++++++++++++++++++++++++++++++++++++[0m| 
layer-sha256:9f441ad30abc48467a6b8a9cda7188811487d4620338337f923a3f1595f847ba:    done           |[32m++++++++++++++++++++++++++++++++++++++[0m| 
layer-sha256:3e740608074eeae180aa78f7de93f4e3f506d73c145d279e73868329fd903bd1:    done           |[32m++++++++++++++++++++++++++++++++++++++[0m| 
layer-sha256:4accf72faab4ddbb011f63fff24e0656cd1cc9c9ad5293f7e7c0eaf80ed2872f:    done           |[32m++++++++++++++++++++++++++++++++++++++[0m| 
layer-sha256:c9a00b4d7668c75fbaea9b5407a34f8a9bb23a919dd076154082d8fdb1f0be76:    done           |[32m++++++++++++++++++++++++++++++++++++++[0m| 
config-sha256:22455a94089f2cad1c7ebfcda5e821f6c300f59115f931328e2a440d94bbc337:   done           |[32m++++++++++++++++++++++++++++++++++++++[0m| 
layer-sha256:48c63a55731a94aca37cae003a86d51ad1bf47e899bd1a6aeac76bb8688740c7:    done           |[32m++++++++++++++++++++++++++++++++++++++[0m| 
layer-sha256:8a29a47395cd3a02d8340f4325004f6ec371681754e5efa24afced2dbdd64272:    done           |[32m++++++++++++++++++++++++++++++++++++++[0m| 
layer-sha256:2229323296fd0788580520d9635c12357eabeefb98b33f80240f26f398fd9977:    done           |[32m++++++++++++++++++++++++++++++++++++++[0m| 
layer-sha256:450bb934662efe2c8c55922af96dfccb7cd62066a0861e11b9cc126c9592d6d7:    done           |[32m++++++++++++++++++++++++++++++++++++++[0m| 
layer-sha256:34608cb22405250243a5e45518fb618d0bea826f8171514b271e7e4c1bef2752:    done           |[32m++++++++++++++++++++++++++++++++++++++[0m| 
layer-sha256:712cc82684012a349947cc66db4a5152854f12ed5fe4de7ebe8e0f95fa08813c:    done           |[32m++++++++++++++++++++++++++++++++++++++[0m| 
layer-sha256:e59b44c60b0e4bef2712435bc1a530efe229ee8e4ce5e002fab156cab513cd4b:    done           |[32m++++++++++++++++++++++++++++++++++++++[0m| 
layer-sha256:4f4fb700ef54461cfa02571ae0db9a0dc1e0cdb5577484a6d75e68dc38e8acc1:    done           |[32m++++++++++++++++++++++++++++++++++++++[0m| 
layer-sha256:f09cc1b1e4fa919450d723b7649a0bc2ffe3e999baa2f30a936542374673e3b4:    done           |[32m++++++++++++++++++++++++++++++++++++++[0m| 
layer-sha256:13b7e930469f6d3575a320709035c6acf6f5485a76abcf03d1b92a64c09c2476:    done           |[32m++++++++++++++++++++++++++++++++++++++[0m| 
layer-sha256:7a854a832e188116cb1d9b5b49bd38ec6c14f9cb5f01c6a361be34100c8bc74f:    done           |[32m++++++++++++++++++++++++++++++++++++++[0m| 
layer-sha256:b1a8b2706032f9c0f354be0daa46f3da6643916a3373ee5d2792dd2def0151d1:    done           |[32m++++++++++++++++++++++++++++++++++++++[0m| 
elapsed: 0.1 s                                                                    total:   0.0 B (0.0 B/s)                                         
unpacking linux/amd64 sha256:cd950535a7194debe6303fc421eaeda98b770ba3ce745eaef728ef39fc9bd479...
done: 18.714156ms	
time="2026-04-16T10:28:06Z" level=info msg="host will try HTTPS first since it is configured for HTTP with a TLS configuration, consider changing host to HTTPS or removing unused TLS configuration" host="192.168.122.110:5000"
time="2026-04-16T10:28:06Z" level=info msg="host will try HTTPS first since it is configured for HTTP with a TLS configuration, consider changing host to HTTPS or removing unused TLS configuration" host="192.168.122.110:5000"
time="2026-04-16T10:28:06Z" level=error msg="failed to get content info" error="context canceled"
192.168.122.110:5000/brdnode_1277_r38:latest:                                     resolved       |[32m++++++++++++++++++++++++++++++++++++++[0m| 
index-sha256:f3bae59367015945956e423ea448db56f81c6f3d716b63846d59c15bdd476e41:    exists         |[32m++++++++++++++++++++++++++++++++++++++[0m| 
manifest-sha256:4bb541c1bb4ca5c26c5d18b049cd9711c7d631e3db9c5aec28e3a6c7059dc54d: exists         |[32m++++++++++++++++++++++++++++++++++++++[0m| 
layer-sha256:13b7e930469f6d3575a320709035c6acf6f5485a76abcf03d1b92a64c09c2476:    exists         |[32m++++++++++++++++++++++++++++++++++++++[0m| 
layer-sha256:72b97c11bbd93045488e91099aa855d4ff4536147be8f1fc98bb75d9db8129da:    exists         |[32m++++++++++++++++++++++++++++++++++++++[0m| 
layer-sha256:6a966406f129eac6430871c82c82aca7f10b60daca26448d471ac03d62ed0087:    exists         |[32m++++++++++++++++++++++++++++++++++++++[0m| 
config-sha256:3ff57b8f1d2f8c8eb72520d5651578b1f6b1c2073659dbec1613e3f5679f53d5:   exists         |[32m++++++++++++++++++++++++++++++++++++++[0m| 
layer-sha256:3e0c05fbf3a66cb424a28f97f39d83f8938fc6774145cfedfa9393d315c687c6:    exists         |[32m++++++++++++++++++++++++++++++++++++++[0m| 
layer-sha256:34608cb22405250243a5e45518fb618d0bea826f8171514b271e7e4c1bef2752:    done           |[32m++++++++++++++++++++++++++++++++++++++[0m| 
layer-sha256:4accf72faab4ddbb011f63fff24e0656cd1cc9c9ad5293f7e7c0eaf80ed2872f:    done           |[32m++++++++++++++++++++++++++++++++++++++[0m| 
layer-sha256:846a3faa008b49919b4b6c8b0283a0d264fd56331bdf7abcfa7282af589b2d5d:    done           |[32m++++++++++++++++++++++++++++++++++++++[0m| 
layer-sha256:8a29a47395cd3a02d8340f4325004f6ec371681754e5efa24afced2dbdd64272:    done           |[32m++++++++++++++++++++++++++++++++++++++[0m| 
layer-sha256:4f4fb700ef54461cfa02571ae0db9a0dc1e0cdb5577484a6d75e68dc38e8acc1:    done           |[32m++++++++++++++++++++++++++++++++++++++[0m| 
layer-sha256:c954e5f88d9d9be1ed732898db6841e22d90078a4c76cf4717c4cc7edc74403e:    done           |[32m++++++++++++++++++++++++++++++++++++++[0m| 
layer-sha256:64a5d8258ce2b42e67330b08d63621bb09cc797b102a21bad4732b2383fa04c0:    done           |[32m++++++++++++++++++++++++++++++++++++++[0m| 
layer-sha256:7a854a832e188116cb1d9b5b49bd38ec6c14f9cb5f01c6a361be34100c8bc74f:    done           |[32m++++++++++++++++++++++++++++++++++++++[0m| 
layer-sha256:3e740608074eeae180aa78f7de93f4e3f506d73c145d279e73868329fd903bd1:    done           |[32m++++++++++++++++++++++++++++++++++++++[0m| 
layer-sha256:d6f49d851cb660ddecbc83509043db224896ff29edbe82aadec4f8652cc9693d:    done           |[32m++++++++++++++++++++++++++++++++++++++[0m| 
layer-sha256:48c63a55731a94aca37cae003a86d51ad1bf47e899bd1a6aeac76bb8688740c7:    done           |[32m++++++++++++++++++++++++++++++++++++++[0m| 
layer-sha256:9f441ad30abc48467a6b8a9cda7188811487d4620338337f923a3f1595f847ba:    done           |[32m++++++++++++++++++++++++++++++++++++++[0m| 
layer-sha256:cf1889db5b98d4858f68595a7ce4224139195531d888c50f9e0f1579e9d5a255:    done           |[32m++++++++++++++++++++++++++++++++++++++[0m| 
layer-sha256:e59b44c60b0e4bef2712435bc1a530efe229ee8e4ce5e002fab156cab513cd4b:    done           |[32m++++++++++++++++++++++++++++++++++++++[0m| 
layer-sha256:707f3e4ea77c10f304e57bb2ed2edf3f3e52f34789c92d767320469a6ab58b0a:    done           |[32m++++++++++++++++++++++++++++++++++++++[0m| 
layer-sha256:2229323296fd0788580520d9635c12357eabeefb98b33f80240f26f398fd9977:    done           |[32m++++++++++++++++++++++++++++++++++++++[0m| 
layer-sha256:450bb934662efe2c8c55922af96dfccb7cd62066a0861e11b9cc126c9592d6d7:    done           |[32m++++++++++++++++++++++++++++++++++++++[0m| 
layer-sha256:b1a8b2706032f9c0f354be0daa46f3da6643916a3373ee5d2792dd2def0151d1:    done           |[32m++++++++++++++++++++++++++++++++++++++[0m| 
elapsed: 0.2 s                                                                    total:   0.0 B (0.0 B/s)                                         
unpacking linux/amd64 sha256:f3bae59367015945956e423ea448db56f81c6f3d716b63846d59c15bdd476e41...
done: 18.211204ms	
time="2026-04-16T10:28:07Z" level=info msg="host will try HTTPS first since it is configured for HTTP with a TLS configuration, consider changing host to HTTPS or removing unused TLS configuration" host="192.168.122.110:5000"
time="2026-04-16T10:28:07Z" level=info msg="host will try HTTPS first since it is configured for HTTP with a TLS configuration, consider changing host to HTTPS or removing unused TLS configuration" host="192.168.122.110:5000"
192.168.122.110:5000/brdnode_1277_r39:latest:                                     resolved       |[32m++++++++++++++++++++++++++++++++++++++[0m| 
index-sha256:5604012568d2f9ca1d1557dd5ddf60337fce0848be8790ac094af42ae7dfa75d:    done           |[32m++++++++++++++++++++++++++++++++++++++[0m| 
manifest-sha256:88bbbc1604b97a24b34a90bad191957e64c927648424bc1d7e71975033a9f000: done           |[32m++++++++++++++++++++++++++++++++++++++[0m| 
config-sha256:fc0db7fba9b333c07684d81d53dd3430963867ca5455703c27ccb756a2b7eb01:   done           |[32m++++++++++++++++++++++++++++++++++++++[0m| 
layer-sha256:c954e5f88d9d9be1ed732898db6841e22d90078a4c76cf4717c4cc7edc74403e:    done           |[32m++++++++++++++++++++++++++++++++++++++[0m| 
layer-sha256:34608cb22405250243a5e45518fb618d0bea826f8171514b271e7e4c1bef2752:    done           |[32m++++++++++++++++++++++++++++++++++++++[0m| 
layer-sha256:d8a4907162b03aa390be679be5f3939397ec8a8b3c32bdcd34570ca149492050:    done           |[32m++++++++++++++++++++++++++++++++++++++[0m| 
layer-sha256:450bb934662efe2c8c55922af96dfccb7cd62066a0861e11b9cc126c9592d6d7:    done           |[32m++++++++++++++++++++++++++++++++++++++[0m| 
layer-sha256:4accf72faab4ddbb011f63fff24e0656cd1cc9c9ad5293f7e7c0eaf80ed2872f:    done           |[32m++++++++++++++++++++++++++++++++++++++[0m| 
layer-sha256:13b7e930469f6d3575a320709035c6acf6f5485a76abcf03d1b92a64c09c2476:    done           |[32m++++++++++++++++++++++++++++++++++++++[0m| 
layer-sha256:8a29a47395cd3a02d8340f4325004f6ec371681754e5efa24afced2dbdd64272:    done           |[32m++++++++++++++++++++++++++++++++++++++[0m| 
layer-sha256:3e740608074eeae180aa78f7de93f4e3f506d73c145d279e73868329fd903bd1:    done           |[32m++++++++++++++++++++++++++++++++++++++[0m| 
layer-sha256:2229323296fd0788580520d9635c12357eabeefb98b33f80240f26f398fd9977:    done           |[32m++++++++++++++++++++++++++++++++++++++[0m| 
layer-sha256:e59b44c60b0e4bef2712435bc1a530efe229ee8e4ce5e002fab156cab513cd4b:    done           |[32m++++++++++++++++++++++++++++++++++++++[0m| 
layer-sha256:9f441ad30abc48467a6b8a9cda7188811487d4620338337f923a3f1595f847ba:    done           |[32m++++++++++++++++++++++++++++++++++++++[0m| 
layer-sha256:805cbb7360f0a7fd46fe9aa419ae3b0259f8cfaa374d4fb4f230e4ce21b5507a:    done           |[32m++++++++++++++++++++++++++++++++++++++[0m| 
layer-sha256:b1a8b2706032f9c0f354be0daa46f3da6643916a3373ee5d2792dd2def0151d1:    done           |[32m++++++++++++++++++++++++++++++++++++++[0m| 
layer-sha256:7a854a832e188116cb1d9b5b49bd38ec6c14f9cb5f01c6a361be34100c8bc74f:    done           |[32m++++++++++++++++++++++++++++++++++++++[0m| 
layer-sha256:4f4fb700ef54461cfa02571ae0db9a0dc1e0cdb5577484a6d75e68dc38e8acc1:    done           |[32m++++++++++++++++++++++++++++++++++++++[0m| 
layer-sha256:64a5d8258ce2b42e67330b08d63621bb09cc797b102a21bad4732b2383fa04c0:    done           |[32m++++++++++++++++++++++++++++++++++++++[0m| 
layer-sha256:3e0c05fbf3a66cb424a28f97f39d83f8938fc6774145cfedfa9393d315c687c6:    done           |[32m++++++++++++++++++++++++++++++++++++++[0m| 
layer-sha256:0cd2b94609cee097a2556e277c5f52496f0cd38d9023d2cf88ecc757332a89b4:    done           |[32m++++++++++++++++++++++++++++++++++++++[0m| 
layer-sha256:d0caa95072851be04dde2e2507f1becd71c0ad610b80e0636523301419a669c8:    done           |[32m++++++++++++++++++++++++++++++++++++++[0m| 
layer-sha256:af4a2e3af1ab1ce9d99c0657defcf25034380c8f130f0ef53aa780692d9336d3:    done           |[32m++++++++++++++++++++++++++++++++++++++[0m| 
layer-sha256:579e9cdb385993b454ac3cf081130bf9ecff01591e519966e70349579609f72c:    done           |[32m++++++++++++++++++++++++++++++++++++++[0m| 
layer-sha256:48c63a55731a94aca37cae003a86d51ad1bf47e899bd1a6aeac76bb8688740c7:    done           |[32m++++++++++++++++++++++++++++++++++++++[0m| 
elapsed: 0.1 s                                                                    total:   0.0 B (0.0 B/s)                                         
unpacking linux/amd64 sha256:5604012568d2f9ca1d1557dd5ddf60337fce0848be8790ac094af42ae7dfa75d...
done: 17.208051ms	
time="2026-04-16T10:28:08Z" level=info msg="host will try HTTPS first since it is configured for HTTP with a TLS configuration, consider changing host to HTTPS or removing unused TLS configuration" host="192.168.122.110:5000"
time="2026-04-16T10:28:08Z" level=info msg="host will try HTTPS first since it is configured for HTTP with a TLS configuration, consider changing host to HTTPS or removing unused TLS configuration" host="192.168.122.110:5000"
192.168.122.110:5000/brdnode_1277_r3:latest:                                      resolved       |[32m++++++++++++++++++++++++++++++++++++++[0m| 
index-sha256:7a2c354a680251638738dececdbde41e642595f37aa87ffe242808537f89fac5:    done           |[32m++++++++++++++++++++++++++++++++++++++[0m| 
manifest-sha256:0bc295800ac2e5e0d54a895bb19d913a7f3c0c75564378073aa26706d6ece1d1: done           |[32m++++++++++++++++++++++++++++++++++++++[0m| 
layer-sha256:13b7e930469f6d3575a320709035c6acf6f5485a76abcf03d1b92a64c09c2476:    done           |[32m++++++++++++++++++++++++++++++++++++++[0m| 
layer-sha256:4299607ba0eea3ae549beaeb04b9dcdedf774e4b4959387afa2b6a58116174e5:    done           |[32m++++++++++++++++++++++++++++++++++++++[0m| 
layer-sha256:877d2f3e0dcdd8fd65fc1f6c8b56ca48d6a79dd6af25a08046d6ae13fb18df20:    done           |[32m++++++++++++++++++++++++++++++++++++++[0m| 
layer-sha256:64a5d8258ce2b42e67330b08d63621bb09cc797b102a21bad4732b2383fa04c0:    done           |[32m++++++++++++++++++++++++++++++++++++++[0m| 
config-sha256:087713398c8abded97083204b41a4bba031d39f54df5ba1c260040469e782674:   done           |[32m++++++++++++++++++++++++++++++++++++++[0m| 
layer-sha256:c6406774ea97c3d90665a630e13b22e77409c27ac1f5c0eab7ea259eb18ecbe9:    done           |[32m++++++++++++++++++++++++++++++++++++++[0m| 
layer-sha256:5512c5f629ed999f9128c846a8572f5b4321019072f18456cb4d714958c806d0:    done           |[32m++++++++++++++++++++++++++++++++++++++[0m| 
layer-sha256:4accf72faab4ddbb011f63fff24e0656cd1cc9c9ad5293f7e7c0eaf80ed2872f:    done           |[32m++++++++++++++++++++++++++++++++++++++[0m| 
layer-sha256:9f441ad30abc48467a6b8a9cda7188811487d4620338337f923a3f1595f847ba:    done           |[32m++++++++++++++++++++++++++++++++++++++[0m| 
layer-sha256:450bb934662efe2c8c55922af96dfccb7cd62066a0861e11b9cc126c9592d6d7:    done           |[32m++++++++++++++++++++++++++++++++++++++[0m| 
layer-sha256:c954e5f88d9d9be1ed732898db6841e22d90078a4c76cf4717c4cc7edc74403e:    done           |[32m++++++++++++++++++++++++++++++++++++++[0m| 
layer-sha256:34608cb22405250243a5e45518fb618d0bea826f8171514b271e7e4c1bef2752:    done           |[32m++++++++++++++++++++++++++++++++++++++[0m| 
layer-sha256:b1a8b2706032f9c0f354be0daa46f3da6643916a3373ee5d2792dd2def0151d1:    done           |[32m++++++++++++++++++++++++++++++++++++++[0m| 
layer-sha256:267cee1decbf7bcddd1cb8899f1caf7a5203bf9f2decf89d20934bb73e377c1b:    done           |[32m++++++++++++++++++++++++++++++++++++++[0m| 
layer-sha256:2229323296fd0788580520d9635c12357eabeefb98b33f80240f26f398fd9977:    done           |[32m++++++++++++++++++++++++++++++++++++++[0m| 
layer-sha256:4f4fb700ef54461cfa02571ae0db9a0dc1e0cdb5577484a6d75e68dc38e8acc1:    done           |[32m++++++++++++++++++++++++++++++++++++++[0m| 
layer-sha256:e59b44c60b0e4bef2712435bc1a530efe229ee8e4ce5e002fab156cab513cd4b:    done           |[32m++++++++++++++++++++++++++++++++++++++[0m| 
layer-sha256:3e740608074eeae180aa78f7de93f4e3f506d73c145d279e73868329fd903bd1:    done           |[32m++++++++++++++++++++++++++++++++++++++[0m| 
layer-sha256:7a854a832e188116cb1d9b5b49bd38ec6c14f9cb5f01c6a361be34100c8bc74f:    done           |[32m++++++++++++++++++++++++++++++++++++++[0m| 
layer-sha256:8a29a47395cd3a02d8340f4325004f6ec371681754e5efa24afced2dbdd64272:    done           |[32m++++++++++++++++++++++++++++++++++++++[0m| 
layer-sha256:48c63a55731a94aca37cae003a86d51ad1bf47e899bd1a6aeac76bb8688740c7:    done           |[32m++++++++++++++++++++++++++++++++++++++[0m| 
layer-sha256:59b6405f77bb412843ae66e56d653cba98c784261cc019bf670bcb1973aa8c10:    done           |[32m++++++++++++++++++++++++++++++++++++++[0m| 
layer-sha256:81e82fd645f425af7a9602ced5b02773b99338b29a800a8c331720cdc08c6cd9:    done           |[32m++++++++++++++++++++++++++++++++++++++[0m| 
elapsed: 0.1 s                                                                    total:   0.0 B (0.0 B/s)                                         
unpacking linux/amd64 sha256:7a2c354a680251638738dececdbde41e642595f37aa87ffe242808537f89fac5...
done: 19.699078ms	
time="2026-04-16T10:28:09Z" level=info msg="host will try HTTPS first since it is configured for HTTP with a TLS configuration, consider changing host to HTTPS or removing unused TLS configuration" host="192.168.122.110:5000"
time="2026-04-16T10:28:09Z" level=info msg="host will try HTTPS first since it is configured for HTTP with a TLS configuration, consider changing host to HTTPS or removing unused TLS configuration" host="192.168.122.110:5000"
192.168.122.110:5000/brdnode_1277_r40:latest:                                     resolved       |[32m++++++++++++++++++++++++++++++++++++++[0m| 
index-sha256:3f335d6ffad06d904b89ce3408293d30ed08e68a768baf95c4c902f9b39d5645:    done           |[32m++++++++++++++++++++++++++++++++++++++[0m| 
manifest-sha256:1fc3ffb9f918797600d656fa3082b910844bcc73a1b7d36020a2b42107f30044: done           |[32m++++++++++++++++++++++++++++++++++++++[0m| 
layer-sha256:b1a8b2706032f9c0f354be0daa46f3da6643916a3373ee5d2792dd2def0151d1:    done           |[32m++++++++++++++++++++++++++++++++++++++[0m| 
layer-sha256:4accf72faab4ddbb011f63fff24e0656cd1cc9c9ad5293f7e7c0eaf80ed2872f:    done           |[32m++++++++++++++++++++++++++++++++++++++[0m| 
layer-sha256:8a29a47395cd3a02d8340f4325004f6ec371681754e5efa24afced2dbdd64272:    done           |[32m++++++++++++++++++++++++++++++++++++++[0m| 
config-sha256:347f5e4f981b0a947bebd07c563ea36e27ef6baeaf2bcac093b930fb502fab2f:   done           |[32m++++++++++++++++++++++++++++++++++++++[0m| 
layer-sha256:52fa1d6d8e157bcac7e95525fb02fb4a41d04d0cd30ed0602a8efd268b0d51fd:    done           |[32m++++++++++++++++++++++++++++++++++++++[0m| 
layer-sha256:e59b44c60b0e4bef2712435bc1a530efe229ee8e4ce5e002fab156cab513cd4b:    done           |[32m++++++++++++++++++++++++++++++++++++++[0m| 
layer-sha256:62c03bead493216c941e5c675cb1b6452cdc8288dc43c24ea6d3aa16e096a241:    done           |[32m++++++++++++++++++++++++++++++++++++++[0m| 
layer-sha256:4f4fb700ef54461cfa02571ae0db9a0dc1e0cdb5577484a6d75e68dc38e8acc1:    done           |[32m++++++++++++++++++++++++++++++++++++++[0m| 
layer-sha256:5f33a141f7edf596878e7ffd54b81750463d928332e54695967bed8f1a771d7b:    done           |[32m++++++++++++++++++++++++++++++++++++++[0m| 
layer-sha256:b71976feb61809aeafdccbbf21f96b64b521f93d719e67633637bc583a921292:    done           |[32m++++++++++++++++++++++++++++++++++++++[0m| 
layer-sha256:13b7e930469f6d3575a320709035c6acf6f5485a76abcf03d1b92a64c09c2476:    done           |[32m++++++++++++++++++++++++++++++++++++++[0m| 
layer-sha256:64a5d8258ce2b42e67330b08d63621bb09cc797b102a21bad4732b2383fa04c0:    done           |[32m++++++++++++++++++++++++++++++++++++++[0m| 
layer-sha256:2229323296fd0788580520d9635c12357eabeefb98b33f80240f26f398fd9977:    done           |[32m++++++++++++++++++++++++++++++++++++++[0m| 
layer-sha256:450bb934662efe2c8c55922af96dfccb7cd62066a0861e11b9cc126c9592d6d7:    done           |[32m++++++++++++++++++++++++++++++++++++++[0m| 
layer-sha256:c954e5f88d9d9be1ed732898db6841e22d90078a4c76cf4717c4cc7edc74403e:    done           |[32m++++++++++++++++++++++++++++++++++++++[0m| 
layer-sha256:9f441ad30abc48467a6b8a9cda7188811487d4620338337f923a3f1595f847ba:    done           |[32m++++++++++++++++++++++++++++++++++++++[0m| 
layer-sha256:34608cb22405250243a5e45518fb618d0bea826f8171514b271e7e4c1bef2752:    done           |[32m++++++++++++++++++++++++++++++++++++++[0m| 
layer-sha256:c093ae987392e51ecf46031299ff242a2629c67b51a0329cb0985e7502da0a6c:    done           |[32m++++++++++++++++++++++++++++++++++++++[0m| 
layer-sha256:7a854a832e188116cb1d9b5b49bd38ec6c14f9cb5f01c6a361be34100c8bc74f:    done           |[32m++++++++++++++++++++++++++++++++++++++[0m| 
layer-sha256:88fa3d292e229eb3ea747d6de9eaebc0f9b9a85e7e3f2d762e17707fe45242ae:    done           |[32m++++++++++++++++++++++++++++++++++++++[0m| 
layer-sha256:48c63a55731a94aca37cae003a86d51ad1bf47e899bd1a6aeac76bb8688740c7:    done           |[32m++++++++++++++++++++++++++++++++++++++[0m| 
layer-sha256:3e740608074eeae180aa78f7de93f4e3f506d73c145d279e73868329fd903bd1:    done           |[32m++++++++++++++++++++++++++++++++++++++[0m| 
layer-sha256:0810c0afc535f599261bc8533c65b60a49e599457d91e33113ec08f6ac3f66b3:    done           |[32m++++++++++++++++++++++++++++++++++++++[0m| 
elapsed: 0.1 s                                                                    total:   0.0 B (0.0 B/s)                                         
unpacking linux/amd64 sha256:3f335d6ffad06d904b89ce3408293d30ed08e68a768baf95c4c902f9b39d5645...
done: 18.944526ms	
time="2026-04-16T10:28:10Z" level=info msg="host will try HTTPS first since it is configured for HTTP with a TLS configuration, consider changing host to HTTPS or removing unused TLS configuration" host="192.168.122.110:5000"
time="2026-04-16T10:28:10Z" level=info msg="host will try HTTPS first since it is configured for HTTP with a TLS configuration, consider changing host to HTTPS or removing unused TLS configuration" host="192.168.122.110:5000"
192.168.122.110:5000/brdnode_1277_r41:latest:                                     resolved       |[32m++++++++++++++++++++++++++++++++++++++[0m| 
index-sha256:2efd49362165f1b7c48e0a067bb8a53f984ec2419965886678f70ae07e3893d3:    done           |[32m++++++++++++++++++++++++++++++++++++++[0m| 
manifest-sha256:60d4260eb475277b9e1086ae54c49f514ac645914253d3500764b8c419e99cdd: done           |[32m++++++++++++++++++++++++++++++++++++++[0m| 
layer-sha256:4ad780d981dddacd20f030b9d23e5ee3ed8d56fcb86fdb02b8662f5d370da9c7:    done           |[32m++++++++++++++++++++++++++++++++++++++[0m| 
layer-sha256:8a29a47395cd3a02d8340f4325004f6ec371681754e5efa24afced2dbdd64272:    done           |[32m++++++++++++++++++++++++++++++++++++++[0m| 
layer-sha256:9f441ad30abc48467a6b8a9cda7188811487d4620338337f923a3f1595f847ba:    done           |[32m++++++++++++++++++++++++++++++++++++++[0m| 
layer-sha256:3e740608074eeae180aa78f7de93f4e3f506d73c145d279e73868329fd903bd1:    done           |[32m++++++++++++++++++++++++++++++++++++++[0m| 
layer-sha256:601d97ddeee4850149b0ad6ffce4bf37bba3f7c43306f7137af093752001424b:    done           |[32m++++++++++++++++++++++++++++++++++++++[0m| 
layer-sha256:34608cb22405250243a5e45518fb618d0bea826f8171514b271e7e4c1bef2752:    done           |[32m++++++++++++++++++++++++++++++++++++++[0m| 
layer-sha256:7a854a832e188116cb1d9b5b49bd38ec6c14f9cb5f01c6a361be34100c8bc74f:    done           |[32m++++++++++++++++++++++++++++++++++++++[0m| 
layer-sha256:c152f043847ca6e73bfe4662f892f1eab411aa66e677c2505e6b658e44b6c77e:    done           |[32m++++++++++++++++++++++++++++++++++++++[0m| 
layer-sha256:b69d58a6d3ad9a59991cf0a0e0a9ea8415a7893fb475a0b029443de1f39b9fbe:    done           |[32m++++++++++++++++++++++++++++++++++++++[0m| 
layer-sha256:48c63a55731a94aca37cae003a86d51ad1bf47e899bd1a6aeac76bb8688740c7:    done           |[32m++++++++++++++++++++++++++++++++++++++[0m| 
layer-sha256:450bb934662efe2c8c55922af96dfccb7cd62066a0861e11b9cc126c9592d6d7:    done           |[32m++++++++++++++++++++++++++++++++++++++[0m| 
layer-sha256:e59b44c60b0e4bef2712435bc1a530efe229ee8e4ce5e002fab156cab513cd4b:    done           |[32m++++++++++++++++++++++++++++++++++++++[0m| 
layer-sha256:13b7e930469f6d3575a320709035c6acf6f5485a76abcf03d1b92a64c09c2476:    done           |[32m++++++++++++++++++++++++++++++++++++++[0m| 
config-sha256:5d1854b9e0c5204a7d1bce58a0ec5515acb621f5825ade9249a1b93937cbe1ce:   done           |[32m++++++++++++++++++++++++++++++++++++++[0m| 
layer-sha256:b1a8b2706032f9c0f354be0daa46f3da6643916a3373ee5d2792dd2def0151d1:    done           |[32m++++++++++++++++++++++++++++++++++++++[0m| 
layer-sha256:c954e5f88d9d9be1ed732898db6841e22d90078a4c76cf4717c4cc7edc74403e:    done           |[32m++++++++++++++++++++++++++++++++++++++[0m| 
layer-sha256:4accf72faab4ddbb011f63fff24e0656cd1cc9c9ad5293f7e7c0eaf80ed2872f:    done           |[32m++++++++++++++++++++++++++++++++++++++[0m| 
layer-sha256:6c13f25ed558ba9dd27f5a32c101f9c40b519226fb66c9a40af6c2a4618b0c03:    done           |[32m++++++++++++++++++++++++++++++++++++++[0m| 
layer-sha256:211607eccf19a89ce63b5a3dfe46faf774817a98c3cbe9bdd4f72c61070f3d18:    done           |[32m++++++++++++++++++++++++++++++++++++++[0m| 
layer-sha256:2229323296fd0788580520d9635c12357eabeefb98b33f80240f26f398fd9977:    done           |[32m++++++++++++++++++++++++++++++++++++++[0m| 
layer-sha256:de8655a7955441b197174321334f58199723880ef715054743e6504b3a14b453:    done           |[32m++++++++++++++++++++++++++++++++++++++[0m| 
layer-sha256:4f4fb700ef54461cfa02571ae0db9a0dc1e0cdb5577484a6d75e68dc38e8acc1:    done           |[32m++++++++++++++++++++++++++++++++++++++[0m| 
layer-sha256:64a5d8258ce2b42e67330b08d63621bb09cc797b102a21bad4732b2383fa04c0:    done           |[32m++++++++++++++++++++++++++++++++++++++[0m| 
elapsed: 0.1 s                                                                    total:   0.0 B (0.0 B/s)                                         
unpacking linux/amd64 sha256:2efd49362165f1b7c48e0a067bb8a53f984ec2419965886678f70ae07e3893d3...
done: 48.482383ms	
time="2026-04-16T10:28:10Z" level=info msg="host will try HTTPS first since it is configured for HTTP with a TLS configuration, consider changing host to HTTPS or removing unused TLS configuration" host="192.168.122.110:5000"
time="2026-04-16T10:28:10Z" level=info msg="host will try HTTPS first since it is configured for HTTP with a TLS configuration, consider changing host to HTTPS or removing unused TLS configuration" host="192.168.122.110:5000"
192.168.122.110:5000/brdnode_1277_r42:latest:                                     resolved       |[32m++++++++++++++++++++++++++++++++++++++[0m| 
index-sha256:db3f06d128eb071d52b977082f99f761e373e4d1586ce75172767566ed290f1a:    done           |[32m++++++++++++++++++++++++++++++++++++++[0m| 
manifest-sha256:94ea8d613421aa32e2ee45aedc30d2a9ba26e5ef936bc2c6868c7e834a045ed2: done           |[32m++++++++++++++++++++++++++++++++++++++[0m| 
config-sha256:a7b7efc8e9537c5285b3da5ee48f7e088b621b6edd09648f3263d6de767a841c:   done           |[32m++++++++++++++++++++++++++++++++++++++[0m| 
layer-sha256:13b7e930469f6d3575a320709035c6acf6f5485a76abcf03d1b92a64c09c2476:    done           |[32m++++++++++++++++++++++++++++++++++++++[0m| 
layer-sha256:64a5d8258ce2b42e67330b08d63621bb09cc797b102a21bad4732b2383fa04c0:    done           |[32m++++++++++++++++++++++++++++++++++++++[0m| 
layer-sha256:570ba9dbdf34f48e8781e2d16992122a6ee5eb7ce5a18ec9e61db926504597bb:    done           |[32m++++++++++++++++++++++++++++++++++++++[0m| 
layer-sha256:dfb6331a294082f73502146145e1f53e4dc9d1f99ede600d01607380cdf7a3ec:    done           |[32m++++++++++++++++++++++++++++++++++++++[0m| 
layer-sha256:34608cb22405250243a5e45518fb618d0bea826f8171514b271e7e4c1bef2752:    done           |[32m++++++++++++++++++++++++++++++++++++++[0m| 
layer-sha256:5053a0ed81f41a00b1548ac141b5eb8716531dd194552417bcc81a937d29208d:    done           |[32m++++++++++++++++++++++++++++++++++++++[0m| 
layer-sha256:4accf72faab4ddbb011f63fff24e0656cd1cc9c9ad5293f7e7c0eaf80ed2872f:    done           |[32m++++++++++++++++++++++++++++++++++++++[0m| 
layer-sha256:2229323296fd0788580520d9635c12357eabeefb98b33f80240f26f398fd9977:    done           |[32m++++++++++++++++++++++++++++++++++++++[0m| 
layer-sha256:e59b44c60b0e4bef2712435bc1a530efe229ee8e4ce5e002fab156cab513cd4b:    done           |[32m++++++++++++++++++++++++++++++++++++++[0m| 
layer-sha256:35a899b6c39ad0ff5c33935ed4c97a167c48b9bf8137cd400029ca1988f21b16:    done           |[32m++++++++++++++++++++++++++++++++++++++[0m| 
layer-sha256:57821e5dc85254700372fbf11cf450b8a81f0c7edfc1a9b3a7578db436b25495:    done           |[32m++++++++++++++++++++++++++++++++++++++[0m| 
layer-sha256:3abe78bfebe72f5cce0927bc5c6e07914c0e715f712e4014b282431aa05a39f2:    done           |[32m++++++++++++++++++++++++++++++++++++++[0m| 
layer-sha256:9f441ad30abc48467a6b8a9cda7188811487d4620338337f923a3f1595f847ba:    done           |[32m++++++++++++++++++++++++++++++++++++++[0m| 
layer-sha256:5be708f8b75891d6367d01151c74dbe7e3c6bcf5864762e194261f7211411f65:    done           |[32m++++++++++++++++++++++++++++++++++++++[0m| 
layer-sha256:7a854a832e188116cb1d9b5b49bd38ec6c14f9cb5f01c6a361be34100c8bc74f:    done           |[32m++++++++++++++++++++++++++++++++++++++[0m| 
layer-sha256:48c63a55731a94aca37cae003a86d51ad1bf47e899bd1a6aeac76bb8688740c7:    done           |[32m++++++++++++++++++++++++++++++++++++++[0m| 
layer-sha256:8a29a47395cd3a02d8340f4325004f6ec371681754e5efa24afced2dbdd64272:    done           |[32m++++++++++++++++++++++++++++++++++++++[0m| 
layer-sha256:3e740608074eeae180aa78f7de93f4e3f506d73c145d279e73868329fd903bd1:    done           |[32m++++++++++++++++++++++++++++++++++++++[0m| 
layer-sha256:450bb934662efe2c8c55922af96dfccb7cd62066a0861e11b9cc126c9592d6d7:    done           |[32m++++++++++++++++++++++++++++++++++++++[0m| 
layer-sha256:4f4fb700ef54461cfa02571ae0db9a0dc1e0cdb5577484a6d75e68dc38e8acc1:    done           |[32m++++++++++++++++++++++++++++++++++++++[0m| 
layer-sha256:c954e5f88d9d9be1ed732898db6841e22d90078a4c76cf4717c4cc7edc74403e:    done           |[32m++++++++++++++++++++++++++++++++++++++[0m| 
layer-sha256:b1a8b2706032f9c0f354be0daa46f3da6643916a3373ee5d2792dd2def0151d1:    done           |[32m++++++++++++++++++++++++++++++++++++++[0m| 
elapsed: 0.1 s                                                                    total:   0.0 B (0.0 B/s)                                         
unpacking linux/amd64 sha256:db3f06d128eb071d52b977082f99f761e373e4d1586ce75172767566ed290f1a...
done: 20.22329ms	
time="2026-04-16T10:28:11Z" level=info msg="host will try HTTPS first since it is configured for HTTP with a TLS configuration, consider changing host to HTTPS or removing unused TLS configuration" host="192.168.122.110:5000"
time="2026-04-16T10:28:11Z" level=info msg="host will try HTTPS first since it is configured for HTTP with a TLS configuration, consider changing host to HTTPS or removing unused TLS configuration" host="192.168.122.110:5000"
192.168.122.110:5000/brdnode_1277_r43:latest:                                     resolved       |[32m++++++++++++++++++++++++++++++++++++++[0m| 
index-sha256:7608696a7debf4d3798864b8974e399c261dbb858c6982251ab3fcfb3a4fd11e:    done           |[32m++++++++++++++++++++++++++++++++++++++[0m| 
manifest-sha256:b1e731ee4a0d1e719b775ab39f99c54507da1c5a5bd9c1613840cd556ca41eef: done           |[32m++++++++++++++++++++++++++++++++++++++[0m| 
layer-sha256:13b7e930469f6d3575a320709035c6acf6f5485a76abcf03d1b92a64c09c2476:    done           |[32m++++++++++++++++++++++++++++++++++++++[0m| 
config-sha256:c5c5f272708e9afebde8c8e527b0b2b6827c95dcbb845b0195be96a25afb3b1f:   done           |[32m++++++++++++++++++++++++++++++++++++++[0m| 
layer-sha256:2fbf489ec18e32a8a1505f2a9ba4b1f139234306abdfd71d1b2d0ee5313d7912:    done           |[32m++++++++++++++++++++++++++++++++++++++[0m| 
layer-sha256:3abe78bfebe72f5cce0927bc5c6e07914c0e715f712e4014b282431aa05a39f2:    done           |[32m++++++++++++++++++++++++++++++++++++++[0m| 
layer-sha256:567df060042ef0241b88d65abcad506b6693a05fa19371b94dbb74ee0804c312:    done           |[32m++++++++++++++++++++++++++++++++++++++[0m| 
layer-sha256:69105c08580e5b1ed334804b7fb79ecb9183cb6265c9c2e008f7a2ced78052c2:    done           |[32m++++++++++++++++++++++++++++++++++++++[0m| 
layer-sha256:d172b2b21f35649fee85df32e06e649158a11ed5b85a35cfc6942d59c45911af:    done           |[32m++++++++++++++++++++++++++++++++++++++[0m| 
layer-sha256:9f441ad30abc48467a6b8a9cda7188811487d4620338337f923a3f1595f847ba:    done           |[32m++++++++++++++++++++++++++++++++++++++[0m| 
layer-sha256:34608cb22405250243a5e45518fb618d0bea826f8171514b271e7e4c1bef2752:    done           |[32m++++++++++++++++++++++++++++++++++++++[0m| 
layer-sha256:ec473c293e186a976e0b0a271fa415281b5f146771e09f7eb4cb8f70948c3cbc:    done           |[32m++++++++++++++++++++++++++++++++++++++[0m| 
layer-sha256:e59b44c60b0e4bef2712435bc1a530efe229ee8e4ce5e002fab156cab513cd4b:    done           |[32m++++++++++++++++++++++++++++++++++++++[0m| 
layer-sha256:48c63a55731a94aca37cae003a86d51ad1bf47e899bd1a6aeac76bb8688740c7:    done           |[32m++++++++++++++++++++++++++++++++++++++[0m| 
layer-sha256:3e740608074eeae180aa78f7de93f4e3f506d73c145d279e73868329fd903bd1:    done           |[32m++++++++++++++++++++++++++++++++++++++[0m| 
layer-sha256:7a854a832e188116cb1d9b5b49bd38ec6c14f9cb5f01c6a361be34100c8bc74f:    done           |[32m++++++++++++++++++++++++++++++++++++++[0m| 
layer-sha256:450bb934662efe2c8c55922af96dfccb7cd62066a0861e11b9cc126c9592d6d7:    done           |[32m++++++++++++++++++++++++++++++++++++++[0m| 
layer-sha256:b1a8b2706032f9c0f354be0daa46f3da6643916a3373ee5d2792dd2def0151d1:    done           |[32m++++++++++++++++++++++++++++++++++++++[0m| 
layer-sha256:8a29a47395cd3a02d8340f4325004f6ec371681754e5efa24afced2dbdd64272:    done           |[32m++++++++++++++++++++++++++++++++++++++[0m| 
layer-sha256:8baccac323469d10f3bf8e982e388126a06b01fada4a266692e5e493faf8198b:    done           |[32m++++++++++++++++++++++++++++++++++++++[0m| 
layer-sha256:c954e5f88d9d9be1ed732898db6841e22d90078a4c76cf4717c4cc7edc74403e:    done           |[32m++++++++++++++++++++++++++++++++++++++[0m| 
layer-sha256:4f4fb700ef54461cfa02571ae0db9a0dc1e0cdb5577484a6d75e68dc38e8acc1:    done           |[32m++++++++++++++++++++++++++++++++++++++[0m| 
layer-sha256:64a5d8258ce2b42e67330b08d63621bb09cc797b102a21bad4732b2383fa04c0:    done           |[32m++++++++++++++++++++++++++++++++++++++[0m| 
layer-sha256:4accf72faab4ddbb011f63fff24e0656cd1cc9c9ad5293f7e7c0eaf80ed2872f:    done           |[32m++++++++++++++++++++++++++++++++++++++[0m| 
layer-sha256:2229323296fd0788580520d9635c12357eabeefb98b33f80240f26f398fd9977:    done           |[32m++++++++++++++++++++++++++++++++++++++[0m| 
elapsed: 0.1 s                                                                    total:   0.0 B (0.0 B/s)                                         
unpacking linux/amd64 sha256:7608696a7debf4d3798864b8974e399c261dbb858c6982251ab3fcfb3a4fd11e...
done: 19.581128ms	
time="2026-04-16T10:28:12Z" level=info msg="host will try HTTPS first since it is configured for HTTP with a TLS configuration, consider changing host to HTTPS or removing unused TLS configuration" host="192.168.122.110:5000"
time="2026-04-16T10:28:12Z" level=info msg="host will try HTTPS first since it is configured for HTTP with a TLS configuration, consider changing host to HTTPS or removing unused TLS configuration" host="192.168.122.110:5000"
192.168.122.110:5000/brdnode_1277_r44:latest:                                     resolved       |[32m++++++++++++++++++++++++++++++++++++++[0m| 
index-sha256:c80fb73def90966b476bf7c7572787c31a03b9dd599f6131e33915923acda39b:    done           |[32m++++++++++++++++++++++++++++++++++++++[0m| 
manifest-sha256:22e39508577d52a8e499cdfb0db0ff84bd28fed9ef4037233ac1917c4daf0be2: done           |[32m++++++++++++++++++++++++++++++++++++++[0m| 
layer-sha256:e97046ff209fd9e21ad15b66e5e01bdf93277ab1f430d337075278deeb165fdc:    done           |[32m++++++++++++++++++++++++++++++++++++++[0m| 
layer-sha256:64a5d8258ce2b42e67330b08d63621bb09cc797b102a21bad4732b2383fa04c0:    done           |[32m++++++++++++++++++++++++++++++++++++++[0m| 
layer-sha256:f4f3781df8e25ba48aecd0ffa0df097e1de0989b201d52cea1698a5ee8aeef7a:    done           |[32m++++++++++++++++++++++++++++++++++++++[0m| 
layer-sha256:c954e5f88d9d9be1ed732898db6841e22d90078a4c76cf4717c4cc7edc74403e:    done           |[32m++++++++++++++++++++++++++++++++++++++[0m| 
layer-sha256:2229323296fd0788580520d9635c12357eabeefb98b33f80240f26f398fd9977:    done           |[32m++++++++++++++++++++++++++++++++++++++[0m| 
layer-sha256:8e61121a8ef3248f19fbf48635ad79588df1105dc3f5510f1f69fc5dcba61dba:    done           |[32m++++++++++++++++++++++++++++++++++++++[0m| 
layer-sha256:7a854a832e188116cb1d9b5b49bd38ec6c14f9cb5f01c6a361be34100c8bc74f:    done           |[32m++++++++++++++++++++++++++++++++++++++[0m| 
layer-sha256:12c3cdf0bcf5c01147eb3741a7b712c5235e088dd36f268c501b7ceb8d350c09:    done           |[32m++++++++++++++++++++++++++++++++++++++[0m| 
layer-sha256:4accf72faab4ddbb011f63fff24e0656cd1cc9c9ad5293f7e7c0eaf80ed2872f:    done           |[32m++++++++++++++++++++++++++++++++++++++[0m| 
layer-sha256:13b7e930469f6d3575a320709035c6acf6f5485a76abcf03d1b92a64c09c2476:    done           |[32m++++++++++++++++++++++++++++++++++++++[0m| 
layer-sha256:b731a6a14ff9ca967115d035f66eb8e2628187736344fe5cee34573d5de4876a:    done           |[32m++++++++++++++++++++++++++++++++++++++[0m| 
layer-sha256:34608cb22405250243a5e45518fb618d0bea826f8171514b271e7e4c1bef2752:    done           |[32m++++++++++++++++++++++++++++++++++++++[0m| 
layer-sha256:fb7ef5c28c23247dbf216f2f2bbfd6111aab803c7692f440476348af2fb420d8:    done           |[32m++++++++++++++++++++++++++++++++++++++[0m| 
layer-sha256:9f441ad30abc48467a6b8a9cda7188811487d4620338337f923a3f1595f847ba:    done           |[32m++++++++++++++++++++++++++++++++++++++[0m| 
layer-sha256:8a29a47395cd3a02d8340f4325004f6ec371681754e5efa24afced2dbdd64272:    done           |[32m++++++++++++++++++++++++++++++++++++++[0m| 
layer-sha256:450bb934662efe2c8c55922af96dfccb7cd62066a0861e11b9cc126c9592d6d7:    done           |[32m++++++++++++++++++++++++++++++++++++++[0m| 
layer-sha256:2c51e73196c8e80325dcda3c06dcf2e5ab0a3e63536a0d8c58f52b10bbf4d8ec:    done           |[32m++++++++++++++++++++++++++++++++++++++[0m| 
layer-sha256:e59b44c60b0e4bef2712435bc1a530efe229ee8e4ce5e002fab156cab513cd4b:    done           |[32m++++++++++++++++++++++++++++++++++++++[0m| 
layer-sha256:48c63a55731a94aca37cae003a86d51ad1bf47e899bd1a6aeac76bb8688740c7:    done           |[32m++++++++++++++++++++++++++++++++++++++[0m| 
layer-sha256:b1a8b2706032f9c0f354be0daa46f3da6643916a3373ee5d2792dd2def0151d1:    done           |[32m++++++++++++++++++++++++++++++++++++++[0m| 
config-sha256:8fa09a6c0a881590aadd016b40417023d4a02320d9fcc2a40341d3df2ecaa1ce:   done           |[32m++++++++++++++++++++++++++++++++++++++[0m| 
layer-sha256:4f4fb700ef54461cfa02571ae0db9a0dc1e0cdb5577484a6d75e68dc38e8acc1:    done           |[32m++++++++++++++++++++++++++++++++++++++[0m| 
layer-sha256:3e740608074eeae180aa78f7de93f4e3f506d73c145d279e73868329fd903bd1:    done           |[32m++++++++++++++++++++++++++++++++++++++[0m| 
elapsed: 0.1 s                                                                    total:   0.0 B (0.0 B/s)                                         
unpacking linux/amd64 sha256:c80fb73def90966b476bf7c7572787c31a03b9dd599f6131e33915923acda39b...
done: 18.726126ms	
time="2026-04-16T10:28:13Z" level=info msg="host will try HTTPS first since it is configured for HTTP with a TLS configuration, consider changing host to HTTPS or removing unused TLS configuration" host="192.168.122.110:5000"
time="2026-04-16T10:28:13Z" level=info msg="host will try HTTPS first since it is configured for HTTP with a TLS configuration, consider changing host to HTTPS or removing unused TLS configuration" host="192.168.122.110:5000"
192.168.122.110:5000/brdnode_1277_r45:latest:                                     resolved       |[32m++++++++++++++++++++++++++++++++++++++[0m| 
index-sha256:7d13334037ebbdd07f7db712b01085e141d0c4efa9793a3e96e470d953db1467:    done           |[32m++++++++++++++++++++++++++++++++++++++[0m| 
manifest-sha256:6e9c438dcafde98c78a3aa65694e7bc580923b1e4b8a8575d33cdf30e13262e9: done           |[32m++++++++++++++++++++++++++++++++++++++[0m| 
layer-sha256:450bb934662efe2c8c55922af96dfccb7cd62066a0861e11b9cc126c9592d6d7:    done           |[32m++++++++++++++++++++++++++++++++++++++[0m| 
layer-sha256:13b7e930469f6d3575a320709035c6acf6f5485a76abcf03d1b92a64c09c2476:    done           |[32m++++++++++++++++++++++++++++++++++++++[0m| 
layer-sha256:b1c0e4b4e93f567704e38c6bd02b57e06a1ac9ad77c25158dc1d2363bb91c001:    done           |[32m++++++++++++++++++++++++++++++++++++++[0m| 
config-sha256:facb76568ca9f3365ca23ad4723b06d2b519d76515ce3b3479f8e0d227f12cbd:   done           |[32m++++++++++++++++++++++++++++++++++++++[0m| 
layer-sha256:34608cb22405250243a5e45518fb618d0bea826f8171514b271e7e4c1bef2752:    done           |[32m++++++++++++++++++++++++++++++++++++++[0m| 
layer-sha256:c954e5f88d9d9be1ed732898db6841e22d90078a4c76cf4717c4cc7edc74403e:    done           |[32m++++++++++++++++++++++++++++++++++++++[0m| 
layer-sha256:5b693d6672c382a5795ac97b2533df0079a65697b38494e5fd43077a0e5dcbea:    done           |[32m++++++++++++++++++++++++++++++++++++++[0m| 
layer-sha256:64a5d8258ce2b42e67330b08d63621bb09cc797b102a21bad4732b2383fa04c0:    done           |[32m++++++++++++++++++++++++++++++++++++++[0m| 
layer-sha256:9f441ad30abc48467a6b8a9cda7188811487d4620338337f923a3f1595f847ba:    done           |[32m++++++++++++++++++++++++++++++++++++++[0m| 
layer-sha256:b1a8b2706032f9c0f354be0daa46f3da6643916a3373ee5d2792dd2def0151d1:    done           |[32m++++++++++++++++++++++++++++++++++++++[0m| 
layer-sha256:8a29a47395cd3a02d8340f4325004f6ec371681754e5efa24afced2dbdd64272:    done           |[32m++++++++++++++++++++++++++++++++++++++[0m| 
layer-sha256:36cd2af8b57e31e2684261c699caee1e3188892f77d57f5deebd5eb12005b7a4:    done           |[32m++++++++++++++++++++++++++++++++++++++[0m| 
layer-sha256:3e740608074eeae180aa78f7de93f4e3f506d73c145d279e73868329fd903bd1:    done           |[32m++++++++++++++++++++++++++++++++++++++[0m| 
layer-sha256:4f4fb700ef54461cfa02571ae0db9a0dc1e0cdb5577484a6d75e68dc38e8acc1:    done           |[32m++++++++++++++++++++++++++++++++++++++[0m| 
layer-sha256:4accf72faab4ddbb011f63fff24e0656cd1cc9c9ad5293f7e7c0eaf80ed2872f:    done           |[32m++++++++++++++++++++++++++++++++++++++[0m| 
layer-sha256:02774ba06f9367c150e88ce1384e0c3881ebaf89361c9fc5b902432925df30ff:    done           |[32m++++++++++++++++++++++++++++++++++++++[0m| 
layer-sha256:863483a9d06bad811f464cf76157a1394e1e56a936c6bc187bdf819dfca45ef3:    done           |[32m++++++++++++++++++++++++++++++++++++++[0m| 
layer-sha256:48c63a55731a94aca37cae003a86d51ad1bf47e899bd1a6aeac76bb8688740c7:    done           |[32m++++++++++++++++++++++++++++++++++++++[0m| 
layer-sha256:313d8d81ff6f2ba5c4780869a7ad6eeb9f9d245e22326296e6d483170d911ca3:    done           |[32m++++++++++++++++++++++++++++++++++++++[0m| 
layer-sha256:e59b44c60b0e4bef2712435bc1a530efe229ee8e4ce5e002fab156cab513cd4b:    done           |[32m++++++++++++++++++++++++++++++++++++++[0m| 
layer-sha256:7bf8247023f7f03e042900a88856d466c5b1509a728de5c0ce93ed380ed37cf6:    done           |[32m++++++++++++++++++++++++++++++++++++++[0m| 
layer-sha256:2229323296fd0788580520d9635c12357eabeefb98b33f80240f26f398fd9977:    done           |[32m++++++++++++++++++++++++++++++++++++++[0m| 
layer-sha256:7a854a832e188116cb1d9b5b49bd38ec6c14f9cb5f01c6a361be34100c8bc74f:    done           |[32m++++++++++++++++++++++++++++++++++++++[0m| 
elapsed: 0.1 s                                                                    total:   0.0 B (0.0 B/s)                                         
unpacking linux/amd64 sha256:7d13334037ebbdd07f7db712b01085e141d0c4efa9793a3e96e470d953db1467...
done: 20.51702ms	
time="2026-04-16T10:28:14Z" level=info msg="host will try HTTPS first since it is configured for HTTP with a TLS configuration, consider changing host to HTTPS or removing unused TLS configuration" host="192.168.122.110:5000"
time="2026-04-16T10:28:14Z" level=info msg="host will try HTTPS first since it is configured for HTTP with a TLS configuration, consider changing host to HTTPS or removing unused TLS configuration" host="192.168.122.110:5000"
192.168.122.110:5000/brdnode_1277_r4:latest:                                      resolved       |[32m++++++++++++++++++++++++++++++++++++++[0m| 
index-sha256:ff72f54345c814d2dc00e56cf7601974572ccc171016c661bdd213240724b81a:    done           |[32m++++++++++++++++++++++++++++++++++++++[0m| 
manifest-sha256:752941eeb742126d025c03825428f83ea53263adaae38cd7d5e2833871df4654: done           |[32m++++++++++++++++++++++++++++++++++++++[0m| 
layer-sha256:b1a8b2706032f9c0f354be0daa46f3da6643916a3373ee5d2792dd2def0151d1:    done           |[32m++++++++++++++++++++++++++++++++++++++[0m| 
layer-sha256:a622ccd1ae6cbcb46b1f32fa21468448834c9953155855c2e1a2792e88e21691:    done           |[32m++++++++++++++++++++++++++++++++++++++[0m| 
layer-sha256:3e740608074eeae180aa78f7de93f4e3f506d73c145d279e73868329fd903bd1:    done           |[32m++++++++++++++++++++++++++++++++++++++[0m| 
layer-sha256:9ecd5486e6c5d8666fe77b9e34d63a68116f18ace9448f02d10b29d17c877f61:    done           |[32m++++++++++++++++++++++++++++++++++++++[0m| 
config-sha256:8163f56163f76509949e8372f647b1886d004dc7c7428f9fb7c73d1b7b2ca315:   done           |[32m++++++++++++++++++++++++++++++++++++++[0m| 
layer-sha256:2229323296fd0788580520d9635c12357eabeefb98b33f80240f26f398fd9977:    done           |[32m++++++++++++++++++++++++++++++++++++++[0m| 
layer-sha256:13b7e930469f6d3575a320709035c6acf6f5485a76abcf03d1b92a64c09c2476:    done           |[32m++++++++++++++++++++++++++++++++++++++[0m| 
layer-sha256:4f5bc019dfdd012e137dc61467c7491668627e4941fdbbd693bd749103f8603b:    done           |[32m++++++++++++++++++++++++++++++++++++++[0m| 
layer-sha256:4f4fb700ef54461cfa02571ae0db9a0dc1e0cdb5577484a6d75e68dc38e8acc1:    done           |[32m++++++++++++++++++++++++++++++++++++++[0m| 
layer-sha256:34608cb22405250243a5e45518fb618d0bea826f8171514b271e7e4c1bef2752:    done           |[32m++++++++++++++++++++++++++++++++++++++[0m| 
layer-sha256:4accf72faab4ddbb011f63fff24e0656cd1cc9c9ad5293f7e7c0eaf80ed2872f:    done           |[32m++++++++++++++++++++++++++++++++++++++[0m| 
layer-sha256:64a5d8258ce2b42e67330b08d63621bb09cc797b102a21bad4732b2383fa04c0:    done           |[32m++++++++++++++++++++++++++++++++++++++[0m| 
layer-sha256:450bb934662efe2c8c55922af96dfccb7cd62066a0861e11b9cc126c9592d6d7:    done           |[32m++++++++++++++++++++++++++++++++++++++[0m| 
layer-sha256:8a29a47395cd3a02d8340f4325004f6ec371681754e5efa24afced2dbdd64272:    done           |[32m++++++++++++++++++++++++++++++++++++++[0m| 
layer-sha256:0234d4b9414186e47ad165ec213de8a13de4be588646e47a4d499959288deeb8:    done           |[32m++++++++++++++++++++++++++++++++++++++[0m| 
layer-sha256:c954e5f88d9d9be1ed732898db6841e22d90078a4c76cf4717c4cc7edc74403e:    done           |[32m++++++++++++++++++++++++++++++++++++++[0m| 
layer-sha256:e59b44c60b0e4bef2712435bc1a530efe229ee8e4ce5e002fab156cab513cd4b:    done           |[32m++++++++++++++++++++++++++++++++++++++[0m| 
layer-sha256:75090f53f23a25af98308a23a520a44a0620d87ecbcaf54e759c2f55401d15c3:    done           |[32m++++++++++++++++++++++++++++++++++++++[0m| 
layer-sha256:7a854a832e188116cb1d9b5b49bd38ec6c14f9cb5f01c6a361be34100c8bc74f:    done           |[32m++++++++++++++++++++++++++++++++++++++[0m| 
layer-sha256:95cd2f03524db14400fb5e995bf4faf7aa1ffb1467799ca5fdae4600ad0e1a17:    done           |[32m++++++++++++++++++++++++++++++++++++++[0m| 
layer-sha256:9f441ad30abc48467a6b8a9cda7188811487d4620338337f923a3f1595f847ba:    done           |[32m++++++++++++++++++++++++++++++++++++++[0m| 
layer-sha256:b0e00237dd4565ccc7de24df854876dee316dd5129a811c4ae66ac8908a2e00e:    done           |[32m++++++++++++++++++++++++++++++++++++++[0m| 
layer-sha256:48c63a55731a94aca37cae003a86d51ad1bf47e899bd1a6aeac76bb8688740c7:    done           |[32m++++++++++++++++++++++++++++++++++++++[0m| 
elapsed: 0.1 s                                                                    total:   0.0 B (0.0 B/s)                                         
unpacking linux/amd64 sha256:ff72f54345c814d2dc00e56cf7601974572ccc171016c661bdd213240724b81a...
done: 20.094141ms	
time="2026-04-16T10:28:14Z" level=info msg="host will try HTTPS first since it is configured for HTTP with a TLS configuration, consider changing host to HTTPS or removing unused TLS configuration" host="192.168.122.110:5000"
time="2026-04-16T10:28:14Z" level=info msg="host will try HTTPS first since it is configured for HTTP with a TLS configuration, consider changing host to HTTPS or removing unused TLS configuration" host="192.168.122.110:5000"
192.168.122.110:5000/brdnode_1277_r50:latest:                                     resolved       |[32m++++++++++++++++++++++++++++++++++++++[0m| 
index-sha256:d974c1c5792b05daf9903641fcf10b59a81019da19ea321c7dd3f81922a0b694:    done           |[32m++++++++++++++++++++++++++++++++++++++[0m| 
manifest-sha256:e8d23f207236bc6c0386e99684a4216e00f987d8b33624973d7e1b8d047b6bf1: done           |[32m++++++++++++++++++++++++++++++++++++++[0m| 
layer-sha256:34608cb22405250243a5e45518fb618d0bea826f8171514b271e7e4c1bef2752:    done           |[32m++++++++++++++++++++++++++++++++++++++[0m| 
layer-sha256:b1a8b2706032f9c0f354be0daa46f3da6643916a3373ee5d2792dd2def0151d1:    done           |[32m++++++++++++++++++++++++++++++++++++++[0m| 
layer-sha256:a0a0298a2ccec17be60e15ee558b92376ffd1404cd5fe86e4eac341727d1b72c:    done           |[32m++++++++++++++++++++++++++++++++++++++[0m| 
config-sha256:b1da9319479cd7b4ee076bbc58c16ab53e305ef6a9e16b9816358c1854fabb69:   done           |[32m++++++++++++++++++++++++++++++++++++++[0m| 
layer-sha256:80de7e4489ff018122788fe5b7111f5c987c3cb1674badcb31088d84c478f059:    done           |[32m++++++++++++++++++++++++++++++++++++++[0m| 
layer-sha256:450bb934662efe2c8c55922af96dfccb7cd62066a0861e11b9cc126c9592d6d7:    done           |[32m++++++++++++++++++++++++++++++++++++++[0m| 
layer-sha256:4f4fb700ef54461cfa02571ae0db9a0dc1e0cdb5577484a6d75e68dc38e8acc1:    done           |[32m++++++++++++++++++++++++++++++++++++++[0m| 
layer-sha256:c954e5f88d9d9be1ed732898db6841e22d90078a4c76cf4717c4cc7edc74403e:    done           |[32m++++++++++++++++++++++++++++++++++++++[0m| 
layer-sha256:4accf72faab4ddbb011f63fff24e0656cd1cc9c9ad5293f7e7c0eaf80ed2872f:    done           |[32m++++++++++++++++++++++++++++++++++++++[0m| 
layer-sha256:13b7e930469f6d3575a320709035c6acf6f5485a76abcf03d1b92a64c09c2476:    done           |[32m++++++++++++++++++++++++++++++++++++++[0m| 
layer-sha256:2229323296fd0788580520d9635c12357eabeefb98b33f80240f26f398fd9977:    done           |[32m++++++++++++++++++++++++++++++++++++++[0m| 
layer-sha256:dfbaa9e1898ef3412ddb30bd763f515d53344e866a92d8e8805b39eed9947cb3:    done           |[32m++++++++++++++++++++++++++++++++++++++[0m| 
layer-sha256:8a29a47395cd3a02d8340f4325004f6ec371681754e5efa24afced2dbdd64272:    done           |[32m++++++++++++++++++++++++++++++++++++++[0m| 
layer-sha256:e59b44c60b0e4bef2712435bc1a530efe229ee8e4ce5e002fab156cab513cd4b:    done           |[32m++++++++++++++++++++++++++++++++++++++[0m| 
layer-sha256:64a5d8258ce2b42e67330b08d63621bb09cc797b102a21bad4732b2383fa04c0:    done           |[32m++++++++++++++++++++++++++++++++++++++[0m| 
layer-sha256:e3109bc2f98dca01520a27eab17603d0df262ba0f8985aeb76d2ae393ad360e2:    done           |[32m++++++++++++++++++++++++++++++++++++++[0m| 
layer-sha256:05bd1aeb1873973a469bfbe35366adccab1f09ccf937ded29998fafd26d16fba:    done           |[32m++++++++++++++++++++++++++++++++++++++[0m| 
layer-sha256:c179a31e3193faf4147dca0b47ff9a272fea5edf802711ea9b89d27d01a96987:    done           |[32m++++++++++++++++++++++++++++++++++++++[0m| 
layer-sha256:48c63a55731a94aca37cae003a86d51ad1bf47e899bd1a6aeac76bb8688740c7:    done           |[32m++++++++++++++++++++++++++++++++++++++[0m| 
layer-sha256:12c3cdf0bcf5c01147eb3741a7b712c5235e088dd36f268c501b7ceb8d350c09:    done           |[32m++++++++++++++++++++++++++++++++++++++[0m| 
layer-sha256:9f441ad30abc48467a6b8a9cda7188811487d4620338337f923a3f1595f847ba:    done           |[32m++++++++++++++++++++++++++++++++++++++[0m| 
layer-sha256:3e740608074eeae180aa78f7de93f4e3f506d73c145d279e73868329fd903bd1:    done           |[32m++++++++++++++++++++++++++++++++++++++[0m| 
layer-sha256:7a854a832e188116cb1d9b5b49bd38ec6c14f9cb5f01c6a361be34100c8bc74f:    done           |[32m++++++++++++++++++++++++++++++++++++++[0m| 
elapsed: 0.1 s                                                                    total:   0.0 B (0.0 B/s)                                         
unpacking linux/amd64 sha256:d974c1c5792b05daf9903641fcf10b59a81019da19ea321c7dd3f81922a0b694...
done: 17.973154ms	
time="2026-04-16T10:28:15Z" level=info msg="host will try HTTPS first since it is configured for HTTP with a TLS configuration, consider changing host to HTTPS or removing unused TLS configuration" host="192.168.122.110:5000"
time="2026-04-16T10:28:15Z" level=info msg="host will try HTTPS first since it is configured for HTTP with a TLS configuration, consider changing host to HTTPS or removing unused TLS configuration" host="192.168.122.110:5000"
192.168.122.110:5000/brdnode_1277_r51:latest:                                     resolved       |[32m++++++++++++++++++++++++++++++++++++++[0m| 
index-sha256:bedbff0a7042bbd2439801952dfc8fd8a264238755e7de4da17015f4cdbfd006:    done           |[32m++++++++++++++++++++++++++++++++++++++[0m| 
manifest-sha256:a579dd45447a0163f2c9102a841e6ebc30c2f9744b052aa26b147f43b459bc92: done           |[32m++++++++++++++++++++++++++++++++++++++[0m| 
layer-sha256:450bb934662efe2c8c55922af96dfccb7cd62066a0861e11b9cc126c9592d6d7:    done           |[32m++++++++++++++++++++++++++++++++++++++[0m| 
layer-sha256:e59b44c60b0e4bef2712435bc1a530efe229ee8e4ce5e002fab156cab513cd4b:    done           |[32m++++++++++++++++++++++++++++++++++++++[0m| 
layer-sha256:ef609450a9a443d9fa99ca7a61f1d93b2aba0b8aa484b9ed22a67591e372a184:    done           |[32m++++++++++++++++++++++++++++++++++++++[0m| 
config-sha256:42fa51c1f4032026f9a4d84e78e0993c3c3a233712dead83b402aac62ffa305c:   done           |[32m++++++++++++++++++++++++++++++++++++++[0m| 
layer-sha256:c954e5f88d9d9be1ed732898db6841e22d90078a4c76cf4717c4cc7edc74403e:    done           |[32m++++++++++++++++++++++++++++++++++++++[0m| 
layer-sha256:9f441ad30abc48467a6b8a9cda7188811487d4620338337f923a3f1595f847ba:    done           |[32m++++++++++++++++++++++++++++++++++++++[0m| 
layer-sha256:34608cb22405250243a5e45518fb618d0bea826f8171514b271e7e4c1bef2752:    done           |[32m++++++++++++++++++++++++++++++++++++++[0m| 
layer-sha256:3e740608074eeae180aa78f7de93f4e3f506d73c145d279e73868329fd903bd1:    done           |[32m++++++++++++++++++++++++++++++++++++++[0m| 
layer-sha256:4accf72faab4ddbb011f63fff24e0656cd1cc9c9ad5293f7e7c0eaf80ed2872f:    done           |[32m++++++++++++++++++++++++++++++++++++++[0m| 
layer-sha256:8a29a47395cd3a02d8340f4325004f6ec371681754e5efa24afced2dbdd64272:    done           |[32m++++++++++++++++++++++++++++++++++++++[0m| 
layer-sha256:ffc6b59e70aacdb0e237f34602107fb44701f36370a1d89410eb7df9884c9290:    done           |[32m++++++++++++++++++++++++++++++++++++++[0m| 
layer-sha256:3f602599de16b5b5fc81bf8e7904867df25d7bbf91632905135e3aae767c7d0c:    done           |[32m++++++++++++++++++++++++++++++++++++++[0m| 
layer-sha256:13b7e930469f6d3575a320709035c6acf6f5485a76abcf03d1b92a64c09c2476:    done           |[32m++++++++++++++++++++++++++++++++++++++[0m| 
layer-sha256:95d8b102871286a4be170cbd0fbac1860ce9b9d774f90756b7202db92d771f63:    done           |[32m++++++++++++++++++++++++++++++++++++++[0m| 
layer-sha256:2229323296fd0788580520d9635c12357eabeefb98b33f80240f26f398fd9977:    done           |[32m++++++++++++++++++++++++++++++++++++++[0m| 
layer-sha256:48c63a55731a94aca37cae003a86d51ad1bf47e899bd1a6aeac76bb8688740c7:    done           |[32m++++++++++++++++++++++++++++++++++++++[0m| 
layer-sha256:64a5d8258ce2b42e67330b08d63621bb09cc797b102a21bad4732b2383fa04c0:    done           |[32m++++++++++++++++++++++++++++++++++++++[0m| 
layer-sha256:4c4c728f7ee07a4b073f1e53fe4e41b5b61392f973d53dff2f5f0bb9da55f3ee:    done           |[32m++++++++++++++++++++++++++++++++++++++[0m| 
layer-sha256:7a854a832e188116cb1d9b5b49bd38ec6c14f9cb5f01c6a361be34100c8bc74f:    done           |[32m++++++++++++++++++++++++++++++++++++++[0m| 
layer-sha256:12c3cdf0bcf5c01147eb3741a7b712c5235e088dd36f268c501b7ceb8d350c09:    done           |[32m++++++++++++++++++++++++++++++++++++++[0m| 
layer-sha256:b1a8b2706032f9c0f354be0daa46f3da6643916a3373ee5d2792dd2def0151d1:    done           |[32m++++++++++++++++++++++++++++++++++++++[0m| 
layer-sha256:4f4fb700ef54461cfa02571ae0db9a0dc1e0cdb5577484a6d75e68dc38e8acc1:    done           |[32m++++++++++++++++++++++++++++++++++++++[0m| 
layer-sha256:60ea82d56b6896e91f956cd9097d85424b0de89a623a88c44090cec7f309cf97:    done           |[32m++++++++++++++++++++++++++++++++++++++[0m| 
elapsed: 0.1 s                                                                    total:   0.0 B (0.0 B/s)                                         
unpacking linux/amd64 sha256:bedbff0a7042bbd2439801952dfc8fd8a264238755e7de4da17015f4cdbfd006...
done: 17.889463ms	
time="2026-04-16T10:28:16Z" level=info msg="host will try HTTPS first since it is configured for HTTP with a TLS configuration, consider changing host to HTTPS or removing unused TLS configuration" host="192.168.122.110:5000"
time="2026-04-16T10:28:16Z" level=info msg="host will try HTTPS first since it is configured for HTTP with a TLS configuration, consider changing host to HTTPS or removing unused TLS configuration" host="192.168.122.110:5000"
192.168.122.110:5000/brdnode_1277_r52:latest:                                     resolved       |[32m++++++++++++++++++++++++++++++++++++++[0m| 
index-sha256:ebe68c8945adf8d22dce0a0e42ad29aff6be49b4eef31ee00d800e20e649c05d:    done           |[32m++++++++++++++++++++++++++++++++++++++[0m| 
manifest-sha256:97dddea2f8f632169cdd1631d1d0c10703b40d5995550e5861a5dfb2cf363992: done           |[32m++++++++++++++++++++++++++++++++++++++[0m| 
layer-sha256:8d7aa3e5f4d8445af435c47afcc49cb71244bdae6717162cd31fb47e4d65c37b:    done           |[32m++++++++++++++++++++++++++++++++++++++[0m| 
config-sha256:7ded3e8fa6c77cb73fb64d68b2a84d5fb838b503fbf63fc6cee51868df994722:   done           |[32m++++++++++++++++++++++++++++++++++++++[0m| 
layer-sha256:2229323296fd0788580520d9635c12357eabeefb98b33f80240f26f398fd9977:    done           |[32m++++++++++++++++++++++++++++++++++++++[0m| 
layer-sha256:0c9b87d85edd931e615bfc228e7140ed21138e97a21d19af3e106f51be24ba15:    done           |[32m++++++++++++++++++++++++++++++++++++++[0m| 
layer-sha256:7a854a832e188116cb1d9b5b49bd38ec6c14f9cb5f01c6a361be34100c8bc74f:    done           |[32m++++++++++++++++++++++++++++++++++++++[0m| 
layer-sha256:13b7e930469f6d3575a320709035c6acf6f5485a76abcf03d1b92a64c09c2476:    done           |[32m++++++++++++++++++++++++++++++++++++++[0m| 
layer-sha256:723205a3a4e4562507bee85f704d007abd7da61dbfa8e2dec69d2374a69696f0:    done           |[32m++++++++++++++++++++++++++++++++++++++[0m| 
layer-sha256:09ff4b7db0fb3d8f1cf068353622483d4d022169951d71b5e2f94adb69aa7453:    done           |[32m++++++++++++++++++++++++++++++++++++++[0m| 
layer-sha256:34608cb22405250243a5e45518fb618d0bea826f8171514b271e7e4c1bef2752:    done           |[32m++++++++++++++++++++++++++++++++++++++[0m| 
layer-sha256:48c63a55731a94aca37cae003a86d51ad1bf47e899bd1a6aeac76bb8688740c7:    done           |[32m++++++++++++++++++++++++++++++++++++++[0m| 
layer-sha256:64a5d8258ce2b42e67330b08d63621bb09cc797b102a21bad4732b2383fa04c0:    done           |[32m++++++++++++++++++++++++++++++++++++++[0m| 
layer-sha256:450bb934662efe2c8c55922af96dfccb7cd62066a0861e11b9cc126c9592d6d7:    done           |[32m++++++++++++++++++++++++++++++++++++++[0m| 
layer-sha256:9f441ad30abc48467a6b8a9cda7188811487d4620338337f923a3f1595f847ba:    done           |[32m++++++++++++++++++++++++++++++++++++++[0m| 
layer-sha256:c954e5f88d9d9be1ed732898db6841e22d90078a4c76cf4717c4cc7edc74403e:    done           |[32m++++++++++++++++++++++++++++++++++++++[0m| 
layer-sha256:b1a8b2706032f9c0f354be0daa46f3da6643916a3373ee5d2792dd2def0151d1:    done           |[32m++++++++++++++++++++++++++++++++++++++[0m| 
layer-sha256:32e76a882c52807c5b5bf5fb07f3d2587861ff3a156620c236b06d7dd6105462:    done           |[32m++++++++++++++++++++++++++++++++++++++[0m| 
layer-sha256:3e740608074eeae180aa78f7de93f4e3f506d73c145d279e73868329fd903bd1:    done           |[32m++++++++++++++++++++++++++++++++++++++[0m| 
layer-sha256:4accf72faab4ddbb011f63fff24e0656cd1cc9c9ad5293f7e7c0eaf80ed2872f:    done           |[32m++++++++++++++++++++++++++++++++++++++[0m| 
layer-sha256:4f4fb700ef54461cfa02571ae0db9a0dc1e0cdb5577484a6d75e68dc38e8acc1:    done           |[32m++++++++++++++++++++++++++++++++++++++[0m| 
layer-sha256:e59b44c60b0e4bef2712435bc1a530efe229ee8e4ce5e002fab156cab513cd4b:    done           |[32m++++++++++++++++++++++++++++++++++++++[0m| 
layer-sha256:140264412e154a58bd598189e69a5e3772c2c7aedabcf35ec34f265e85ed6a8f:    done           |[32m++++++++++++++++++++++++++++++++++++++[0m| 
layer-sha256:8a29a47395cd3a02d8340f4325004f6ec371681754e5efa24afced2dbdd64272:    done           |[32m++++++++++++++++++++++++++++++++++++++[0m| 
layer-sha256:105491630f6d04bc06695f75abfd95c29443d1eccb1e41f4289c5716b3202218:    done           |[32m++++++++++++++++++++++++++++++++++++++[0m| 
elapsed: 0.1 s                                                                    total:   0.0 B (0.0 B/s)                                         
unpacking linux/amd64 sha256:ebe68c8945adf8d22dce0a0e42ad29aff6be49b4eef31ee00d800e20e649c05d...
done: 19.057626ms	
time="2026-04-16T10:28:17Z" level=info msg="host will try HTTPS first since it is configured for HTTP with a TLS configuration, consider changing host to HTTPS or removing unused TLS configuration" host="192.168.122.110:5000"
time="2026-04-16T10:28:17Z" level=info msg="host will try HTTPS first since it is configured for HTTP with a TLS configuration, consider changing host to HTTPS or removing unused TLS configuration" host="192.168.122.110:5000"
192.168.122.110:5000/brdnode_1277_r55:latest:                                     resolved       |[32m++++++++++++++++++++++++++++++++++++++[0m| 
index-sha256:cf398209e73cc15288c6030ebdb97327d857cb2e175a7d17e33d94f1e16aa892:    done           |[32m++++++++++++++++++++++++++++++++++++++[0m| 
manifest-sha256:bf909e81090a3ee645ae0aef26652b1e479bf7b6f8131b7306977d7292e82c28: done           |[32m++++++++++++++++++++++++++++++++++++++[0m| 
layer-sha256:4e92137d8ab095b462982ab3978a413ded3978df9d9b13ce7da170b948924be6:    done           |[32m++++++++++++++++++++++++++++++++++++++[0m| 
layer-sha256:64a5d8258ce2b42e67330b08d63621bb09cc797b102a21bad4732b2383fa04c0:    done           |[32m++++++++++++++++++++++++++++++++++++++[0m| 
layer-sha256:19ba66aa2cfdabf36e8b12163d1cdd60af56cb89fb959a92462ec39df54b7af7:    done           |[32m++++++++++++++++++++++++++++++++++++++[0m| 
layer-sha256:1a4c1b6ab6cdf7fc6c785b52942ee3788919502846e1c4f653ca478f602276f8:    done           |[32m++++++++++++++++++++++++++++++++++++++[0m| 
layer-sha256:0523eb272dfc29be36bf1ed939380e607b6d0a39969409f66434b41bece66334:    done           |[32m++++++++++++++++++++++++++++++++++++++[0m| 
layer-sha256:e99d31b33d03ab727512eb0f2515636aa7fd546f03fa6a32598f04bf4b5c5bf6:    done           |[32m++++++++++++++++++++++++++++++++++++++[0m| 
layer-sha256:f94e71ff525f856643ce414389f3ae6d2ff156bc045644011e9fcf401baf2851:    done           |[32m++++++++++++++++++++++++++++++++++++++[0m| 
layer-sha256:48c63a55731a94aca37cae003a86d51ad1bf47e899bd1a6aeac76bb8688740c7:    done           |[32m++++++++++++++++++++++++++++++++++++++[0m| 
layer-sha256:c7e1e026d3585772bfed3f4978987621b882d5882af93ab62eefe1a8d07ed98d:    done           |[32m++++++++++++++++++++++++++++++++++++++[0m| 
config-sha256:7b68ea87869cda742952ff3f92704cdb298fc82775560636fe25d7b031ee87e3:   done           |[32m++++++++++++++++++++++++++++++++++++++[0m| 
layer-sha256:9f441ad30abc48467a6b8a9cda7188811487d4620338337f923a3f1595f847ba:    done           |[32m++++++++++++++++++++++++++++++++++++++[0m| 
layer-sha256:3e740608074eeae180aa78f7de93f4e3f506d73c145d279e73868329fd903bd1:    done           |[32m++++++++++++++++++++++++++++++++++++++[0m| 
layer-sha256:2229323296fd0788580520d9635c12357eabeefb98b33f80240f26f398fd9977:    done           |[32m++++++++++++++++++++++++++++++++++++++[0m| 
layer-sha256:13b7e930469f6d3575a320709035c6acf6f5485a76abcf03d1b92a64c09c2476:    done           |[32m++++++++++++++++++++++++++++++++++++++[0m| 
layer-sha256:4accf72faab4ddbb011f63fff24e0656cd1cc9c9ad5293f7e7c0eaf80ed2872f:    done           |[32m++++++++++++++++++++++++++++++++++++++[0m| 
layer-sha256:34608cb22405250243a5e45518fb618d0bea826f8171514b271e7e4c1bef2752:    done           |[32m++++++++++++++++++++++++++++++++++++++[0m| 
layer-sha256:7a854a832e188116cb1d9b5b49bd38ec6c14f9cb5f01c6a361be34100c8bc74f:    done           |[32m++++++++++++++++++++++++++++++++++++++[0m| 
layer-sha256:8a29a47395cd3a02d8340f4325004f6ec371681754e5efa24afced2dbdd64272:    done           |[32m++++++++++++++++++++++++++++++++++++++[0m| 
layer-sha256:450bb934662efe2c8c55922af96dfccb7cd62066a0861e11b9cc126c9592d6d7:    done           |[32m++++++++++++++++++++++++++++++++++++++[0m| 
layer-sha256:c954e5f88d9d9be1ed732898db6841e22d90078a4c76cf4717c4cc7edc74403e:    done           |[32m++++++++++++++++++++++++++++++++++++++[0m| 
layer-sha256:4f4fb700ef54461cfa02571ae0db9a0dc1e0cdb5577484a6d75e68dc38e8acc1:    done           |[32m++++++++++++++++++++++++++++++++++++++[0m| 
layer-sha256:e59b44c60b0e4bef2712435bc1a530efe229ee8e4ce5e002fab156cab513cd4b:    done           |[32m++++++++++++++++++++++++++++++++++++++[0m| 
layer-sha256:b1a8b2706032f9c0f354be0daa46f3da6643916a3373ee5d2792dd2def0151d1:    done           |[32m++++++++++++++++++++++++++++++++++++++[0m| 
elapsed: 0.1 s                                                                    total:   0.0 B (0.0 B/s)                                         
unpacking linux/amd64 sha256:cf398209e73cc15288c6030ebdb97327d857cb2e175a7d17e33d94f1e16aa892...
done: 19.041006ms	
time="2026-04-16T10:28:18Z" level=info msg="host will try HTTPS first since it is configured for HTTP with a TLS configuration, consider changing host to HTTPS or removing unused TLS configuration" host="192.168.122.110:5000"
time="2026-04-16T10:28:18Z" level=info msg="host will try HTTPS first since it is configured for HTTP with a TLS configuration, consider changing host to HTTPS or removing unused TLS configuration" host="192.168.122.110:5000"
192.168.122.110:5000/brdnode_1277_r58:latest:                                     resolved       |[32m++++++++++++++++++++++++++++++++++++++[0m| 
index-sha256:c5efac4e7bf9c4f7d3bb07c5b007802de457b7d47969e5334a0d471fead7b21c:    done           |[32m++++++++++++++++++++++++++++++++++++++[0m| 
manifest-sha256:9f06c6688ec67cfd21310be3cdbff1be3986686cc72975a9849dcb56a9769be9: done           |[32m++++++++++++++++++++++++++++++++++++++[0m| 
layer-sha256:450bb934662efe2c8c55922af96dfccb7cd62066a0861e11b9cc126c9592d6d7:    done           |[32m++++++++++++++++++++++++++++++++++++++[0m| 
layer-sha256:7a3e685e674bd9331c6fcf4f3db4707cb51ec7e0069121c2f25120223c2814ea:    done           |[32m++++++++++++++++++++++++++++++++++++++[0m| 
layer-sha256:13b7e930469f6d3575a320709035c6acf6f5485a76abcf03d1b92a64c09c2476:    done           |[32m++++++++++++++++++++++++++++++++++++++[0m| 
layer-sha256:c954e5f88d9d9be1ed732898db6841e22d90078a4c76cf4717c4cc7edc74403e:    done           |[32m++++++++++++++++++++++++++++++++++++++[0m| 
config-sha256:2bda328d2080bfdceeb6db50fe64fed3a4c27db53098e97d41679780e8f57025:   done           |[32m++++++++++++++++++++++++++++++++++++++[0m| 
layer-sha256:34608cb22405250243a5e45518fb618d0bea826f8171514b271e7e4c1bef2752:    done           |[32m++++++++++++++++++++++++++++++++++++++[0m| 
layer-sha256:9f441ad30abc48467a6b8a9cda7188811487d4620338337f923a3f1595f847ba:    done           |[32m++++++++++++++++++++++++++++++++++++++[0m| 
layer-sha256:4accf72faab4ddbb011f63fff24e0656cd1cc9c9ad5293f7e7c0eaf80ed2872f:    done           |[32m++++++++++++++++++++++++++++++++++++++[0m| 
layer-sha256:64a5d8258ce2b42e67330b08d63621bb09cc797b102a21bad4732b2383fa04c0:    done           |[32m++++++++++++++++++++++++++++++++++++++[0m| 
layer-sha256:3e740608074eeae180aa78f7de93f4e3f506d73c145d279e73868329fd903bd1:    done           |[32m++++++++++++++++++++++++++++++++++++++[0m| 
layer-sha256:4f4fb700ef54461cfa02571ae0db9a0dc1e0cdb5577484a6d75e68dc38e8acc1:    done           |[32m++++++++++++++++++++++++++++++++++++++[0m| 
layer-sha256:a5b415ca11eab1d368a5f98a2d392c0f50035beaab9719e53b0744bc9f1796ed:    done           |[32m++++++++++++++++++++++++++++++++++++++[0m| 
layer-sha256:12837a6c953f6bedc13c968cc26d29959b37a4624ff309d8c7e8a651d1ef585a:    done           |[32m++++++++++++++++++++++++++++++++++++++[0m| 
layer-sha256:2229323296fd0788580520d9635c12357eabeefb98b33f80240f26f398fd9977:    done           |[32m++++++++++++++++++++++++++++++++++++++[0m| 
layer-sha256:8a29a47395cd3a02d8340f4325004f6ec371681754e5efa24afced2dbdd64272:    done           |[32m++++++++++++++++++++++++++++++++++++++[0m| 
layer-sha256:48c63a55731a94aca37cae003a86d51ad1bf47e899bd1a6aeac76bb8688740c7:    done           |[32m++++++++++++++++++++++++++++++++++++++[0m| 
layer-sha256:7a854a832e188116cb1d9b5b49bd38ec6c14f9cb5f01c6a361be34100c8bc74f:    done           |[32m++++++++++++++++++++++++++++++++++++++[0m| 
layer-sha256:e59b44c60b0e4bef2712435bc1a530efe229ee8e4ce5e002fab156cab513cd4b:    done           |[32m++++++++++++++++++++++++++++++++++++++[0m| 
layer-sha256:7028191bd6164dcce1ee253589941dd56d882a81196ca0403b28718b8e9e0e0b:    done           |[32m++++++++++++++++++++++++++++++++++++++[0m| 
layer-sha256:b1a8b2706032f9c0f354be0daa46f3da6643916a3373ee5d2792dd2def0151d1:    done           |[32m++++++++++++++++++++++++++++++++++++++[0m| 
layer-sha256:25665b4c11999d2dc7f6a2fb7244708415396e157b549f0752a49dcafeca3d76:    done           |[32m++++++++++++++++++++++++++++++++++++++[0m| 
layer-sha256:b8758e82c85e5003e65f217850a0fc45ace907e27c4c24cceb719753503ea70a:    done           |[32m++++++++++++++++++++++++++++++++++++++[0m| 
layer-sha256:fee22050d289a7f30614464d2793cdb8e07effcc2f71d162b5ab65b704aa1194:    done           |[32m++++++++++++++++++++++++++++++++++++++[0m| 
elapsed: 0.1 s                                                                    total:   0.0 B (0.0 B/s)                                         
unpacking linux/amd64 sha256:c5efac4e7bf9c4f7d3bb07c5b007802de457b7d47969e5334a0d471fead7b21c...
done: 18.350326ms	
time="2026-04-16T10:28:19Z" level=info msg="host will try HTTPS first since it is configured for HTTP with a TLS configuration, consider changing host to HTTPS or removing unused TLS configuration" host="192.168.122.110:5000"
time="2026-04-16T10:28:19Z" level=info msg="host will try HTTPS first since it is configured for HTTP with a TLS configuration, consider changing host to HTTPS or removing unused TLS configuration" host="192.168.122.110:5000"
time="2026-04-16T10:28:19Z" level=error msg="failed to get content info" error="context canceled"
192.168.122.110:5000/brdnode_1277_r5:latest:                                      resolved       |[32m++++++++++++++++++++++++++++++++++++++[0m| 
index-sha256:bb763dc887f503f826f184b02055cfbfbf51d55da527aa22d65ee778ca14d782:    exists         |[32m++++++++++++++++++++++++++++++++++++++[0m| 
manifest-sha256:575f00bcf60ac169b7db1846c1768bb7850ad35dbf2b53a3037be5ea6ad09ee8: done           |[32m++++++++++++++++++++++++++++++++++++++[0m| 
layer-sha256:4accf72faab4ddbb011f63fff24e0656cd1cc9c9ad5293f7e7c0eaf80ed2872f:    done           |[32m++++++++++++++++++++++++++++++++++++++[0m| 
layer-sha256:34608cb22405250243a5e45518fb618d0bea826f8171514b271e7e4c1bef2752:    done           |[32m++++++++++++++++++++++++++++++++++++++[0m| 
layer-sha256:aec48e4460215ed0b9248e73532ecd2f681a5086f785319318e0f7b9c96f37fd:    done           |[32m++++++++++++++++++++++++++++++++++++++[0m| 
layer-sha256:450bb934662efe2c8c55922af96dfccb7cd62066a0861e11b9cc126c9592d6d7:    done           |[32m++++++++++++++++++++++++++++++++++++++[0m| 
config-sha256:659d57659280aa8d0495f96f6ae4377c3bb60e7d20567f0859f756f1925b9ce2:   done           |[32m++++++++++++++++++++++++++++++++++++++[0m| 
layer-sha256:c954e5f88d9d9be1ed732898db6841e22d90078a4c76cf4717c4cc7edc74403e:    done           |[32m++++++++++++++++++++++++++++++++++++++[0m| 
layer-sha256:13b7e930469f6d3575a320709035c6acf6f5485a76abcf03d1b92a64c09c2476:    done           |[32m++++++++++++++++++++++++++++++++++++++[0m| 
layer-sha256:f8cb5ebc2dbf60cff90eb0b49cc64b5c53a6cd72f1b088d860880e663b2000e8:    done           |[32m++++++++++++++++++++++++++++++++++++++[0m| 
layer-sha256:3e740608074eeae180aa78f7de93f4e3f506d73c145d279e73868329fd903bd1:    done           |[32m++++++++++++++++++++++++++++++++++++++[0m| 
layer-sha256:4f4fb700ef54461cfa02571ae0db9a0dc1e0cdb5577484a6d75e68dc38e8acc1:    done           |[32m++++++++++++++++++++++++++++++++++++++[0m| 
layer-sha256:7a854a832e188116cb1d9b5b49bd38ec6c14f9cb5f01c6a361be34100c8bc74f:    done           |[32m++++++++++++++++++++++++++++++++++++++[0m| 
layer-sha256:56f496d69ad9f934281149e4b73d26a54f9fae3a54bc379b843a8bb7f5e3301e:    done           |[32m++++++++++++++++++++++++++++++++++++++[0m| 
layer-sha256:8a29a47395cd3a02d8340f4325004f6ec371681754e5efa24afced2dbdd64272:    done           |[32m++++++++++++++++++++++++++++++++++++++[0m| 
layer-sha256:2229323296fd0788580520d9635c12357eabeefb98b33f80240f26f398fd9977:    done           |[32m++++++++++++++++++++++++++++++++++++++[0m| 
layer-sha256:8c7f983fb1e7326084ee7a520dbee3ff388400c70ed8d5b76e1ba2f77ce25b46:    done           |[32m++++++++++++++++++++++++++++++++++++++[0m| 
layer-sha256:48c63a55731a94aca37cae003a86d51ad1bf47e899bd1a6aeac76bb8688740c7:    done           |[32m++++++++++++++++++++++++++++++++++++++[0m| 
layer-sha256:eeeea3977e434d701bbdd83fe7e105f167368c83bee7208f01322781bf9f71c9:    done           |[32m++++++++++++++++++++++++++++++++++++++[0m| 
layer-sha256:64a5d8258ce2b42e67330b08d63621bb09cc797b102a21bad4732b2383fa04c0:    done           |[32m++++++++++++++++++++++++++++++++++++++[0m| 
layer-sha256:b1a8b2706032f9c0f354be0daa46f3da6643916a3373ee5d2792dd2def0151d1:    done           |[32m++++++++++++++++++++++++++++++++++++++[0m| 
layer-sha256:e59b44c60b0e4bef2712435bc1a530efe229ee8e4ce5e002fab156cab513cd4b:    done           |[32m++++++++++++++++++++++++++++++++++++++[0m| 
layer-sha256:b8703775fca827a737fb6964aba4efb8693399d22950647d033482f284ca7b40:    done           |[32m++++++++++++++++++++++++++++++++++++++[0m| 
layer-sha256:9f441ad30abc48467a6b8a9cda7188811487d4620338337f923a3f1595f847ba:    done           |[32m++++++++++++++++++++++++++++++++++++++[0m| 
layer-sha256:60e5b7ca6377b66df426162225d4daffb8e046b53927ab69e26be4da95bb7ce8:    done           |[32m++++++++++++++++++++++++++++++++++++++[0m| 
elapsed: 0.2 s                                                                    total:   0.0 B (0.0 B/s)                                         
unpacking linux/amd64 sha256:bb763dc887f503f826f184b02055cfbfbf51d55da527aa22d65ee778ca14d782...
done: 19.349968ms	
time="2026-04-16T10:28:20Z" level=info msg="host will try HTTPS first since it is configured for HTTP with a TLS configuration, consider changing host to HTTPS or removing unused TLS configuration" host="192.168.122.110:5000"
time="2026-04-16T10:28:20Z" level=info msg="host will try HTTPS first since it is configured for HTTP with a TLS configuration, consider changing host to HTTPS or removing unused TLS configuration" host="192.168.122.110:5000"
192.168.122.110:5000/brdnode_1277_r60:latest:                                     resolved       |[32m++++++++++++++++++++++++++++++++++++++[0m| 
index-sha256:7728103065607f3a08f115d158b791d31081eb437d08aa7013ae27097306eb16:    done           |[32m++++++++++++++++++++++++++++++++++++++[0m| 
manifest-sha256:9b5fb80190aeb39da4207ab2d5e2e70aae55582ba0c127a8b53bc6e4912614cd: done           |[32m++++++++++++++++++++++++++++++++++++++[0m| 
layer-sha256:37b7883fdbcca5918cf32938d9187d0a76f7458ae0443b67e615630c5e229acf:    done           |[32m++++++++++++++++++++++++++++++++++++++[0m| 
layer-sha256:ca271fd24838ecfbf4098170d4230dd4843c43631633dba01946e01b699f7239:    done           |[32m++++++++++++++++++++++++++++++++++++++[0m| 
layer-sha256:64a5d8258ce2b42e67330b08d63621bb09cc797b102a21bad4732b2383fa04c0:    done           |[32m++++++++++++++++++++++++++++++++++++++[0m| 
layer-sha256:b8758e82c85e5003e65f217850a0fc45ace907e27c4c24cceb719753503ea70a:    done           |[32m++++++++++++++++++++++++++++++++++++++[0m| 
layer-sha256:b6d1a21b2490e7a9aba5dd68801b2a6e33daa31db2d1be344e30c895298e6ec3:    done           |[32m++++++++++++++++++++++++++++++++++++++[0m| 
layer-sha256:7a854a832e188116cb1d9b5b49bd38ec6c14f9cb5f01c6a361be34100c8bc74f:    done           |[32m++++++++++++++++++++++++++++++++++++++[0m| 
layer-sha256:2229323296fd0788580520d9635c12357eabeefb98b33f80240f26f398fd9977:    done           |[32m++++++++++++++++++++++++++++++++++++++[0m| 
layer-sha256:03218e260134a5649c366306e3fb52009b085d5a9052d5e2a3b779dd89495f19:    done           |[32m++++++++++++++++++++++++++++++++++++++[0m| 
layer-sha256:4fe17f02ce8726228750d8c3d3150d94715f75b952913157321aa026b86d88a1:    done           |[32m++++++++++++++++++++++++++++++++++++++[0m| 
layer-sha256:3e740608074eeae180aa78f7de93f4e3f506d73c145d279e73868329fd903bd1:    done           |[32m++++++++++++++++++++++++++++++++++++++[0m| 
config-sha256:57c37f340d482262f5668299339bad37f49804c4293977964adad96491dc35a0:   done           |[32m++++++++++++++++++++++++++++++++++++++[0m| 
layer-sha256:9f441ad30abc48467a6b8a9cda7188811487d4620338337f923a3f1595f847ba:    done           |[32m++++++++++++++++++++++++++++++++++++++[0m| 
layer-sha256:48c63a55731a94aca37cae003a86d51ad1bf47e899bd1a6aeac76bb8688740c7:    done           |[32m++++++++++++++++++++++++++++++++++++++[0m| 
layer-sha256:a2ee456e2a2c4b03cd6258dd8eab5a2e5cbb58994d129dee6bcc2eb11bc633d0:    done           |[32m++++++++++++++++++++++++++++++++++++++[0m| 
layer-sha256:13b7e930469f6d3575a320709035c6acf6f5485a76abcf03d1b92a64c09c2476:    done           |[32m++++++++++++++++++++++++++++++++++++++[0m| 
layer-sha256:4accf72faab4ddbb011f63fff24e0656cd1cc9c9ad5293f7e7c0eaf80ed2872f:    done           |[32m++++++++++++++++++++++++++++++++++++++[0m| 
layer-sha256:450bb934662efe2c8c55922af96dfccb7cd62066a0861e11b9cc126c9592d6d7:    done           |[32m++++++++++++++++++++++++++++++++++++++[0m| 
layer-sha256:c954e5f88d9d9be1ed732898db6841e22d90078a4c76cf4717c4cc7edc74403e:    done           |[32m++++++++++++++++++++++++++++++++++++++[0m| 
layer-sha256:8a29a47395cd3a02d8340f4325004f6ec371681754e5efa24afced2dbdd64272:    done           |[32m++++++++++++++++++++++++++++++++++++++[0m| 
layer-sha256:34608cb22405250243a5e45518fb618d0bea826f8171514b271e7e4c1bef2752:    done           |[32m++++++++++++++++++++++++++++++++++++++[0m| 
layer-sha256:b1a8b2706032f9c0f354be0daa46f3da6643916a3373ee5d2792dd2def0151d1:    done           |[32m++++++++++++++++++++++++++++++++++++++[0m| 
layer-sha256:4f4fb700ef54461cfa02571ae0db9a0dc1e0cdb5577484a6d75e68dc38e8acc1:    done           |[32m++++++++++++++++++++++++++++++++++++++[0m| 
layer-sha256:e59b44c60b0e4bef2712435bc1a530efe229ee8e4ce5e002fab156cab513cd4b:    done           |[32m++++++++++++++++++++++++++++++++++++++[0m| 
elapsed: 0.1 s                                                                    total:   0.0 B (0.0 B/s)                                         
unpacking linux/amd64 sha256:7728103065607f3a08f115d158b791d31081eb437d08aa7013ae27097306eb16...
done: 22.239886ms	
time="2026-04-16T10:28:20Z" level=info msg="host will try HTTPS first since it is configured for HTTP with a TLS configuration, consider changing host to HTTPS or removing unused TLS configuration" host="192.168.122.110:5000"
time="2026-04-16T10:28:20Z" level=info msg="host will try HTTPS first since it is configured for HTTP with a TLS configuration, consider changing host to HTTPS or removing unused TLS configuration" host="192.168.122.110:5000"
192.168.122.110:5000/brdnode_1277_r61:latest:                                     resolved       |[32m++++++++++++++++++++++++++++++++++++++[0m| 
index-sha256:c4169fa9384d4d6f930ad6f18d7ad93882d8cd356efa7d5b0ad08cc9aad4325a:    done           |[32m++++++++++++++++++++++++++++++++++++++[0m| 
manifest-sha256:5ea1126af21bddc6e4dc80337d18c3ffbd2a911005654d6694a5946122560159: done           |[32m++++++++++++++++++++++++++++++++++++++[0m| 
layer-sha256:13b7e930469f6d3575a320709035c6acf6f5485a76abcf03d1b92a64c09c2476:    done           |[32m++++++++++++++++++++++++++++++++++++++[0m| 
layer-sha256:b1a8b2706032f9c0f354be0daa46f3da6643916a3373ee5d2792dd2def0151d1:    done           |[32m++++++++++++++++++++++++++++++++++++++[0m| 
config-sha256:5851907f2e12f1e64a2113278fa9a657072fdca03d9a7a37cee4d1c5fd0bd3e4:   done           |[32m++++++++++++++++++++++++++++++++++++++[0m| 
layer-sha256:84f17d95db451e6425f737631b8a0464e6b4b2d86d04fc10abf55f505e8264b6:    done           |[32m++++++++++++++++++++++++++++++++++++++[0m| 
layer-sha256:c954e5f88d9d9be1ed732898db6841e22d90078a4c76cf4717c4cc7edc74403e:    done           |[32m++++++++++++++++++++++++++++++++++++++[0m| 
layer-sha256:3e740608074eeae180aa78f7de93f4e3f506d73c145d279e73868329fd903bd1:    done           |[32m++++++++++++++++++++++++++++++++++++++[0m| 
layer-sha256:4accf72faab4ddbb011f63fff24e0656cd1cc9c9ad5293f7e7c0eaf80ed2872f:    done           |[32m++++++++++++++++++++++++++++++++++++++[0m| 
layer-sha256:2229323296fd0788580520d9635c12357eabeefb98b33f80240f26f398fd9977:    done           |[32m++++++++++++++++++++++++++++++++++++++[0m| 
layer-sha256:4f4fb700ef54461cfa02571ae0db9a0dc1e0cdb5577484a6d75e68dc38e8acc1:    done           |[32m++++++++++++++++++++++++++++++++++++++[0m| 
layer-sha256:34608cb22405250243a5e45518fb618d0bea826f8171514b271e7e4c1bef2752:    done           |[32m++++++++++++++++++++++++++++++++++++++[0m| 
layer-sha256:64a5d8258ce2b42e67330b08d63621bb09cc797b102a21bad4732b2383fa04c0:    done           |[32m++++++++++++++++++++++++++++++++++++++[0m| 
layer-sha256:7a854a832e188116cb1d9b5b49bd38ec6c14f9cb5f01c6a361be34100c8bc74f:    done           |[32m++++++++++++++++++++++++++++++++++++++[0m| 
layer-sha256:8a29a47395cd3a02d8340f4325004f6ec371681754e5efa24afced2dbdd64272:    done           |[32m++++++++++++++++++++++++++++++++++++++[0m| 
layer-sha256:1924722df24045c7cb23d2a00cca2e0ee3e5f707d386e3a5ef6a9627d07081b6:    done           |[32m++++++++++++++++++++++++++++++++++++++[0m| 
layer-sha256:8bec08da099b37e3415f7259f58473ad8cd9e5701bfd5e9f43ee8791d724d1b0:    done           |[32m++++++++++++++++++++++++++++++++++++++[0m| 
layer-sha256:450bb934662efe2c8c55922af96dfccb7cd62066a0861e11b9cc126c9592d6d7:    done           |[32m++++++++++++++++++++++++++++++++++++++[0m| 
layer-sha256:874ecf64d3e7e0fa5face20e27ca55ced39dc77eef9ddde942ff175f28566b78:    done           |[32m++++++++++++++++++++++++++++++++++++++[0m| 
layer-sha256:eb7dd1e05596e8ec9bfff07204fdd62c17097c4231d1633c15e9ee8f95efd3a5:    done           |[32m++++++++++++++++++++++++++++++++++++++[0m| 
layer-sha256:e59b44c60b0e4bef2712435bc1a530efe229ee8e4ce5e002fab156cab513cd4b:    done           |[32m++++++++++++++++++++++++++++++++++++++[0m| 
layer-sha256:b2149c5abcbd28ccc88ff22f54b3295bf5331301c6c94183a0174ea21ac2021a:    done           |[32m++++++++++++++++++++++++++++++++++++++[0m| 
layer-sha256:48c63a55731a94aca37cae003a86d51ad1bf47e899bd1a6aeac76bb8688740c7:    done           |[32m++++++++++++++++++++++++++++++++++++++[0m| 
layer-sha256:2d3a80ad5af21e83179d2c9e75e03eacd00d18c1a08872522354064306d52adf:    done           |[32m++++++++++++++++++++++++++++++++++++++[0m| 
layer-sha256:9f441ad30abc48467a6b8a9cda7188811487d4620338337f923a3f1595f847ba:    done           |[32m++++++++++++++++++++++++++++++++++++++[0m| 
elapsed: 0.1 s                                                                    total:   0.0 B (0.0 B/s)                                         
unpacking linux/amd64 sha256:c4169fa9384d4d6f930ad6f18d7ad93882d8cd356efa7d5b0ad08cc9aad4325a...
done: 20.384891ms	
time="2026-04-16T10:28:21Z" level=info msg="host will try HTTPS first since it is configured for HTTP with a TLS configuration, consider changing host to HTTPS or removing unused TLS configuration" host="192.168.122.110:5000"
time="2026-04-16T10:28:21Z" level=info msg="host will try HTTPS first since it is configured for HTTP with a TLS configuration, consider changing host to HTTPS or removing unused TLS configuration" host="192.168.122.110:5000"
192.168.122.110:5000/brdnode_1277_r62:latest:                                     resolved       |[32m++++++++++++++++++++++++++++++++++++++[0m| 
index-sha256:ad275079e6d16b79bce533dbb427bf786d6f12feb1f3d4fbfeeac61e4511b724:    done           |[32m++++++++++++++++++++++++++++++++++++++[0m| 
manifest-sha256:d7465ac7fc11b20bac45549e082d8ddaff3262287c4762afc22e3e6a5cdfde9f: done           |[32m++++++++++++++++++++++++++++++++++++++[0m| 
layer-sha256:c954e5f88d9d9be1ed732898db6841e22d90078a4c76cf4717c4cc7edc74403e:    done           |[32m++++++++++++++++++++++++++++++++++++++[0m| 
layer-sha256:e59b44c60b0e4bef2712435bc1a530efe229ee8e4ce5e002fab156cab513cd4b:    done           |[32m++++++++++++++++++++++++++++++++++++++[0m| 
layer-sha256:dddef0b52be5b70437bad194fdd225df4a11f6260719513773d9e203c52987f7:    done           |[32m++++++++++++++++++++++++++++++++++++++[0m| 
config-sha256:8d49391c2592eb4b584d7505fef4e0665c97c5d4c84a94839467bcd278f18341:   done           |[32m++++++++++++++++++++++++++++++++++++++[0m| 
layer-sha256:60f190ad61ccb1d53e551582f422ca6e007bc0b7a9a5328b64e3e2c9a6bd1dcd:    done           |[32m++++++++++++++++++++++++++++++++++++++[0m| 
layer-sha256:13b7e930469f6d3575a320709035c6acf6f5485a76abcf03d1b92a64c09c2476:    done           |[32m++++++++++++++++++++++++++++++++++++++[0m| 
layer-sha256:4accf72faab4ddbb011f63fff24e0656cd1cc9c9ad5293f7e7c0eaf80ed2872f:    done           |[32m++++++++++++++++++++++++++++++++++++++[0m| 
layer-sha256:34608cb22405250243a5e45518fb618d0bea826f8171514b271e7e4c1bef2752:    done           |[32m++++++++++++++++++++++++++++++++++++++[0m| 
layer-sha256:64a5d8258ce2b42e67330b08d63621bb09cc797b102a21bad4732b2383fa04c0:    done           |[32m++++++++++++++++++++++++++++++++++++++[0m| 
layer-sha256:4f4fb700ef54461cfa02571ae0db9a0dc1e0cdb5577484a6d75e68dc38e8acc1:    done           |[32m++++++++++++++++++++++++++++++++++++++[0m| 
layer-sha256:8a29a47395cd3a02d8340f4325004f6ec371681754e5efa24afced2dbdd64272:    done           |[32m++++++++++++++++++++++++++++++++++++++[0m| 
layer-sha256:9b434e991ecb0f897b33fe63c3c06b7f9f681728987ae8e3dd4a7e9470642f60:    done           |[32m++++++++++++++++++++++++++++++++++++++[0m| 
layer-sha256:450bb934662efe2c8c55922af96dfccb7cd62066a0861e11b9cc126c9592d6d7:    done           |[32m++++++++++++++++++++++++++++++++++++++[0m| 
layer-sha256:b1a8b2706032f9c0f354be0daa46f3da6643916a3373ee5d2792dd2def0151d1:    done           |[32m++++++++++++++++++++++++++++++++++++++[0m| 
layer-sha256:2229323296fd0788580520d9635c12357eabeefb98b33f80240f26f398fd9977:    done           |[32m++++++++++++++++++++++++++++++++++++++[0m| 
layer-sha256:7a854a832e188116cb1d9b5b49bd38ec6c14f9cb5f01c6a361be34100c8bc74f:    done           |[32m++++++++++++++++++++++++++++++++++++++[0m| 
layer-sha256:5254899928f6ca7bb869f75f21b45c579e99ef2caaefecde439bc8ad64ea26f3:    done           |[32m++++++++++++++++++++++++++++++++++++++[0m| 
layer-sha256:19239628b702a065df1765d60e6c97463ab5ff3eeaf3272661d1e65d9053f67c:    done           |[32m++++++++++++++++++++++++++++++++++++++[0m| 
layer-sha256:48c63a55731a94aca37cae003a86d51ad1bf47e899bd1a6aeac76bb8688740c7:    done           |[32m++++++++++++++++++++++++++++++++++++++[0m| 
layer-sha256:9f441ad30abc48467a6b8a9cda7188811487d4620338337f923a3f1595f847ba:    done           |[32m++++++++++++++++++++++++++++++++++++++[0m| 
layer-sha256:3e740608074eeae180aa78f7de93f4e3f506d73c145d279e73868329fd903bd1:    done           |[32m++++++++++++++++++++++++++++++++++++++[0m| 
layer-sha256:ac5d51d2376682c0fc6219009c61dde6ac31de22dc688603b30e3ea9daaf87af:    done           |[32m++++++++++++++++++++++++++++++++++++++[0m| 
layer-sha256:e0c8a05f6d7404d69e18dba29cf3bedaa3d1d8315442b4583a87dfe0858671c4:    done           |[32m++++++++++++++++++++++++++++++++++++++[0m| 
elapsed: 0.1 s                                                                    total:   0.0 B (0.0 B/s)                                         
unpacking linux/amd64 sha256:ad275079e6d16b79bce533dbb427bf786d6f12feb1f3d4fbfeeac61e4511b724...
done: 20.569411ms	
time="2026-04-16T10:28:22Z" level=info msg="host will try HTTPS first since it is configured for HTTP with a TLS configuration, consider changing host to HTTPS or removing unused TLS configuration" host="192.168.122.110:5000"
time="2026-04-16T10:28:22Z" level=info msg="host will try HTTPS first since it is configured for HTTP with a TLS configuration, consider changing host to HTTPS or removing unused TLS configuration" host="192.168.122.110:5000"
192.168.122.110:5000/brdnode_1277_r63:latest:                                     resolved       |[32m++++++++++++++++++++++++++++++++++++++[0m| 
index-sha256:0e48c281e5fa11eae04b0e055a9474069ebf4bba4606d2386e87962643b504f8:    done           |[32m++++++++++++++++++++++++++++++++++++++[0m| 
manifest-sha256:d995f7bb5d32b5ec66c3af6f4f40706b4549937a80dbc5a96e5457bda3fc27cb: done           |[32m++++++++++++++++++++++++++++++++++++++[0m| 
layer-sha256:ac33fd98b359abe4788ebcc75a3f6be5c27b73671af486f4349bfb2c5f949b0a:    done           |[32m++++++++++++++++++++++++++++++++++++++[0m| 
layer-sha256:64a5d8258ce2b42e67330b08d63621bb09cc797b102a21bad4732b2383fa04c0:    done           |[32m++++++++++++++++++++++++++++++++++++++[0m| 
layer-sha256:aeceb915072ed70b7a9e691121719f6a6c842bc92139cffe0f31f0e72d5c16da:    done           |[32m++++++++++++++++++++++++++++++++++++++[0m| 
layer-sha256:2229323296fd0788580520d9635c12357eabeefb98b33f80240f26f398fd9977:    done           |[32m++++++++++++++++++++++++++++++++++++++[0m| 
config-sha256:84492af24a5e7e7cd2d598d254557cd0e89fad86f8e9af07533778520f9e32cd:   done           |[32m++++++++++++++++++++++++++++++++++++++[0m| 
layer-sha256:96e0b58112fd45b99f283d2d1c0d388e64b2c8d92fd9c82d83e7d66fe02cf5be:    done           |[32m++++++++++++++++++++++++++++++++++++++[0m| 
layer-sha256:9f441ad30abc48467a6b8a9cda7188811487d4620338337f923a3f1595f847ba:    done           |[32m++++++++++++++++++++++++++++++++++++++[0m| 
layer-sha256:7a854a832e188116cb1d9b5b49bd38ec6c14f9cb5f01c6a361be34100c8bc74f:    done           |[32m++++++++++++++++++++++++++++++++++++++[0m| 
layer-sha256:13b7e930469f6d3575a320709035c6acf6f5485a76abcf03d1b92a64c09c2476:    done           |[32m++++++++++++++++++++++++++++++++++++++[0m| 
layer-sha256:35622f56e98ebc22299868a043c132cf5f10d4533f8ec470fcbbb411fc56577a:    done           |[32m++++++++++++++++++++++++++++++++++++++[0m| 
layer-sha256:3e740608074eeae180aa78f7de93f4e3f506d73c145d279e73868329fd903bd1:    done           |[32m++++++++++++++++++++++++++++++++++++++[0m| 
layer-sha256:34608cb22405250243a5e45518fb618d0bea826f8171514b271e7e4c1bef2752:    done           |[32m++++++++++++++++++++++++++++++++++++++[0m| 
layer-sha256:3b16ad2360058b2b54ee21298bc662e53b031972d3b9107e115642d76c9070ba:    done           |[32m++++++++++++++++++++++++++++++++++++++[0m| 
layer-sha256:48c63a55731a94aca37cae003a86d51ad1bf47e899bd1a6aeac76bb8688740c7:    done           |[32m++++++++++++++++++++++++++++++++++++++[0m| 
layer-sha256:29cbce8c4a4ef28383cc449c9def5578b65e996a38367e6b28a39e858a46ffe6:    done           |[32m++++++++++++++++++++++++++++++++++++++[0m| 
layer-sha256:450bb934662efe2c8c55922af96dfccb7cd62066a0861e11b9cc126c9592d6d7:    done           |[32m++++++++++++++++++++++++++++++++++++++[0m| 
layer-sha256:8a29a47395cd3a02d8340f4325004f6ec371681754e5efa24afced2dbdd64272:    done           |[32m++++++++++++++++++++++++++++++++++++++[0m| 
layer-sha256:e59b44c60b0e4bef2712435bc1a530efe229ee8e4ce5e002fab156cab513cd4b:    done           |[32m++++++++++++++++++++++++++++++++++++++[0m| 
layer-sha256:c954e5f88d9d9be1ed732898db6841e22d90078a4c76cf4717c4cc7edc74403e:    done           |[32m++++++++++++++++++++++++++++++++++++++[0m| 
layer-sha256:4accf72faab4ddbb011f63fff24e0656cd1cc9c9ad5293f7e7c0eaf80ed2872f:    done           |[32m++++++++++++++++++++++++++++++++++++++[0m| 
layer-sha256:b1a8b2706032f9c0f354be0daa46f3da6643916a3373ee5d2792dd2def0151d1:    done           |[32m++++++++++++++++++++++++++++++++++++++[0m| 
layer-sha256:4f4fb700ef54461cfa02571ae0db9a0dc1e0cdb5577484a6d75e68dc38e8acc1:    done           |[32m++++++++++++++++++++++++++++++++++++++[0m| 
layer-sha256:f85ee1aaef60cf82224ec5f51f8d3693f3de011cd2399b480bb2a3c17c1574d1:    done           |[32m++++++++++++++++++++++++++++++++++++++[0m| 
elapsed: 0.1 s                                                                    total:   0.0 B (0.0 B/s)                                         
unpacking linux/amd64 sha256:0e48c281e5fa11eae04b0e055a9474069ebf4bba4606d2386e87962643b504f8...
done: 18.667085ms	
time="2026-04-16T10:28:23Z" level=info msg="host will try HTTPS first since it is configured for HTTP with a TLS configuration, consider changing host to HTTPS or removing unused TLS configuration" host="192.168.122.110:5000"
time="2026-04-16T10:28:23Z" level=info msg="host will try HTTPS first since it is configured for HTTP with a TLS configuration, consider changing host to HTTPS or removing unused TLS configuration" host="192.168.122.110:5000"
192.168.122.110:5000/brdnode_1277_r68:latest:                                     resolved       |[32m++++++++++++++++++++++++++++++++++++++[0m| 
index-sha256:8754b7d27f7b8e445ba3b074e5c90548881ee36e12c5501c3103cc967d3afd7e:    done           |[32m++++++++++++++++++++++++++++++++++++++[0m| 
manifest-sha256:d8c211eb4edb1e57dd840f75d4c35c7b76a21a6767108345c9f8c661fc90cef5: done           |[32m++++++++++++++++++++++++++++++++++++++[0m| 
config-sha256:bf257df13acee73a10a2afc0ca1e52ad22c710b9760101dbadb590c7843c2da0:   done           |[32m++++++++++++++++++++++++++++++++++++++[0m| 
layer-sha256:13b7e930469f6d3575a320709035c6acf6f5485a76abcf03d1b92a64c09c2476:    done           |[32m++++++++++++++++++++++++++++++++++++++[0m| 
layer-sha256:e09d254ee38879f19e7f6d9641d52a0edeedf2bca7aecc586cdcbff7cef13480:    done           |[32m++++++++++++++++++++++++++++++++++++++[0m| 
layer-sha256:8b8c7d99f13d64e1d176b8d14fb8145965b1814d4e9ec6860ed637bc5ec950b3:    done           |[32m++++++++++++++++++++++++++++++++++++++[0m| 
layer-sha256:64a5d8258ce2b42e67330b08d63621bb09cc797b102a21bad4732b2383fa04c0:    done           |[32m++++++++++++++++++++++++++++++++++++++[0m| 
layer-sha256:1b5afff7c1ea7f92191fe61b187bf550a0d98000dbb6902e8860e529be15d873:    done           |[32m++++++++++++++++++++++++++++++++++++++[0m| 
layer-sha256:4accf72faab4ddbb011f63fff24e0656cd1cc9c9ad5293f7e7c0eaf80ed2872f:    done           |[32m++++++++++++++++++++++++++++++++++++++[0m| 
layer-sha256:49fad066a897fc81fe341ce7d81ea880ddba411c9d6d3ed9463c4b1001548e60:    done           |[32m++++++++++++++++++++++++++++++++++++++[0m| 
layer-sha256:25bf82dd8e83057ebe7736c15c5bff88463a7682a52b95f3d0ce16eacf2e7f75:    done           |[32m++++++++++++++++++++++++++++++++++++++[0m| 
layer-sha256:34608cb22405250243a5e45518fb618d0bea826f8171514b271e7e4c1bef2752:    done           |[32m++++++++++++++++++++++++++++++++++++++[0m| 
layer-sha256:6d2777d933ff7c9fbf27803faa170c68fa31b1fda373bdded852dd4a31c79709:    done           |[32m++++++++++++++++++++++++++++++++++++++[0m| 
layer-sha256:48c63a55731a94aca37cae003a86d51ad1bf47e899bd1a6aeac76bb8688740c7:    done           |[32m++++++++++++++++++++++++++++++++++++++[0m| 
layer-sha256:c954e5f88d9d9be1ed732898db6841e22d90078a4c76cf4717c4cc7edc74403e:    done           |[32m++++++++++++++++++++++++++++++++++++++[0m| 
layer-sha256:d1d85beb0fa1a45eec2dff6382989975d49b34976e7143cdfcd00c6707cba6f9:    done           |[32m++++++++++++++++++++++++++++++++++++++[0m| 
layer-sha256:8a29a47395cd3a02d8340f4325004f6ec371681754e5efa24afced2dbdd64272:    done           |[32m++++++++++++++++++++++++++++++++++++++[0m| 
layer-sha256:4f4fb700ef54461cfa02571ae0db9a0dc1e0cdb5577484a6d75e68dc38e8acc1:    done           |[32m++++++++++++++++++++++++++++++++++++++[0m| 
layer-sha256:9f441ad30abc48467a6b8a9cda7188811487d4620338337f923a3f1595f847ba:    done           |[32m++++++++++++++++++++++++++++++++++++++[0m| 
layer-sha256:450bb934662efe2c8c55922af96dfccb7cd62066a0861e11b9cc126c9592d6d7:    done           |[32m++++++++++++++++++++++++++++++++++++++[0m| 
layer-sha256:e59b44c60b0e4bef2712435bc1a530efe229ee8e4ce5e002fab156cab513cd4b:    done           |[32m++++++++++++++++++++++++++++++++++++++[0m| 
layer-sha256:7a854a832e188116cb1d9b5b49bd38ec6c14f9cb5f01c6a361be34100c8bc74f:    done           |[32m++++++++++++++++++++++++++++++++++++++[0m| 
layer-sha256:b1a8b2706032f9c0f354be0daa46f3da6643916a3373ee5d2792dd2def0151d1:    done           |[32m++++++++++++++++++++++++++++++++++++++[0m| 
layer-sha256:3e740608074eeae180aa78f7de93f4e3f506d73c145d279e73868329fd903bd1:    done           |[32m++++++++++++++++++++++++++++++++++++++[0m| 
layer-sha256:2229323296fd0788580520d9635c12357eabeefb98b33f80240f26f398fd9977:    done           |[32m++++++++++++++++++++++++++++++++++++++[0m| 
elapsed: 0.1 s                                                                    total:   0.0 B (0.0 B/s)                                         
unpacking linux/amd64 sha256:8754b7d27f7b8e445ba3b074e5c90548881ee36e12c5501c3103cc967d3afd7e...
done: 21.412524ms	
time="2026-04-16T10:28:24Z" level=info msg="host will try HTTPS first since it is configured for HTTP with a TLS configuration, consider changing host to HTTPS or removing unused TLS configuration" host="192.168.122.110:5000"
time="2026-04-16T10:28:24Z" level=info msg="host will try HTTPS first since it is configured for HTTP with a TLS configuration, consider changing host to HTTPS or removing unused TLS configuration" host="192.168.122.110:5000"
192.168.122.110:5000/brdnode_1277_r6:latest:                                      resolved       |[32m++++++++++++++++++++++++++++++++++++++[0m| 
index-sha256:135cd004d3c106ed6a0f4026b65096205a51ca86f939be05aa42dfa13a997820:    done           |[32m++++++++++++++++++++++++++++++++++++++[0m| 
manifest-sha256:07ac10b67d9c53d3f4437c5c626f7d0823fe7e8db8905928fa89a2b2e4b97f8f: done           |[32m++++++++++++++++++++++++++++++++++++++[0m| 
layer-sha256:64a5d8258ce2b42e67330b08d63621bb09cc797b102a21bad4732b2383fa04c0:    done           |[32m++++++++++++++++++++++++++++++++++++++[0m| 
layer-sha256:c209171318b26a8fcbd48625e436aa8f49d210df05105a777531410fea9b2049:    done           |[32m++++++++++++++++++++++++++++++++++++++[0m| 
config-sha256:ca1cbcd64d696492f1e887251fb7e067a04262da56772b3fa20ec6ed8dbe9564:   done           |[32m++++++++++++++++++++++++++++++++++++++[0m| 
layer-sha256:13b7e930469f6d3575a320709035c6acf6f5485a76abcf03d1b92a64c09c2476:    done           |[32m++++++++++++++++++++++++++++++++++++++[0m| 
layer-sha256:22a9a4d34d87818dd0bcc070fe442550daf0fb5968d4c12552b7922de91c2866:    done           |[32m++++++++++++++++++++++++++++++++++++++[0m| 
layer-sha256:2229323296fd0788580520d9635c12357eabeefb98b33f80240f26f398fd9977:    done           |[32m++++++++++++++++++++++++++++++++++++++[0m| 
layer-sha256:34608cb22405250243a5e45518fb618d0bea826f8171514b271e7e4c1bef2752:    done           |[32m++++++++++++++++++++++++++++++++++++++[0m| 
layer-sha256:450bb934662efe2c8c55922af96dfccb7cd62066a0861e11b9cc126c9592d6d7:    done           |[32m++++++++++++++++++++++++++++++++++++++[0m| 
layer-sha256:7a854a832e188116cb1d9b5b49bd38ec6c14f9cb5f01c6a361be34100c8bc74f:    done           |[32m++++++++++++++++++++++++++++++++++++++[0m| 
layer-sha256:b37ac51d85aafc76bf7f4346e250db095a3ea98d34e410a9fd779d902999bdf4:    done           |[32m++++++++++++++++++++++++++++++++++++++[0m| 
layer-sha256:c954e5f88d9d9be1ed732898db6841e22d90078a4c76cf4717c4cc7edc74403e:    done           |[32m++++++++++++++++++++++++++++++++++++++[0m| 
layer-sha256:9f441ad30abc48467a6b8a9cda7188811487d4620338337f923a3f1595f847ba:    done           |[32m++++++++++++++++++++++++++++++++++++++[0m| 
layer-sha256:4accf72faab4ddbb011f63fff24e0656cd1cc9c9ad5293f7e7c0eaf80ed2872f:    done           |[32m++++++++++++++++++++++++++++++++++++++[0m| 
layer-sha256:3c0b95256a4814ddc5782b986f4f49b124e9783fcac0b1c431bd49dbfaaadab4:    done           |[32m++++++++++++++++++++++++++++++++++++++[0m| 
layer-sha256:3e740608074eeae180aa78f7de93f4e3f506d73c145d279e73868329fd903bd1:    done           |[32m++++++++++++++++++++++++++++++++++++++[0m| 
layer-sha256:8a29a47395cd3a02d8340f4325004f6ec371681754e5efa24afced2dbdd64272:    done           |[32m++++++++++++++++++++++++++++++++++++++[0m| 
layer-sha256:e59b44c60b0e4bef2712435bc1a530efe229ee8e4ce5e002fab156cab513cd4b:    done           |[32m++++++++++++++++++++++++++++++++++++++[0m| 
layer-sha256:d988ce2e853e1d287ef9e2136f5e1105ae41a7fd1863b22ef9e2a98a3043a047:    done           |[32m++++++++++++++++++++++++++++++++++++++[0m| 
layer-sha256:9c1d57a2862d63cf1e44e5608a13c34493ce18f6f696d4e2649f8d0685d8cc1d:    done           |[32m++++++++++++++++++++++++++++++++++++++[0m| 
layer-sha256:48c63a55731a94aca37cae003a86d51ad1bf47e899bd1a6aeac76bb8688740c7:    done           |[32m++++++++++++++++++++++++++++++++++++++[0m| 
layer-sha256:b1a8b2706032f9c0f354be0daa46f3da6643916a3373ee5d2792dd2def0151d1:    done           |[32m++++++++++++++++++++++++++++++++++++++[0m| 
layer-sha256:0e23ab6cd4a51b37d085f029d7dec250ea5f5b04d50bababd66b191a5db52db7:    done           |[32m++++++++++++++++++++++++++++++++++++++[0m| 
layer-sha256:4f4fb700ef54461cfa02571ae0db9a0dc1e0cdb5577484a6d75e68dc38e8acc1:    done           |[32m++++++++++++++++++++++++++++++++++++++[0m| 
elapsed: 0.1 s                                                                    total:   0.0 B (0.0 B/s)                                         
unpacking linux/amd64 sha256:135cd004d3c106ed6a0f4026b65096205a51ca86f939be05aa42dfa13a997820...
done: 18.073164ms	
time="2026-04-16T10:28:25Z" level=info msg="host will try HTTPS first since it is configured for HTTP with a TLS configuration, consider changing host to HTTPS or removing unused TLS configuration" host="192.168.122.110:5000"
time="2026-04-16T10:28:25Z" level=info msg="host will try HTTPS first since it is configured for HTTP with a TLS configuration, consider changing host to HTTPS or removing unused TLS configuration" host="192.168.122.110:5000"
192.168.122.110:5000/brdnode_1277_r70:latest:                                     resolved       |[32m++++++++++++++++++++++++++++++++++++++[0m| 
index-sha256:5e9649f78e1432ab0778ad899bb57c6a89e0a40b2e848ca7298e0cbda01cf29e:    done           |[32m++++++++++++++++++++++++++++++++++++++[0m| 
manifest-sha256:98555eab8c129aae5d460f3e7770b47a772f18d85cc809d3212c305b61da2ded: done           |[32m++++++++++++++++++++++++++++++++++++++[0m| 
layer-sha256:7a9adc770b4c616b851bb4c3bf29adc9302cbbaf7a85a40d32b78a3cb072f21c:    done           |[32m++++++++++++++++++++++++++++++++++++++[0m| 
config-sha256:71e55643b9e196471b08a8f6a3291eba418896f687a2df839dd57f42ca9669d2:   done           |[32m++++++++++++++++++++++++++++++++++++++[0m| 
layer-sha256:13b7e930469f6d3575a320709035c6acf6f5485a76abcf03d1b92a64c09c2476:    done           |[32m++++++++++++++++++++++++++++++++++++++[0m| 
layer-sha256:34608cb22405250243a5e45518fb618d0bea826f8171514b271e7e4c1bef2752:    done           |[32m++++++++++++++++++++++++++++++++++++++[0m| 
layer-sha256:450bb934662efe2c8c55922af96dfccb7cd62066a0861e11b9cc126c9592d6d7:    done           |[32m++++++++++++++++++++++++++++++++++++++[0m| 
layer-sha256:c954e5f88d9d9be1ed732898db6841e22d90078a4c76cf4717c4cc7edc74403e:    done           |[32m++++++++++++++++++++++++++++++++++++++[0m| 
layer-sha256:4accf72faab4ddbb011f63fff24e0656cd1cc9c9ad5293f7e7c0eaf80ed2872f:    done           |[32m++++++++++++++++++++++++++++++++++++++[0m| 
layer-sha256:8a29a47395cd3a02d8340f4325004f6ec371681754e5efa24afced2dbdd64272:    done           |[32m++++++++++++++++++++++++++++++++++++++[0m| 
layer-sha256:e59b44c60b0e4bef2712435bc1a530efe229ee8e4ce5e002fab156cab513cd4b:    done           |[32m++++++++++++++++++++++++++++++++++++++[0m| 
layer-sha256:b1a8b2706032f9c0f354be0daa46f3da6643916a3373ee5d2792dd2def0151d1:    done           |[32m++++++++++++++++++++++++++++++++++++++[0m| 
layer-sha256:4f4fb700ef54461cfa02571ae0db9a0dc1e0cdb5577484a6d75e68dc38e8acc1:    done           |[32m++++++++++++++++++++++++++++++++++++++[0m| 
layer-sha256:0437b2fe617bfefcc23b033773929d57c9c0f1d7c8d4a5e81a24d8a97270ae53:    done           |[32m++++++++++++++++++++++++++++++++++++++[0m| 
layer-sha256:3e740608074eeae180aa78f7de93f4e3f506d73c145d279e73868329fd903bd1:    done           |[32m++++++++++++++++++++++++++++++++++++++[0m| 
layer-sha256:2229323296fd0788580520d9635c12357eabeefb98b33f80240f26f398fd9977:    done           |[32m++++++++++++++++++++++++++++++++++++++[0m| 
layer-sha256:02eb1e1181640abf9f71107b681c0a6a0a7a35b4216670abb57bf43f70dec186:    done           |[32m++++++++++++++++++++++++++++++++++++++[0m| 
layer-sha256:7a854a832e188116cb1d9b5b49bd38ec6c14f9cb5f01c6a361be34100c8bc74f:    done           |[32m++++++++++++++++++++++++++++++++++++++[0m| 
layer-sha256:6d2777d933ff7c9fbf27803faa170c68fa31b1fda373bdded852dd4a31c79709:    done           |[32m++++++++++++++++++++++++++++++++++++++[0m| 
layer-sha256:9f441ad30abc48467a6b8a9cda7188811487d4620338337f923a3f1595f847ba:    done           |[32m++++++++++++++++++++++++++++++++++++++[0m| 
layer-sha256:59f7c33d356cd0a7f387db24cdd8cfcc815136844a549ae1f9a2223edf4f8090:    done           |[32m++++++++++++++++++++++++++++++++++++++[0m| 
layer-sha256:64a5d8258ce2b42e67330b08d63621bb09cc797b102a21bad4732b2383fa04c0:    done           |[32m++++++++++++++++++++++++++++++++++++++[0m| 
layer-sha256:18cc92c1e8586f6f21b2e3c20eebe5035a34bd4060eec5919834f7fa0e0c0161:    done           |[32m++++++++++++++++++++++++++++++++++++++[0m| 
layer-sha256:ae02105c34068df968632e9f975c5762e64ac18873b3d80431c77b270cd1ab74:    done           |[32m++++++++++++++++++++++++++++++++++++++[0m| 
layer-sha256:48c63a55731a94aca37cae003a86d51ad1bf47e899bd1a6aeac76bb8688740c7:    done           |[32m++++++++++++++++++++++++++++++++++++++[0m| 
elapsed: 0.1 s                                                                    total:   0.0 B (0.0 B/s)                                         
unpacking linux/amd64 sha256:5e9649f78e1432ab0778ad899bb57c6a89e0a40b2e848ca7298e0cbda01cf29e...
done: 19.390658ms	
time="2026-04-16T10:28:25Z" level=info msg="host will try HTTPS first since it is configured for HTTP with a TLS configuration, consider changing host to HTTPS or removing unused TLS configuration" host="192.168.122.110:5000"
time="2026-04-16T10:28:25Z" level=info msg="host will try HTTPS first since it is configured for HTTP with a TLS configuration, consider changing host to HTTPS or removing unused TLS configuration" host="192.168.122.110:5000"
192.168.122.110:5000/brdnode_1277_r71:latest:                                     resolved       |[32m++++++++++++++++++++++++++++++++++++++[0m| 
index-sha256:6fca05d643bf1f527e04b93a0de5f8879a904754ad405ac95bb3ffe036ea2a94:    done           |[32m++++++++++++++++++++++++++++++++++++++[0m| 
manifest-sha256:4f345cc018587417ada6a19b8bae2dde3d5ea24f6d1e345464986d6e2aedcfbc: done           |[32m++++++++++++++++++++++++++++++++++++++[0m| 
config-sha256:07c46acd4f3c79113f56eba5f35b14e5442e0f977abed4e47cc96ede310cb074:   done           |[32m++++++++++++++++++++++++++++++++++++++[0m| 
layer-sha256:fd5a1e812a660b4e3728732ac782b66f556064d0cb565e5b816981c67c1e5d01:    done           |[32m++++++++++++++++++++++++++++++++++++++[0m| 
layer-sha256:b1a8b2706032f9c0f354be0daa46f3da6643916a3373ee5d2792dd2def0151d1:    done           |[32m++++++++++++++++++++++++++++++++++++++[0m| 
layer-sha256:4f4fb700ef54461cfa02571ae0db9a0dc1e0cdb5577484a6d75e68dc38e8acc1:    done           |[32m++++++++++++++++++++++++++++++++++++++[0m| 
layer-sha256:fe5dfa6ef8bdb6720e95acad750deb8ae36d2f838748045eac4c63fbbce80489:    done           |[32m++++++++++++++++++++++++++++++++++++++[0m| 
layer-sha256:4710a82138dfde48f4a8e1ef2fc2be2b7f3ae98d1f64516cff32ef517dbec247:    done           |[32m++++++++++++++++++++++++++++++++++++++[0m| 
layer-sha256:5519e0968c2a8eae695933b42267b2df52452d4c7869558390107386ce581f94:    done           |[32m++++++++++++++++++++++++++++++++++++++[0m| 
layer-sha256:48c63a55731a94aca37cae003a86d51ad1bf47e899bd1a6aeac76bb8688740c7:    done           |[32m++++++++++++++++++++++++++++++++++++++[0m| 
layer-sha256:2229323296fd0788580520d9635c12357eabeefb98b33f80240f26f398fd9977:    done           |[32m++++++++++++++++++++++++++++++++++++++[0m| 
layer-sha256:13b7e930469f6d3575a320709035c6acf6f5485a76abcf03d1b92a64c09c2476:    done           |[32m++++++++++++++++++++++++++++++++++++++[0m| 
layer-sha256:c954e5f88d9d9be1ed732898db6841e22d90078a4c76cf4717c4cc7edc74403e:    done           |[32m++++++++++++++++++++++++++++++++++++++[0m| 
layer-sha256:64a5d8258ce2b42e67330b08d63621bb09cc797b102a21bad4732b2383fa04c0:    done           |[32m++++++++++++++++++++++++++++++++++++++[0m| 
layer-sha256:34608cb22405250243a5e45518fb618d0bea826f8171514b271e7e4c1bef2752:    done           |[32m++++++++++++++++++++++++++++++++++++++[0m| 
layer-sha256:7a854a832e188116cb1d9b5b49bd38ec6c14f9cb5f01c6a361be34100c8bc74f:    done           |[32m++++++++++++++++++++++++++++++++++++++[0m| 
layer-sha256:4accf72faab4ddbb011f63fff24e0656cd1cc9c9ad5293f7e7c0eaf80ed2872f:    done           |[32m++++++++++++++++++++++++++++++++++++++[0m| 
layer-sha256:450bb934662efe2c8c55922af96dfccb7cd62066a0861e11b9cc126c9592d6d7:    done           |[32m++++++++++++++++++++++++++++++++++++++[0m| 
layer-sha256:338cf3d91748a710f880199bb6ed43bab26dd26eac678f90fc53069674e67d36:    done           |[32m++++++++++++++++++++++++++++++++++++++[0m| 
layer-sha256:9f441ad30abc48467a6b8a9cda7188811487d4620338337f923a3f1595f847ba:    done           |[32m++++++++++++++++++++++++++++++++++++++[0m| 
layer-sha256:8a29a47395cd3a02d8340f4325004f6ec371681754e5efa24afced2dbdd64272:    done           |[32m++++++++++++++++++++++++++++++++++++++[0m| 
layer-sha256:10eb1364eab0a6a4f00a43d8867ab411a2d9c2d917bce82dfefd0988bf3feb62:    done           |[32m++++++++++++++++++++++++++++++++++++++[0m| 
layer-sha256:3e740608074eeae180aa78f7de93f4e3f506d73c145d279e73868329fd903bd1:    done           |[32m++++++++++++++++++++++++++++++++++++++[0m| 
layer-sha256:e59b44c60b0e4bef2712435bc1a530efe229ee8e4ce5e002fab156cab513cd4b:    done           |[32m++++++++++++++++++++++++++++++++++++++[0m| 
layer-sha256:dd43f445e2969197a6b445360057f4f4cff06b3d4faf581e996e60d9a2e06ac5:    done           |[32m++++++++++++++++++++++++++++++++++++++[0m| 
elapsed: 0.1 s                                                                    total:   0.0 B (0.0 B/s)                                         
unpacking linux/amd64 sha256:6fca05d643bf1f527e04b93a0de5f8879a904754ad405ac95bb3ffe036ea2a94...
done: 18.333424ms	
time="2026-04-16T10:28:26Z" level=info msg="host will try HTTPS first since it is configured for HTTP with a TLS configuration, consider changing host to HTTPS or removing unused TLS configuration" host="192.168.122.110:5000"
time="2026-04-16T10:28:26Z" level=info msg="host will try HTTPS first since it is configured for HTTP with a TLS configuration, consider changing host to HTTPS or removing unused TLS configuration" host="192.168.122.110:5000"
time="2026-04-16T10:28:26Z" level=warning msg="skip to append distribution label: label key and value length (4112 bytes) greater than maximum size (4096 bytes), key: containerd.io/distribution.source.192.168.122.110: invalid argument"
time="2026-04-16T10:28:26Z" level=warning msg="skip to append distribution label: label key and value length (4112 bytes) greater than maximum size (4096 bytes), key: containerd.io/distribution.source.192.168.122.110: invalid argument"
time="2026-04-16T10:28:26Z" level=warning msg="skip to append distribution label: label key and value length (4112 bytes) greater than maximum size (4096 bytes), key: containerd.io/distribution.source.192.168.122.110: invalid argument"
time="2026-04-16T10:28:26Z" level=warning msg="skip to append distribution label: label key and value length (4112 bytes) greater than maximum size (4096 bytes), key: containerd.io/distribution.source.192.168.122.110: invalid argument"
time="2026-04-16T10:28:26Z" level=warning msg="skip to append distribution label: label key and value length (4112 bytes) greater than maximum size (4096 bytes), key: containerd.io/distribution.source.192.168.122.110: invalid argument"
time="2026-04-16T10:28:26Z" level=warning msg="skip to append distribution label: label key and value length (4110 bytes) greater than maximum size (4096 bytes), key: containerd.io/distribution.source.192.168.122.110: invalid argument"
time="2026-04-16T10:28:26Z" level=warning msg="skip to append distribution label: label key and value length (4112 bytes) greater than maximum size (4096 bytes), key: containerd.io/distribution.source.192.168.122.110: invalid argument"
time="2026-04-16T10:28:26Z" level=warning msg="skip to append distribution label: label key and value length (4112 bytes) greater than maximum size (4096 bytes), key: containerd.io/distribution.source.192.168.122.110: invalid argument"
192.168.122.110:5000/brdnode_1277_r73:latest:                                     resolved       |[32m++++++++++++++++++++++++++++++++++++++[0m| 
index-sha256:aa8e19fd7272d1aac6d1e728e7d3f6fb22568ce9d600f81b439484658abc02a7:    done           |[32m++++++++++++++++++++++++++++++++++++++[0m| 
manifest-sha256:6d35329717a3da116eaf15ff6b05a9c1c392511f88b5669c16201ca8fae4eb63: done           |[32m++++++++++++++++++++++++++++++++++++++[0m| 
layer-sha256:5a7baf5246965938f170a711c55294a7c5e2e3804493a69922fe7f97ba8d6909:    done           |[32m++++++++++++++++++++++++++++++++++++++[0m| 
layer-sha256:10eb1364eab0a6a4f00a43d8867ab411a2d9c2d917bce82dfefd0988bf3feb62:    done           |[32m++++++++++++++++++++++++++++++++++++++[0m| 
layer-sha256:34608cb22405250243a5e45518fb618d0bea826f8171514b271e7e4c1bef2752:    done           |[32m++++++++++++++++++++++++++++++++++++++[0m| 
layer-sha256:de124b59db69700fa50a2c859ab03c9822204fea07bdc4bdfd193cc015d58368:    done           |[32m++++++++++++++++++++++++++++++++++++++[0m| 
layer-sha256:450bb934662efe2c8c55922af96dfccb7cd62066a0861e11b9cc126c9592d6d7:    done           |[32m++++++++++++++++++++++++++++++++++++++[0m| 
layer-sha256:767fc218ab6a3fb51e92b3f298d18f678d80938743cf87c2c5c7f4f521db6cc4:    done           |[32m++++++++++++++++++++++++++++++++++++++[0m| 
layer-sha256:7a854a832e188116cb1d9b5b49bd38ec6c14f9cb5f01c6a361be34100c8bc74f:    done           |[32m++++++++++++++++++++++++++++++++++++++[0m| 
layer-sha256:5ca8d92216c35d0ee55b40472c8939669db71d1dbd0de405609426c50418b31e:    done           |[32m++++++++++++++++++++++++++++++++++++++[0m| 
config-sha256:087a7df13793b4cdaddcb4249f264101aa3bc28f71baedf63831d4ed22ba6ba4:   done           |[32m++++++++++++++++++++++++++++++++++++++[0m| 
layer-sha256:48c63a55731a94aca37cae003a86d51ad1bf47e899bd1a6aeac76bb8688740c7:    done           |[32m++++++++++++++++++++++++++++++++++++++[0m| 
layer-sha256:c954e5f88d9d9be1ed732898db6841e22d90078a4c76cf4717c4cc7edc74403e:    done           |[32m++++++++++++++++++++++++++++++++++++++[0m| 
layer-sha256:b1a8b2706032f9c0f354be0daa46f3da6643916a3373ee5d2792dd2def0151d1:    done           |[32m++++++++++++++++++++++++++++++++++++++[0m| 
layer-sha256:4f4fb700ef54461cfa02571ae0db9a0dc1e0cdb5577484a6d75e68dc38e8acc1:    done           |[32m++++++++++++++++++++++++++++++++++++++[0m| 
layer-sha256:4accf72faab4ddbb011f63fff24e0656cd1cc9c9ad5293f7e7c0eaf80ed2872f:    done           |[32m++++++++++++++++++++++++++++++++++++++[0m| 
layer-sha256:3e740608074eeae180aa78f7de93f4e3f506d73c145d279e73868329fd903bd1:    done           |[32m++++++++++++++++++++++++++++++++++++++[0m| 
layer-sha256:13b7e930469f6d3575a320709035c6acf6f5485a76abcf03d1b92a64c09c2476:    done           |[32m++++++++++++++++++++++++++++++++++++++[0m| 
layer-sha256:373ea8246b83518809d255934f49b4fc4100b7a91de9b47a4ffec288603f4601:    done           |[32m++++++++++++++++++++++++++++++++++++++[0m| 
layer-sha256:2229323296fd0788580520d9635c12357eabeefb98b33f80240f26f398fd9977:    done           |[32m++++++++++++++++++++++++++++++++++++++[0m| 
layer-sha256:9f441ad30abc48467a6b8a9cda7188811487d4620338337f923a3f1595f847ba:    done           |[32m++++++++++++++++++++++++++++++++++++++[0m| 
layer-sha256:64a5d8258ce2b42e67330b08d63621bb09cc797b102a21bad4732b2383fa04c0:    done           |[32m++++++++++++++++++++++++++++++++++++++[0m| 
layer-sha256:7aa8e55d287806d1da1bdbb0af71929e68fa80fe3be675aa0caf9b96eb29580b:    done           |[32m++++++++++++++++++++++++++++++++++++++[0m| 
layer-sha256:8a29a47395cd3a02d8340f4325004f6ec371681754e5efa24afced2dbdd64272:    done           |[32m++++++++++++++++++++++++++++++++++++++[0m| 
layer-sha256:e59b44c60b0e4bef2712435bc1a530efe229ee8e4ce5e002fab156cab513cd4b:    done           |[32m++++++++++++++++++++++++++++++++++++++[0m| 
elapsed: 0.1 s                                                                    total:   0.0 B (0.0 B/s)                                         
unpacking linux/amd64 sha256:aa8e19fd7272d1aac6d1e728e7d3f6fb22568ce9d600f81b439484658abc02a7...
done: 28.463644ms	
time="2026-04-16T10:28:27Z" level=info msg="host will try HTTPS first since it is configured for HTTP with a TLS configuration, consider changing host to HTTPS or removing unused TLS configuration" host="192.168.122.110:5000"
time="2026-04-16T10:28:27Z" level=info msg="host will try HTTPS first since it is configured for HTTP with a TLS configuration, consider changing host to HTTPS or removing unused TLS configuration" host="192.168.122.110:5000"
time="2026-04-16T10:28:27Z" level=warning msg="skip to append distribution label: label key and value length (4112 bytes) greater than maximum size (4096 bytes), key: containerd.io/distribution.source.192.168.122.110: invalid argument"
time="2026-04-16T10:28:27Z" level=warning msg="skip to append distribution label: label key and value length (4112 bytes) greater than maximum size (4096 bytes), key: containerd.io/distribution.source.192.168.122.110: invalid argument"
time="2026-04-16T10:28:27Z" level=warning msg="skip to append distribution label: label key and value length (4112 bytes) greater than maximum size (4096 bytes), key: containerd.io/distribution.source.192.168.122.110: invalid argument"
time="2026-04-16T10:28:27Z" level=warning msg="skip to append distribution label: label key and value length (4110 bytes) greater than maximum size (4096 bytes), key: containerd.io/distribution.source.192.168.122.110: invalid argument"
time="2026-04-16T10:28:27Z" level=warning msg="skip to append distribution label: label key and value length (4112 bytes) greater than maximum size (4096 bytes), key: containerd.io/distribution.source.192.168.122.110: invalid argument"
time="2026-04-16T10:28:27Z" level=warning msg="skip to append distribution label: label key and value length (4112 bytes) greater than maximum size (4096 bytes), key: containerd.io/distribution.source.192.168.122.110: invalid argument"
time="2026-04-16T10:28:27Z" level=warning msg="skip to append distribution label: label key and value length (4112 bytes) greater than maximum size (4096 bytes), key: containerd.io/distribution.source.192.168.122.110: invalid argument"
time="2026-04-16T10:28:27Z" level=warning msg="skip to append distribution label: label key and value length (4112 bytes) greater than maximum size (4096 bytes), key: containerd.io/distribution.source.192.168.122.110: invalid argument"
192.168.122.110:5000/brdnode_1277_r75:latest:                                     resolved       |[32m++++++++++++++++++++++++++++++++++++++[0m| 
index-sha256:df71245a70efb8c88a0724b9e5ff8e4f6a69f528f1aa853da9f1afc54127eb38:    done           |[32m++++++++++++++++++++++++++++++++++++++[0m| 
manifest-sha256:f32eef527c22edf46d246ee5fd73eb5de81bb266c6b6b1be3a08c0417f2d0eee: done           |[32m++++++++++++++++++++++++++++++++++++++[0m| 
layer-sha256:34608cb22405250243a5e45518fb618d0bea826f8171514b271e7e4c1bef2752:    done           |[32m++++++++++++++++++++++++++++++++++++++[0m| 
layer-sha256:7799fd4aae2b1836028f59b7d644243e51f8e2760cef7ab710aa7abe7c35b61d:    done           |[32m++++++++++++++++++++++++++++++++++++++[0m| 
config-sha256:03ca7844a93d5614fce699377dfa68a91ccb583a84b10baef3621b0eb5fbbc47:   done           |[32m++++++++++++++++++++++++++++++++++++++[0m| 
layer-sha256:a903d6cfab6bbcfd1aecf4227f417af09a5f73ed6d63149edd4a1b1735176384:    done           |[32m++++++++++++++++++++++++++++++++++++++[0m| 
layer-sha256:1ce6bcef4edf185401100f75319e52e208d961e250535a5cd488f137ce324de2:    done           |[32m++++++++++++++++++++++++++++++++++++++[0m| 
layer-sha256:9f441ad30abc48467a6b8a9cda7188811487d4620338337f923a3f1595f847ba:    done           |[32m++++++++++++++++++++++++++++++++++++++[0m| 
layer-sha256:3e740608074eeae180aa78f7de93f4e3f506d73c145d279e73868329fd903bd1:    done           |[32m++++++++++++++++++++++++++++++++++++++[0m| 
layer-sha256:13b7e930469f6d3575a320709035c6acf6f5485a76abcf03d1b92a64c09c2476:    done           |[32m++++++++++++++++++++++++++++++++++++++[0m| 
layer-sha256:355887b2bc57646b8844c001dbb80d704a63823b74628d918b678edd2b648e40:    done           |[32m++++++++++++++++++++++++++++++++++++++[0m| 
layer-sha256:2229323296fd0788580520d9635c12357eabeefb98b33f80240f26f398fd9977:    done           |[32m++++++++++++++++++++++++++++++++++++++[0m| 
layer-sha256:4acb4af7f71007688636bf609d1547d17470e99322e07129585b2dfb79eb339b:    done           |[32m++++++++++++++++++++++++++++++++++++++[0m| 
layer-sha256:8b8e1b84c075dfcc609528c0cd3a89cdedcdbb82885fbdcadfcb6b4e63907747:    done           |[32m++++++++++++++++++++++++++++++++++++++[0m| 
layer-sha256:48c63a55731a94aca37cae003a86d51ad1bf47e899bd1a6aeac76bb8688740c7:    done           |[32m++++++++++++++++++++++++++++++++++++++[0m| 
layer-sha256:40074699a6f562cdd51290483690a2de9b0e8978852f43ce3443fa136ed494c9:    done           |[32m++++++++++++++++++++++++++++++++++++++[0m| 
layer-sha256:7a854a832e188116cb1d9b5b49bd38ec6c14f9cb5f01c6a361be34100c8bc74f:    done           |[32m++++++++++++++++++++++++++++++++++++++[0m| 
layer-sha256:e59b44c60b0e4bef2712435bc1a530efe229ee8e4ce5e002fab156cab513cd4b:    done           |[32m++++++++++++++++++++++++++++++++++++++[0m| 
layer-sha256:c954e5f88d9d9be1ed732898db6841e22d90078a4c76cf4717c4cc7edc74403e:    done           |[32m++++++++++++++++++++++++++++++++++++++[0m| 
layer-sha256:4accf72faab4ddbb011f63fff24e0656cd1cc9c9ad5293f7e7c0eaf80ed2872f:    done           |[32m++++++++++++++++++++++++++++++++++++++[0m| 
layer-sha256:64a5d8258ce2b42e67330b08d63621bb09cc797b102a21bad4732b2383fa04c0:    done           |[32m++++++++++++++++++++++++++++++++++++++[0m| 
layer-sha256:450bb934662efe2c8c55922af96dfccb7cd62066a0861e11b9cc126c9592d6d7:    done           |[32m++++++++++++++++++++++++++++++++++++++[0m| 
layer-sha256:b1a8b2706032f9c0f354be0daa46f3da6643916a3373ee5d2792dd2def0151d1:    done           |[32m++++++++++++++++++++++++++++++++++++++[0m| 
layer-sha256:4f4fb700ef54461cfa02571ae0db9a0dc1e0cdb5577484a6d75e68dc38e8acc1:    done           |[32m++++++++++++++++++++++++++++++++++++++[0m| 
layer-sha256:8a29a47395cd3a02d8340f4325004f6ec371681754e5efa24afced2dbdd64272:    done           |[32m++++++++++++++++++++++++++++++++++++++[0m| 
elapsed: 0.1 s                                                                    total:   0.0 B (0.0 B/s)                                         
unpacking linux/amd64 sha256:df71245a70efb8c88a0724b9e5ff8e4f6a69f528f1aa853da9f1afc54127eb38...
done: 19.338898ms	
time="2026-04-16T10:28:28Z" level=info msg="host will try HTTPS first since it is configured for HTTP with a TLS configuration, consider changing host to HTTPS or removing unused TLS configuration" host="192.168.122.110:5000"
time="2026-04-16T10:28:28Z" level=info msg="host will try HTTPS first since it is configured for HTTP with a TLS configuration, consider changing host to HTTPS or removing unused TLS configuration" host="192.168.122.110:5000"
192.168.122.110:5000/brdnode_1277_r7:latest:                                      resolved       |[32m++++++++++++++++++++++++++++++++++++++[0m| 
index-sha256:e5535e1de55850f21c75a82a6e8ae89197fa22a0482f167cd39ba9c6b64bfa82:    done           |[32m++++++++++++++++++++++++++++++++++++++[0m| 
manifest-sha256:6a0fc2a8e3979baebd6289cd487946b0fa8384ee4904da61bfe1f733625f4c70: done           |[32m++++++++++++++++++++++++++++++++++++++[0m| 
layer-sha256:330b2b3045ead9f4c2b0e12d4f483c97c656545d48875e11c576613db8607e79:    done           |[32m++++++++++++++++++++++++++++++++++++++[0m| 
layer-sha256:64a5d8258ce2b42e67330b08d63621bb09cc797b102a21bad4732b2383fa04c0:    done           |[32m++++++++++++++++++++++++++++++++++++++[0m| 
layer-sha256:9f477a2f25f1dd28bf28ee1d62fac45da5cc704df45775a009e20bee0a4fe9bc:    done           |[32m++++++++++++++++++++++++++++++++++++++[0m| 
layer-sha256:c954e5f88d9d9be1ed732898db6841e22d90078a4c76cf4717c4cc7edc74403e:    done           |[32m++++++++++++++++++++++++++++++++++++++[0m| 
layer-sha256:6a1ce62852df8fca9bce91781fe55f742a1919083d7a1fa47ba1c377acf89676:    done           |[32m++++++++++++++++++++++++++++++++++++++[0m| 
layer-sha256:dbdfd70cf669128148f13ec7062cc6889a915f7ed999d64bd8b5ff6b806a8c0f:    done           |[32m++++++++++++++++++++++++++++++++++++++[0m| 
layer-sha256:9f441ad30abc48467a6b8a9cda7188811487d4620338337f923a3f1595f847ba:    done           |[32m++++++++++++++++++++++++++++++++++++++[0m| 
layer-sha256:3e740608074eeae180aa78f7de93f4e3f506d73c145d279e73868329fd903bd1:    done           |[32m++++++++++++++++++++++++++++++++++++++[0m| 
layer-sha256:34608cb22405250243a5e45518fb618d0bea826f8171514b271e7e4c1bef2752:    done           |[32m++++++++++++++++++++++++++++++++++++++[0m| 
layer-sha256:4accf72faab4ddbb011f63fff24e0656cd1cc9c9ad5293f7e7c0eaf80ed2872f:    done           |[32m++++++++++++++++++++++++++++++++++++++[0m| 
layer-sha256:695882e7f6d4041cabb20622d8d10297be48e45fde972b8f5ad56fb5e0a90af5:    done           |[32m++++++++++++++++++++++++++++++++++++++[0m| 
layer-sha256:2229323296fd0788580520d9635c12357eabeefb98b33f80240f26f398fd9977:    done           |[32m++++++++++++++++++++++++++++++++++++++[0m| 
layer-sha256:8a29a47395cd3a02d8340f4325004f6ec371681754e5efa24afced2dbdd64272:    done           |[32m++++++++++++++++++++++++++++++++++++++[0m| 
layer-sha256:13b7e930469f6d3575a320709035c6acf6f5485a76abcf03d1b92a64c09c2476:    done           |[32m++++++++++++++++++++++++++++++++++++++[0m| 
layer-sha256:7a854a832e188116cb1d9b5b49bd38ec6c14f9cb5f01c6a361be34100c8bc74f:    done           |[32m++++++++++++++++++++++++++++++++++++++[0m| 
config-sha256:5190f716715f5345e341773771de6922c052d908bed9b5c6716c2729e3f7f838:   done           |[32m++++++++++++++++++++++++++++++++++++++[0m| 
layer-sha256:450bb934662efe2c8c55922af96dfccb7cd62066a0861e11b9cc126c9592d6d7:    done           |[32m++++++++++++++++++++++++++++++++++++++[0m| 
layer-sha256:b1a8b2706032f9c0f354be0daa46f3da6643916a3373ee5d2792dd2def0151d1:    done           |[32m++++++++++++++++++++++++++++++++++++++[0m| 
layer-sha256:c9d6e0c99ce24603dd36eb31e04a1ec2198cade94b319ef4f50e1c4b7139b18d:    done           |[32m++++++++++++++++++++++++++++++++++++++[0m| 
layer-sha256:48c63a55731a94aca37cae003a86d51ad1bf47e899bd1a6aeac76bb8688740c7:    done           |[32m++++++++++++++++++++++++++++++++++++++[0m| 
layer-sha256:b82b65803c0f8b68befe91928aa62702de0d0fd47474132278568ae145485563:    done           |[32m++++++++++++++++++++++++++++++++++++++[0m| 
layer-sha256:4f4fb700ef54461cfa02571ae0db9a0dc1e0cdb5577484a6d75e68dc38e8acc1:    done           |[32m++++++++++++++++++++++++++++++++++++++[0m| 
layer-sha256:e59b44c60b0e4bef2712435bc1a530efe229ee8e4ce5e002fab156cab513cd4b:    done           |[32m++++++++++++++++++++++++++++++++++++++[0m| 
elapsed: 0.1 s                                                                    total:   0.0 B (0.0 B/s)                                         
unpacking linux/amd64 sha256:e5535e1de55850f21c75a82a6e8ae89197fa22a0482f167cd39ba9c6b64bfa82...
done: 18.859497ms	
time="2026-04-16T10:28:29Z" level=info msg="host will try HTTPS first since it is configured for HTTP with a TLS configuration, consider changing host to HTTPS or removing unused TLS configuration" host="192.168.122.110:5000"
time="2026-04-16T10:28:29Z" level=info msg="host will try HTTPS first since it is configured for HTTP with a TLS configuration, consider changing host to HTTPS or removing unused TLS configuration" host="192.168.122.110:5000"
time="2026-04-16T10:28:29Z" level=warning msg="skip to append distribution label: label key and value length (4112 bytes) greater than maximum size (4096 bytes), key: containerd.io/distribution.source.192.168.122.110: invalid argument"
time="2026-04-16T10:28:29Z" level=warning msg="skip to append distribution label: label key and value length (4112 bytes) greater than maximum size (4096 bytes), key: containerd.io/distribution.source.192.168.122.110: invalid argument"
time="2026-04-16T10:28:29Z" level=warning msg="skip to append distribution label: label key and value length (4112 bytes) greater than maximum size (4096 bytes), key: containerd.io/distribution.source.192.168.122.110: invalid argument"
time="2026-04-16T10:28:29Z" level=warning msg="skip to append distribution label: label key and value length (4112 bytes) greater than maximum size (4096 bytes), key: containerd.io/distribution.source.192.168.122.110: invalid argument"
time="2026-04-16T10:28:29Z" level=warning msg="skip to append distribution label: label key and value length (4112 bytes) greater than maximum size (4096 bytes), key: containerd.io/distribution.source.192.168.122.110: invalid argument"
time="2026-04-16T10:28:29Z" level=warning msg="skip to append distribution label: label key and value length (4110 bytes) greater than maximum size (4096 bytes), key: containerd.io/distribution.source.192.168.122.110: invalid argument"
time="2026-04-16T10:28:29Z" level=warning msg="skip to append distribution label: label key and value length (4112 bytes) greater than maximum size (4096 bytes), key: containerd.io/distribution.source.192.168.122.110: invalid argument"
time="2026-04-16T10:28:29Z" level=warning msg="skip to append distribution label: label key and value length (4112 bytes) greater than maximum size (4096 bytes), key: containerd.io/distribution.source.192.168.122.110: invalid argument"
192.168.122.110:5000/brdnode_1277_r83:latest:                                     resolved       |[32m++++++++++++++++++++++++++++++++++++++[0m| 
index-sha256:2ced0ad339b41b42f8d5a19852696e4345cd9c62ed137c99b02c3a9c4e9c7211:    done           |[32m++++++++++++++++++++++++++++++++++++++[0m| 
manifest-sha256:1a668a35eed4dc6fcacd7f6376d8e6ae2c2013c3a9c8811d2026d88e48ce0554: done           |[32m++++++++++++++++++++++++++++++++++++++[0m| 
config-sha256:07f4119a3ef7edefff83fe93933675a95ddbd5082190ce9fcbcb53f69e107ba2:   done           |[32m++++++++++++++++++++++++++++++++++++++[0m| 
layer-sha256:e59b44c60b0e4bef2712435bc1a530efe229ee8e4ce5e002fab156cab513cd4b:    done           |[32m++++++++++++++++++++++++++++++++++++++[0m| 
layer-sha256:c954e5f88d9d9be1ed732898db6841e22d90078a4c76cf4717c4cc7edc74403e:    done           |[32m++++++++++++++++++++++++++++++++++++++[0m| 
layer-sha256:8249d559303a4dfe0063b6df1fcf4d69c06aaeab0f755a158a307c020cafe360:    done           |[32m++++++++++++++++++++++++++++++++++++++[0m| 
layer-sha256:4accf72faab4ddbb011f63fff24e0656cd1cc9c9ad5293f7e7c0eaf80ed2872f:    done           |[32m++++++++++++++++++++++++++++++++++++++[0m| 
layer-sha256:450bb934662efe2c8c55922af96dfccb7cd62066a0861e11b9cc126c9592d6d7:    done           |[32m++++++++++++++++++++++++++++++++++++++[0m| 
layer-sha256:b1a8b2706032f9c0f354be0daa46f3da6643916a3373ee5d2792dd2def0151d1:    done           |[32m++++++++++++++++++++++++++++++++++++++[0m| 
layer-sha256:3e740608074eeae180aa78f7de93f4e3f506d73c145d279e73868329fd903bd1:    done           |[32m++++++++++++++++++++++++++++++++++++++[0m| 
layer-sha256:7a854a832e188116cb1d9b5b49bd38ec6c14f9cb5f01c6a361be34100c8bc74f:    done           |[32m++++++++++++++++++++++++++++++++++++++[0m| 
layer-sha256:8a29a47395cd3a02d8340f4325004f6ec371681754e5efa24afced2dbdd64272:    done           |[32m++++++++++++++++++++++++++++++++++++++[0m| 
layer-sha256:4f4fb700ef54461cfa02571ae0db9a0dc1e0cdb5577484a6d75e68dc38e8acc1:    done           |[32m++++++++++++++++++++++++++++++++++++++[0m| 
layer-sha256:6d276ce422a8ba583a2c60224b58e6918e420c3e3f6b8a526dde2016c336ba3d:    done           |[32m++++++++++++++++++++++++++++++++++++++[0m| 
layer-sha256:64a5d8258ce2b42e67330b08d63621bb09cc797b102a21bad4732b2383fa04c0:    done           |[32m++++++++++++++++++++++++++++++++++++++[0m| 
layer-sha256:13b7e930469f6d3575a320709035c6acf6f5485a76abcf03d1b92a64c09c2476:    done           |[32m++++++++++++++++++++++++++++++++++++++[0m| 
layer-sha256:4d876110e9f07be4da743c6b4a23e234c19bf63dfc960a498be8e9237c8b4188:    done           |[32m++++++++++++++++++++++++++++++++++++++[0m| 
layer-sha256:591f3255bed4f0b4aeab1dc022bba37582872558bec7a568bddba6fa6de93df7:    done           |[32m++++++++++++++++++++++++++++++++++++++[0m| 
layer-sha256:cccfda8302d25ddfeab515c6c1bb1fb1d5c2f99bbb92a73d3fb31f6efee74fca:    done           |[32m++++++++++++++++++++++++++++++++++++++[0m| 
layer-sha256:392f409d5fe35f6473410ae579a50af081d271555d1b6fdd961762f1edcf7da4:    done           |[32m++++++++++++++++++++++++++++++++++++++[0m| 
layer-sha256:2229323296fd0788580520d9635c12357eabeefb98b33f80240f26f398fd9977:    done           |[32m++++++++++++++++++++++++++++++++++++++[0m| 
layer-sha256:34608cb22405250243a5e45518fb618d0bea826f8171514b271e7e4c1bef2752:    done           |[32m++++++++++++++++++++++++++++++++++++++[0m| 
layer-sha256:9f441ad30abc48467a6b8a9cda7188811487d4620338337f923a3f1595f847ba:    done           |[32m++++++++++++++++++++++++++++++++++++++[0m| 
layer-sha256:739c432f0ad1ab8c02c47e93ef9947c168983a8da6e24ca09dc376eed5080937:    done           |[32m++++++++++++++++++++++++++++++++++++++[0m| 
layer-sha256:48c63a55731a94aca37cae003a86d51ad1bf47e899bd1a6aeac76bb8688740c7:    done           |[32m++++++++++++++++++++++++++++++++++++++[0m| 
elapsed: 0.1 s                                                                    total:   0.0 B (0.0 B/s)                                         
unpacking linux/amd64 sha256:2ced0ad339b41b42f8d5a19852696e4345cd9c62ed137c99b02c3a9c4e9c7211...
done: 19.372129ms	
time="2026-04-16T10:28:30Z" level=info msg="host will try HTTPS first since it is configured for HTTP with a TLS configuration, consider changing host to HTTPS or removing unused TLS configuration" host="192.168.122.110:5000"
time="2026-04-16T10:28:30Z" level=info msg="host will try HTTPS first since it is configured for HTTP with a TLS configuration, consider changing host to HTTPS or removing unused TLS configuration" host="192.168.122.110:5000"
192.168.122.110:5000/brdnode_1277_r8:latest:                                      resolved       |[32m++++++++++++++++++++++++++++++++++++++[0m| 
index-sha256:85ca94afeccb675662ea90bba1d1d9378b027e4d11e4108e69f95fc8ff2091dd:    done           |[32m++++++++++++++++++++++++++++++++++++++[0m| 
manifest-sha256:d02945be8fbe24bb1a3e7fefe35a72d617f4e342050c8a9a659787945ec179c9: done           |[32m++++++++++++++++++++++++++++++++++++++[0m| 
layer-sha256:b7493d54b16da86b85ce42ac5753edf0df307d2d27464c8d8708def78642d92c:    done           |[32m++++++++++++++++++++++++++++++++++++++[0m| 
layer-sha256:450bb934662efe2c8c55922af96dfccb7cd62066a0861e11b9cc126c9592d6d7:    done           |[32m++++++++++++++++++++++++++++++++++++++[0m| 
layer-sha256:c954e5f88d9d9be1ed732898db6841e22d90078a4c76cf4717c4cc7edc74403e:    done           |[32m++++++++++++++++++++++++++++++++++++++[0m| 
layer-sha256:13b7e930469f6d3575a320709035c6acf6f5485a76abcf03d1b92a64c09c2476:    done           |[32m++++++++++++++++++++++++++++++++++++++[0m| 
layer-sha256:4accf72faab4ddbb011f63fff24e0656cd1cc9c9ad5293f7e7c0eaf80ed2872f:    done           |[32m++++++++++++++++++++++++++++++++++++++[0m| 
layer-sha256:8a29a47395cd3a02d8340f4325004f6ec371681754e5efa24afced2dbdd64272:    done           |[32m++++++++++++++++++++++++++++++++++++++[0m| 
layer-sha256:e59b44c60b0e4bef2712435bc1a530efe229ee8e4ce5e002fab156cab513cd4b:    done           |[32m++++++++++++++++++++++++++++++++++++++[0m| 
layer-sha256:34608cb22405250243a5e45518fb618d0bea826f8171514b271e7e4c1bef2752:    done           |[32m++++++++++++++++++++++++++++++++++++++[0m| 
layer-sha256:b1a8b2706032f9c0f354be0daa46f3da6643916a3373ee5d2792dd2def0151d1:    done           |[32m++++++++++++++++++++++++++++++++++++++[0m| 
layer-sha256:3e740608074eeae180aa78f7de93f4e3f506d73c145d279e73868329fd903bd1:    done           |[32m++++++++++++++++++++++++++++++++++++++[0m| 
config-sha256:9550365f0033d16b1b287594d3741e8ed2d58d2364e3f0b1d4135433bb9dda6f:   done           |[32m++++++++++++++++++++++++++++++++++++++[0m| 
layer-sha256:2229323296fd0788580520d9635c12357eabeefb98b33f80240f26f398fd9977:    done           |[32m++++++++++++++++++++++++++++++++++++++[0m| 
layer-sha256:7a854a832e188116cb1d9b5b49bd38ec6c14f9cb5f01c6a361be34100c8bc74f:    done           |[32m++++++++++++++++++++++++++++++++++++++[0m| 
layer-sha256:4f4fb700ef54461cfa02571ae0db9a0dc1e0cdb5577484a6d75e68dc38e8acc1:    done           |[32m++++++++++++++++++++++++++++++++++++++[0m| 
layer-sha256:a204bc3e2da2aa030103ae728c4e2ff965a5d10029c43931004a546f31996928:    done           |[32m++++++++++++++++++++++++++++++++++++++[0m| 
layer-sha256:48c63a55731a94aca37cae003a86d51ad1bf47e899bd1a6aeac76bb8688740c7:    done           |[32m++++++++++++++++++++++++++++++++++++++[0m| 
layer-sha256:6a1ce62852df8fca9bce91781fe55f742a1919083d7a1fa47ba1c377acf89676:    done           |[32m++++++++++++++++++++++++++++++++++++++[0m| 
layer-sha256:861e9444e8f1451ae36e9eb2d8bbb1880a52e3d785fd71d28676d52b8bd095ee:    done           |[32m++++++++++++++++++++++++++++++++++++++[0m| 
layer-sha256:80d95ddc8752c77a94c031e869847a5bba46ec3e3430563037197db914d02a46:    done           |[32m++++++++++++++++++++++++++++++++++++++[0m| 
layer-sha256:dfaa4c6af2c09dea25c1c312401b66e5ef51af34a8781ff0dbf91f49b14c480c:    done           |[32m++++++++++++++++++++++++++++++++++++++[0m| 
layer-sha256:9f441ad30abc48467a6b8a9cda7188811487d4620338337f923a3f1595f847ba:    done           |[32m++++++++++++++++++++++++++++++++++++++[0m| 
layer-sha256:64a5d8258ce2b42e67330b08d63621bb09cc797b102a21bad4732b2383fa04c0:    done           |[32m++++++++++++++++++++++++++++++++++++++[0m| 
layer-sha256:464c6dcb50047bb7ccb198e320dd75e13536c1ba114d9d9a23e342b2e3c4e497:    done           |[32m++++++++++++++++++++++++++++++++++++++[0m| 
elapsed: 0.1 s                                                                    total:   0.0 B (0.0 B/s)                                         
unpacking linux/amd64 sha256:85ca94afeccb675662ea90bba1d1d9378b027e4d11e4108e69f95fc8ff2091dd...
done: 31.704634ms	
time="2026-04-16T10:28:30Z" level=info msg="host will try HTTPS first since it is configured for HTTP with a TLS configuration, consider changing host to HTTPS or removing unused TLS configuration" host="192.168.122.110:5000"
time="2026-04-16T10:28:30Z" level=info msg="host will try HTTPS first since it is configured for HTTP with a TLS configuration, consider changing host to HTTPS or removing unused TLS configuration" host="192.168.122.110:5000"
time="2026-04-16T10:28:30Z" level=warning msg="skip to append distribution label: label key and value length (4112 bytes) greater than maximum size (4096 bytes), key: containerd.io/distribution.source.192.168.122.110: invalid argument"
time="2026-04-16T10:28:30Z" level=warning msg="skip to append distribution label: label key and value length (4112 bytes) greater than maximum size (4096 bytes), key: containerd.io/distribution.source.192.168.122.110: invalid argument"
time="2026-04-16T10:28:30Z" level=warning msg="skip to append distribution label: label key and value length (4112 bytes) greater than maximum size (4096 bytes), key: containerd.io/distribution.source.192.168.122.110: invalid argument"
time="2026-04-16T10:28:30Z" level=warning msg="skip to append distribution label: label key and value length (4112 bytes) greater than maximum size (4096 bytes), key: containerd.io/distribution.source.192.168.122.110: invalid argument"
time="2026-04-16T10:28:30Z" level=warning msg="skip to append distribution label: label key and value length (4112 bytes) greater than maximum size (4096 bytes), key: containerd.io/distribution.source.192.168.122.110: invalid argument"
time="2026-04-16T10:28:30Z" level=warning msg="skip to append distribution label: label key and value length (4112 bytes) greater than maximum size (4096 bytes), key: containerd.io/distribution.source.192.168.122.110: invalid argument"
time="2026-04-16T10:28:30Z" level=warning msg="skip to append distribution label: label key and value length (4112 bytes) greater than maximum size (4096 bytes), key: containerd.io/distribution.source.192.168.122.110: invalid argument"
time="2026-04-16T10:28:30Z" level=warning msg="skip to append distribution label: label key and value length (4110 bytes) greater than maximum size (4096 bytes), key: containerd.io/distribution.source.192.168.122.110: invalid argument"
192.168.122.110:5000/brdnode_1277_r94:latest:                                     resolved       |[32m++++++++++++++++++++++++++++++++++++++[0m| 
index-sha256:f931c80f9a40c4d5fb70fb15815cdfdf4a2fd3c01efa5ea9119ab47e1f20279b:    done           |[32m++++++++++++++++++++++++++++++++++++++[0m| 
manifest-sha256:cd88f02673b7e0bfb2a42ec45449e1c1abe96013a8ce6e29f5771128bd044a73: done           |[32m++++++++++++++++++++++++++++++++++++++[0m| 
layer-sha256:c954e5f88d9d9be1ed732898db6841e22d90078a4c76cf4717c4cc7edc74403e:    done           |[32m++++++++++++++++++++++++++++++++++++++[0m| 
layer-sha256:f1ccb6f20120bcffa8e30d9986722d65b890a48e09bcf960ab657f822e180d03:    done           |[32m++++++++++++++++++++++++++++++++++++++[0m| 
layer-sha256:e59b44c60b0e4bef2712435bc1a530efe229ee8e4ce5e002fab156cab513cd4b:    done           |[32m++++++++++++++++++++++++++++++++++++++[0m| 
config-sha256:038dd4e1f217b0ef4d7f8fbc5a334d0aaa042df3d942fa8cb577a88836bfbf66:   done           |[32m++++++++++++++++++++++++++++++++++++++[0m| 
layer-sha256:b1a8b2706032f9c0f354be0daa46f3da6643916a3373ee5d2792dd2def0151d1:    done           |[32m++++++++++++++++++++++++++++++++++++++[0m| 
layer-sha256:13b7e930469f6d3575a320709035c6acf6f5485a76abcf03d1b92a64c09c2476:    done           |[32m++++++++++++++++++++++++++++++++++++++[0m| 
layer-sha256:a318e53c5573e2aa4ed3600eaf459263f9eeb3423931b6fb55ac76d785e654d7:    done           |[32m++++++++++++++++++++++++++++++++++++++[0m| 
layer-sha256:4accf72faab4ddbb011f63fff24e0656cd1cc9c9ad5293f7e7c0eaf80ed2872f:    done           |[32m++++++++++++++++++++++++++++++++++++++[0m| 
layer-sha256:34608cb22405250243a5e45518fb618d0bea826f8171514b271e7e4c1bef2752:    done           |[32m++++++++++++++++++++++++++++++++++++++[0m| 
layer-sha256:3e740608074eeae180aa78f7de93f4e3f506d73c145d279e73868329fd903bd1:    done           |[32m++++++++++++++++++++++++++++++++++++++[0m| 
layer-sha256:2229323296fd0788580520d9635c12357eabeefb98b33f80240f26f398fd9977:    done           |[32m++++++++++++++++++++++++++++++++++++++[0m| 
layer-sha256:7a854a832e188116cb1d9b5b49bd38ec6c14f9cb5f01c6a361be34100c8bc74f:    done           |[32m++++++++++++++++++++++++++++++++++++++[0m| 
layer-sha256:8a29a47395cd3a02d8340f4325004f6ec371681754e5efa24afced2dbdd64272:    done           |[32m++++++++++++++++++++++++++++++++++++++[0m| 
layer-sha256:89c245ad015391587e4e710a40dbb6513f3170218e2c08635cc6523156b55106:    done           |[32m++++++++++++++++++++++++++++++++++++++[0m| 
layer-sha256:450bb934662efe2c8c55922af96dfccb7cd62066a0861e11b9cc126c9592d6d7:    done           |[32m++++++++++++++++++++++++++++++++++++++[0m| 
layer-sha256:3ba4245b976c98c7e8afb99f4bd47070d706a2333b5473915dc8c6ec5d1589dc:    done           |[32m++++++++++++++++++++++++++++++++++++++[0m| 
layer-sha256:6a45936f2d20ee6f3609bc13040fed37dd70be71324afa401298d42d40fff75c:    done           |[32m++++++++++++++++++++++++++++++++++++++[0m| 
layer-sha256:4f4fb700ef54461cfa02571ae0db9a0dc1e0cdb5577484a6d75e68dc38e8acc1:    done           |[32m++++++++++++++++++++++++++++++++++++++[0m| 
layer-sha256:64a5d8258ce2b42e67330b08d63621bb09cc797b102a21bad4732b2383fa04c0:    done           |[32m++++++++++++++++++++++++++++++++++++++[0m| 
layer-sha256:d408aeac35cbc6be0eb4a6e3f3ec694cad1f8d651bab55d16ff2f255a89f15ea:    done           |[32m++++++++++++++++++++++++++++++++++++++[0m| 
layer-sha256:a2c32a3624d28e22509f57689ceedd4e07732d2be58bb55c4ecdd0a5f4845c16:    done           |[32m++++++++++++++++++++++++++++++++++++++[0m| 
layer-sha256:9f441ad30abc48467a6b8a9cda7188811487d4620338337f923a3f1595f847ba:    done           |[32m++++++++++++++++++++++++++++++++++++++[0m| 
layer-sha256:48c63a55731a94aca37cae003a86d51ad1bf47e899bd1a6aeac76bb8688740c7:    done           |[32m++++++++++++++++++++++++++++++++++++++[0m| 
elapsed: 0.1 s                                                                    total:   0.0 B (0.0 B/s)                                         
unpacking linux/amd64 sha256:f931c80f9a40c4d5fb70fb15815cdfdf4a2fd3c01efa5ea9119ab47e1f20279b...
done: 21.269873ms	
time="2026-04-16T10:28:31Z" level=info msg="host will try HTTPS first since it is configured for HTTP with a TLS configuration, consider changing host to HTTPS or removing unused TLS configuration" host="192.168.122.110:5000"
time="2026-04-16T10:28:31Z" level=info msg="host will try HTTPS first since it is configured for HTTP with a TLS configuration, consider changing host to HTTPS or removing unused TLS configuration" host="192.168.122.110:5000"
time="2026-04-16T10:28:31Z" level=warning msg="skip to append distribution label: label key and value length (4112 bytes) greater than maximum size (4096 bytes), key: containerd.io/distribution.source.192.168.122.110: invalid argument"
time="2026-04-16T10:28:31Z" level=warning msg="skip to append distribution label: label key and value length (4112 bytes) greater than maximum size (4096 bytes), key: containerd.io/distribution.source.192.168.122.110: invalid argument"
time="2026-04-16T10:28:31Z" level=warning msg="skip to append distribution label: label key and value length (4110 bytes) greater than maximum size (4096 bytes), key: containerd.io/distribution.source.192.168.122.110: invalid argument"
time="2026-04-16T10:28:31Z" level=warning msg="skip to append distribution label: label key and value length (4112 bytes) greater than maximum size (4096 bytes), key: containerd.io/distribution.source.192.168.122.110: invalid argument"
time="2026-04-16T10:28:31Z" level=warning msg="skip to append distribution label: label key and value length (4112 bytes) greater than maximum size (4096 bytes), key: containerd.io/distribution.source.192.168.122.110: invalid argument"
time="2026-04-16T10:28:31Z" level=warning msg="skip to append distribution label: label key and value length (4112 bytes) greater than maximum size (4096 bytes), key: containerd.io/distribution.source.192.168.122.110: invalid argument"
time="2026-04-16T10:28:31Z" level=warning msg="skip to append distribution label: label key and value length (4112 bytes) greater than maximum size (4096 bytes), key: containerd.io/distribution.source.192.168.122.110: invalid argument"
time="2026-04-16T10:28:31Z" level=warning msg="skip to append distribution label: label key and value length (4112 bytes) greater than maximum size (4096 bytes), key: containerd.io/distribution.source.192.168.122.110: invalid argument"
192.168.122.110:5000/brdnode_1277_r96:latest:                                     resolved       |[32m++++++++++++++++++++++++++++++++++++++[0m| 
index-sha256:c2d4b5386bc7b3e05d4a079de1614bb8b17dd21152eb13266d3e58ee4392f802:    done           |[32m++++++++++++++++++++++++++++++++++++++[0m| 
manifest-sha256:0f2b2aebc87c96beee77effcd71947910c9755f1cddefb6723abf5b92caf9c3e: done           |[32m++++++++++++++++++++++++++++++++++++++[0m| 
layer-sha256:64a5d8258ce2b42e67330b08d63621bb09cc797b102a21bad4732b2383fa04c0:    done           |[32m++++++++++++++++++++++++++++++++++++++[0m| 
layer-sha256:63a35542fbcdaf4a9b4a159ff1186a66c005ad2e8f60ad16911d89188a88dcc2:    done           |[32m++++++++++++++++++++++++++++++++++++++[0m| 
layer-sha256:ede6a806ea94dcd2c100660a9b529ec7f1fc24157a0c7b592982eebdb3adaa3a:    done           |[32m++++++++++++++++++++++++++++++++++++++[0m| 
layer-sha256:2229323296fd0788580520d9635c12357eabeefb98b33f80240f26f398fd9977:    done           |[32m++++++++++++++++++++++++++++++++++++++[0m| 
layer-sha256:4accf72faab4ddbb011f63fff24e0656cd1cc9c9ad5293f7e7c0eaf80ed2872f:    done           |[32m++++++++++++++++++++++++++++++++++++++[0m| 
layer-sha256:8a29a47395cd3a02d8340f4325004f6ec371681754e5efa24afced2dbdd64272:    done           |[32m++++++++++++++++++++++++++++++++++++++[0m| 
layer-sha256:7a854a832e188116cb1d9b5b49bd38ec6c14f9cb5f01c6a361be34100c8bc74f:    done           |[32m++++++++++++++++++++++++++++++++++++++[0m| 
layer-sha256:e59b44c60b0e4bef2712435bc1a530efe229ee8e4ce5e002fab156cab513cd4b:    done           |[32m++++++++++++++++++++++++++++++++++++++[0m| 
layer-sha256:932bfd3dffb422387cac4c323adf0b0e19f23bd4ba40704031adc7326cc8a61c:    done           |[32m++++++++++++++++++++++++++++++++++++++[0m| 
layer-sha256:8e3f90c801a39a3827668eaa83d05e90345cb2803e983795a079aa9683a3ca3a:    done           |[32m++++++++++++++++++++++++++++++++++++++[0m| 
layer-sha256:4f4fb700ef54461cfa02571ae0db9a0dc1e0cdb5577484a6d75e68dc38e8acc1:    done           |[32m++++++++++++++++++++++++++++++++++++++[0m| 
config-sha256:ffaddeec638c0632fcacd0248fa4bcdd7fa631d38003496710d592ba3f2de992:   done           |[32m++++++++++++++++++++++++++++++++++++++[0m| 
layer-sha256:e6114ef119dd16d4451112c0664fa67977173eff4af71582340154555191d8ee:    done           |[32m++++++++++++++++++++++++++++++++++++++[0m| 
layer-sha256:13b7e930469f6d3575a320709035c6acf6f5485a76abcf03d1b92a64c09c2476:    done           |[32m++++++++++++++++++++++++++++++++++++++[0m| 
layer-sha256:b1a8b2706032f9c0f354be0daa46f3da6643916a3373ee5d2792dd2def0151d1:    done           |[32m++++++++++++++++++++++++++++++++++++++[0m| 
layer-sha256:3513b7b695cf8abd08be903f579f1d8f6a98442365ea000b82b91c41b3d81ee9:    done           |[32m++++++++++++++++++++++++++++++++++++++[0m| 
layer-sha256:34608cb22405250243a5e45518fb618d0bea826f8171514b271e7e4c1bef2752:    done           |[32m++++++++++++++++++++++++++++++++++++++[0m| 
layer-sha256:48c63a55731a94aca37cae003a86d51ad1bf47e899bd1a6aeac76bb8688740c7:    done           |[32m++++++++++++++++++++++++++++++++++++++[0m| 
layer-sha256:21a88646b3a1a0e157e8aa67a6a4e75a9d45e762b9ca0b212f67fc15d56b98a0:    done           |[32m++++++++++++++++++++++++++++++++++++++[0m| 
layer-sha256:450bb934662efe2c8c55922af96dfccb7cd62066a0861e11b9cc126c9592d6d7:    done           |[32m++++++++++++++++++++++++++++++++++++++[0m| 
layer-sha256:c954e5f88d9d9be1ed732898db6841e22d90078a4c76cf4717c4cc7edc74403e:    done           |[32m++++++++++++++++++++++++++++++++++++++[0m| 
layer-sha256:9f441ad30abc48467a6b8a9cda7188811487d4620338337f923a3f1595f847ba:    done           |[32m++++++++++++++++++++++++++++++++++++++[0m| 
layer-sha256:3e740608074eeae180aa78f7de93f4e3f506d73c145d279e73868329fd903bd1:    done           |[32m++++++++++++++++++++++++++++++++++++++[0m| 
elapsed: 0.1 s                                                                    total:   0.0 B (0.0 B/s)                                         
unpacking linux/amd64 sha256:c2d4b5386bc7b3e05d4a079de1614bb8b17dd21152eb13266d3e58ee4392f802...
done: 23.613531ms	
time="2026-04-16T10:28:32Z" level=info msg="host will try HTTPS first since it is configured for HTTP with a TLS configuration, consider changing host to HTTPS or removing unused TLS configuration" host="192.168.122.110:5000"
time="2026-04-16T10:28:32Z" level=info msg="host will try HTTPS first since it is configured for HTTP with a TLS configuration, consider changing host to HTTPS or removing unused TLS configuration" host="192.168.122.110:5000"
time="2026-04-16T10:28:32Z" level=warning msg="skip to append distribution label: label key and value length (4110 bytes) greater than maximum size (4096 bytes), key: containerd.io/distribution.source.192.168.122.110: invalid argument"
time="2026-04-16T10:28:32Z" level=warning msg="skip to append distribution label: label key and value length (4112 bytes) greater than maximum size (4096 bytes), key: containerd.io/distribution.source.192.168.122.110: invalid argument"
time="2026-04-16T10:28:32Z" level=warning msg="skip to append distribution label: label key and value length (4112 bytes) greater than maximum size (4096 bytes), key: containerd.io/distribution.source.192.168.122.110: invalid argument"
time="2026-04-16T10:28:32Z" level=warning msg="skip to append distribution label: label key and value length (4112 bytes) greater than maximum size (4096 bytes), key: containerd.io/distribution.source.192.168.122.110: invalid argument"
time="2026-04-16T10:28:32Z" level=warning msg="skip to append distribution label: label key and value length (4112 bytes) greater than maximum size (4096 bytes), key: containerd.io/distribution.source.192.168.122.110: invalid argument"
time="2026-04-16T10:28:32Z" level=warning msg="skip to append distribution label: label key and value length (4112 bytes) greater than maximum size (4096 bytes), key: containerd.io/distribution.source.192.168.122.110: invalid argument"
time="2026-04-16T10:28:32Z" level=warning msg="skip to append distribution label: label key and value length (4112 bytes) greater than maximum size (4096 bytes), key: containerd.io/distribution.source.192.168.122.110: invalid argument"
time="2026-04-16T10:28:32Z" level=warning msg="skip to append distribution label: label key and value length (4112 bytes) greater than maximum size (4096 bytes), key: containerd.io/distribution.source.192.168.122.110: invalid argument"
192.168.122.110:5000/brdnode_1277_r99:latest:                                     resolved       |[32m++++++++++++++++++++++++++++++++++++++[0m| 
index-sha256:c6bb325fe74c953c944ae584b2a9591de00a6cc0ecc86ae6b8a5531b3774a019:    done           |[32m++++++++++++++++++++++++++++++++++++++[0m| 
manifest-sha256:fe734b59ba440418a09fc392b7b548bab68d667e98abff47d03be6c2a93df478: done           |[32m++++++++++++++++++++++++++++++++++++++[0m| 
config-sha256:d3a603eea4a6130611175492da0b21e4185b58fa080c211e5464dcdd86b73621:   done           |[32m++++++++++++++++++++++++++++++++++++++[0m| 
layer-sha256:19900a9f4fc80014fb7a104c53069bed820d31f7cc445cfb2f1b14be9469fe1b:    done           |[32m++++++++++++++++++++++++++++++++++++++[0m| 
layer-sha256:ad09e7005d4d04530ebe0240ed30d3eb47f4586c32b8e9cf5432c2ab0ad56505:    done           |[32m++++++++++++++++++++++++++++++++++++++[0m| 
layer-sha256:bdd891cb4c7e4a4be0c6b61bca3f9eef36bfc50d731dcd77d0025b91122a1aff:    done           |[32m++++++++++++++++++++++++++++++++++++++[0m| 
layer-sha256:b1a8b2706032f9c0f354be0daa46f3da6643916a3373ee5d2792dd2def0151d1:    done           |[32m++++++++++++++++++++++++++++++++++++++[0m| 
layer-sha256:dfedea44f296961ef886e741873736a916e8ade74cfc6c52e0928004f8cf3e75:    done           |[32m++++++++++++++++++++++++++++++++++++++[0m| 
layer-sha256:9f441ad30abc48467a6b8a9cda7188811487d4620338337f923a3f1595f847ba:    done           |[32m++++++++++++++++++++++++++++++++++++++[0m| 
layer-sha256:8a29a47395cd3a02d8340f4325004f6ec371681754e5efa24afced2dbdd64272:    done           |[32m++++++++++++++++++++++++++++++++++++++[0m| 
layer-sha256:3e740608074eeae180aa78f7de93f4e3f506d73c145d279e73868329fd903bd1:    done           |[32m++++++++++++++++++++++++++++++++++++++[0m| 
layer-sha256:4f4fb700ef54461cfa02571ae0db9a0dc1e0cdb5577484a6d75e68dc38e8acc1:    done           |[32m++++++++++++++++++++++++++++++++++++++[0m| 
layer-sha256:4accf72faab4ddbb011f63fff24e0656cd1cc9c9ad5293f7e7c0eaf80ed2872f:    done           |[32m++++++++++++++++++++++++++++++++++++++[0m| 
layer-sha256:c2dbd9364114ed791e26431ebcf0e1aa9d48c1f95245d92c6c19ef6b1ebffb6b:    done           |[32m++++++++++++++++++++++++++++++++++++++[0m| 
layer-sha256:e59b44c60b0e4bef2712435bc1a530efe229ee8e4ce5e002fab156cab513cd4b:    done           |[32m++++++++++++++++++++++++++++++++++++++[0m| 
layer-sha256:64a5d8258ce2b42e67330b08d63621bb09cc797b102a21bad4732b2383fa04c0:    done           |[32m++++++++++++++++++++++++++++++++++++++[0m| 
layer-sha256:2229323296fd0788580520d9635c12357eabeefb98b33f80240f26f398fd9977:    done           |[32m++++++++++++++++++++++++++++++++++++++[0m| 
layer-sha256:48c63a55731a94aca37cae003a86d51ad1bf47e899bd1a6aeac76bb8688740c7:    done           |[32m++++++++++++++++++++++++++++++++++++++[0m| 
layer-sha256:7c391fcae0b4b3d4973999caddd6d3725d8168e02ae5cb6c6eea38248d9c0db3:    done           |[32m++++++++++++++++++++++++++++++++++++++[0m| 
layer-sha256:34608cb22405250243a5e45518fb618d0bea826f8171514b271e7e4c1bef2752:    done           |[32m++++++++++++++++++++++++++++++++++++++[0m| 
layer-sha256:13b7e930469f6d3575a320709035c6acf6f5485a76abcf03d1b92a64c09c2476:    done           |[32m++++++++++++++++++++++++++++++++++++++[0m| 
layer-sha256:450bb934662efe2c8c55922af96dfccb7cd62066a0861e11b9cc126c9592d6d7:    done           |[32m++++++++++++++++++++++++++++++++++++++[0m| 
layer-sha256:c954e5f88d9d9be1ed732898db6841e22d90078a4c76cf4717c4cc7edc74403e:    done           |[32m++++++++++++++++++++++++++++++++++++++[0m| 
layer-sha256:2a7ef8bbe0cdfca3e68430fc903a71604ca8b47f9347c02dbbfa27917a12c241:    done           |[32m++++++++++++++++++++++++++++++++++++++[0m| 
layer-sha256:7a854a832e188116cb1d9b5b49bd38ec6c14f9cb5f01c6a361be34100c8bc74f:    done           |[32m++++++++++++++++++++++++++++++++++++++[0m| 
elapsed: 0.1 s                                                                    total:   0.0 B (0.0 B/s)                                         
unpacking linux/amd64 sha256:c6bb325fe74c953c944ae584b2a9591de00a6cc0ecc86ae6b8a5531b3774a019...
done: 22.433437ms	
time="2026-04-16T10:28:33Z" level=info msg="host will try HTTPS first since it is configured for HTTP with a TLS configuration, consider changing host to HTTPS or removing unused TLS configuration" host="192.168.122.110:5000"
time="2026-04-16T10:28:33Z" level=info msg="host will try HTTPS first since it is configured for HTTP with a TLS configuration, consider changing host to HTTPS or removing unused TLS configuration" host="192.168.122.110:5000"
192.168.122.110:5000/brdnode_1277_r9:latest:                                      resolved       |[32m++++++++++++++++++++++++++++++++++++++[0m| 
index-sha256:9f853976019130876c15165d56324af02378297d5d8c6f829522fc4fecc7b433:    done           |[32m++++++++++++++++++++++++++++++++++++++[0m| 
manifest-sha256:5b152295d7cff67f1f7c48bbea38c9ceada32b7c4cf8104ef12aac33b56ccc56: done           |[32m++++++++++++++++++++++++++++++++++++++[0m| 
layer-sha256:b1a8b2706032f9c0f354be0daa46f3da6643916a3373ee5d2792dd2def0151d1:    done           |[32m++++++++++++++++++++++++++++++++++++++[0m| 
layer-sha256:4f4fb700ef54461cfa02571ae0db9a0dc1e0cdb5577484a6d75e68dc38e8acc1:    done           |[32m++++++++++++++++++++++++++++++++++++++[0m| 
layer-sha256:30ced3e965d2de75108edadc65c4fbc6ff456f8a54b3702f0ebac3e2784b1083:    done           |[32m++++++++++++++++++++++++++++++++++++++[0m| 
layer-sha256:9f441ad30abc48467a6b8a9cda7188811487d4620338337f923a3f1595f847ba:    done           |[32m++++++++++++++++++++++++++++++++++++++[0m| 
layer-sha256:450bb934662efe2c8c55922af96dfccb7cd62066a0861e11b9cc126c9592d6d7:    done           |[32m++++++++++++++++++++++++++++++++++++++[0m| 
layer-sha256:64a5d8258ce2b42e67330b08d63621bb09cc797b102a21bad4732b2383fa04c0:    done           |[32m++++++++++++++++++++++++++++++++++++++[0m| 
layer-sha256:17ec9554d3d9df83c5de762b0e75149a6a2298d3169c64ef02afae906b311273:    done           |[32m++++++++++++++++++++++++++++++++++++++[0m| 
layer-sha256:c954e5f88d9d9be1ed732898db6841e22d90078a4c76cf4717c4cc7edc74403e:    done           |[32m++++++++++++++++++++++++++++++++++++++[0m| 
layer-sha256:0f9d4d4391d619c0ac45f2bc90728c6ba536478cc3b4ca8372514246e6faf9f0:    done           |[32m++++++++++++++++++++++++++++++++++++++[0m| 
layer-sha256:3e740608074eeae180aa78f7de93f4e3f506d73c145d279e73868329fd903bd1:    done           |[32m++++++++++++++++++++++++++++++++++++++[0m| 
layer-sha256:6822b768a9088b7ac9d4530f29a436b3d6ccdefbad3c150c5cbac48931e771ea:    done           |[32m++++++++++++++++++++++++++++++++++++++[0m| 
layer-sha256:4accf72faab4ddbb011f63fff24e0656cd1cc9c9ad5293f7e7c0eaf80ed2872f:    done           |[32m++++++++++++++++++++++++++++++++++++++[0m| 
layer-sha256:34608cb22405250243a5e45518fb618d0bea826f8171514b271e7e4c1bef2752:    done           |[32m++++++++++++++++++++++++++++++++++++++[0m| 
layer-sha256:13b7e930469f6d3575a320709035c6acf6f5485a76abcf03d1b92a64c09c2476:    done           |[32m++++++++++++++++++++++++++++++++++++++[0m| 
layer-sha256:2229323296fd0788580520d9635c12357eabeefb98b33f80240f26f398fd9977:    done           |[32m++++++++++++++++++++++++++++++++++++++[0m| 
layer-sha256:8a29a47395cd3a02d8340f4325004f6ec371681754e5efa24afced2dbdd64272:    done           |[32m++++++++++++++++++++++++++++++++++++++[0m| 
config-sha256:7c1b50d5aba096c9da04b9e9667b2daaf18bb872e057bfd6566d8866b3ef37e7:   done           |[32m++++++++++++++++++++++++++++++++++++++[0m| 
layer-sha256:7a854a832e188116cb1d9b5b49bd38ec6c14f9cb5f01c6a361be34100c8bc74f:    done           |[32m++++++++++++++++++++++++++++++++++++++[0m| 
layer-sha256:64e53886d8fc852c6a4d0231eaee4757775dbdc442e80aae0ef52e98e6c7dc1d:    done           |[32m++++++++++++++++++++++++++++++++++++++[0m| 
layer-sha256:e59b44c60b0e4bef2712435bc1a530efe229ee8e4ce5e002fab156cab513cd4b:    done           |[32m++++++++++++++++++++++++++++++++++++++[0m| 
layer-sha256:be4c44e4f22abb741ec79968946d9a72c4cb8fe672f85b90f06169f59a867e45:    done           |[32m++++++++++++++++++++++++++++++++++++++[0m| 
layer-sha256:48c63a55731a94aca37cae003a86d51ad1bf47e899bd1a6aeac76bb8688740c7:    done           |[32m++++++++++++++++++++++++++++++++++++++[0m| 
layer-sha256:a0d051aedacf5cd46836bbe95b5f17321683b06594a26cd6e5bd36fa20fecc79:    done           |[32m++++++++++++++++++++++++++++++++++++++[0m| 
elapsed: 0.1 s                                                                    total:   0.0 B (0.0 B/s)                                         
unpacking linux/amd64 sha256:9f853976019130876c15165d56324af02378297d5d8c6f829522fc4fecc7b433...
done: 20.518422ms	
✅ seed-k3s-master preload completed
